timestamp,day_of_week,hour_of_day,is_weekend,requests_per_second,is_spike,baseline_active_instances,cpu_utilization_pct,response_time_ms,required_instances
2026-01-01 00:00:00,3,0,0,157.8,0,8,7.9,43.9,2
2026-01-01 00:05:00,3,0,0,148.3,0,8,7.4,43.7,2
2026-01-01 00:10:00,3,0,0,160.1,0,8,8.0,44.0,2
2026-01-01 00:15:00,3,0,0,173.2,0,8,8.7,44.3,2
2026-01-01 00:20:00,3,0,0,146.9,0,8,7.3,43.7,2
2026-01-01 00:25:00,3,0,0,146.9,0,8,7.3,43.7,2
2026-01-01 00:30:00,3,0,0,174.2,0,8,8.7,44.4,2
2026-01-01 00:35:00,3,0,0,162.0,0,8,8.1,44.0,2
2026-01-01 00:40:00,3,0,0,143.5,0,8,7.2,43.6,2
2026-01-01 00:45:00,3,0,0,158.8,0,8,7.9,44.0,2
2026-01-01 00:50:00,3,0,0,143.7,0,8,7.2,43.6,2
2026-01-01 00:55:00,3,0,0,143.7,0,8,7.2,43.6,2
2026-01-01 01:00:00,3,1,0,154.4,0,8,7.7,43.9,2
2026-01-01 01:05:00,3,1,0,122.1,0,8,6.1,43.1,2
2026-01-01 01:10:00,3,1,0,125.0,0,8,6.2,43.1,2
2026-01-01 01:15:00,3,1,0,142.5,0,8,7.1,43.6,2
2026-01-01 01:20:00,3,1,0,135.8,0,8,6.8,43.4,2
2026-01-01 01:25:00,3,1,0,155.8,0,8,7.8,43.9,2
2026-01-01 01:30:00,3,1,0,137.6,0,8,6.9,43.4,2
2026-01-01 01:35:00,3,1,0,130.1,0,8,6.5,43.3,2
2026-01-01 01:40:00,3,1,0,173.3,0,8,8.7,44.3,2
2026-01-01 01:45:00,3,1,0,148.1,0,8,7.4,43.7,2
2026-01-01 01:50:00,3,1,0,152.6,0,8,7.6,43.8,2
2026-01-01 01:55:00,3,1,0,130.3,0,8,6.5,43.3,2
2026-01-01 02:00:00,3,2,0,143.6,0,8,7.2,43.6,2
2026-01-01 02:05:00,3,2,0,153.6,0,8,7.7,43.8,2
2026-01-01 02:10:00,3,2,0,134.8,0,8,6.7,43.4,2
2026-01-01 02:15:00,3,2,0,157.8,0,8,7.9,43.9,2
2026-01-01 02:20:00,3,2,0,143.3,0,8,7.2,43.6,2
2026-01-01 02:25:00,3,2,0,148.1,0,8,7.4,43.7,2
2026-01-01 02:30:00,3,2,0,143.6,0,8,7.2,43.6,2
2026-01-01 02:35:00,3,2,0,180.6,0,8,9.0,44.5,2
2026-01-01 02:40:00,3,2,0,152.8,0,8,7.6,43.8,2
2026-01-01 02:45:00,3,2,0,137.4,0,8,6.9,43.4,2
2026-01-01 02:50:00,3,2,0,165.8,0,8,8.3,44.1,2
2026-01-01 02:55:00,3,2,0,135.3,0,8,6.8,43.4,2
2026-01-01 03:00:00,3,3,0,157.0,0,8,7.8,43.9,2
2026-01-01 03:05:00,3,3,0,124.7,0,8,6.2,43.1,2
2026-01-01 03:10:00,3,3,0,134.5,0,8,6.7,43.4,2
2026-01-01 03:15:00,3,3,0,157.6,0,8,7.9,43.9,2
2026-01-01 03:20:00,3,3,0,166.1,0,8,8.3,44.2,2
2026-01-01 03:25:00,3,3,0,157.9,0,8,7.9,43.9,2
2026-01-01 03:30:00,3,3,0,153.9,0,8,7.7,43.8,2
2026-01-01 03:35:00,3,3,0,151.4,0,8,7.6,43.8,2
2026-01-01 03:40:00,3,3,0,134.1,0,8,6.7,43.4,2
2026-01-01 03:45:00,3,3,0,145.9,0,8,7.3,43.6,2
2026-01-01 03:50:00,3,3,0,150.2,0,8,7.5,43.8,2
2026-01-01 03:55:00,3,3,0,173.4,0,8,8.7,44.3,2
2026-01-01 04:00:00,3,4,0,163.1,0,8,8.2,44.1,2
2026-01-01 04:05:00,3,4,0,132.0,0,8,6.6,43.3,2
2026-01-01 04:10:00,3,4,0,163.8,0,8,8.2,44.1,2
2026-01-01 04:15:00,3,4,0,153.7,0,8,7.7,43.8,2
2026-01-01 04:20:00,3,4,0,149.8,0,8,7.5,43.7,2
2026-01-01 04:25:00,3,4,0,169.7,0,8,8.5,44.2,2
2026-01-01 04:30:00,3,4,0,176.6,0,8,8.8,44.4,2
2026-01-01 04:35:00,3,4,0,175.8,0,8,8.8,44.4,2
2026-01-01 04:40:00,3,4,0,149.9,0,8,7.5,43.7,2
2026-01-01 04:45:00,3,4,0,158.5,0,8,7.9,44.0,2
2026-01-01 04:50:00,3,4,0,168.8,0,8,8.4,44.2,2
2026-01-01 04:55:00,3,4,0,179.2,0,8,9.0,44.5,2
2026-01-01 05:00:00,3,5,0,158.2,0,8,7.9,44.0,2
2026-01-01 05:05:00,3,5,0,163.4,0,8,8.2,44.1,2
2026-01-01 05:10:00,3,5,0,150.5,0,8,7.5,43.8,2
2026-01-01 05:15:00,3,5,0,150.0,0,8,7.5,43.8,2
2026-01-01 05:20:00,3,5,0,181.1,0,8,9.1,44.5,2
2026-01-01 05:25:00,3,5,0,190.2,0,8,9.5,44.8,2
2026-01-01 05:30:00,3,5,0,169.8,0,8,8.5,44.2,2
2026-01-01 05:35:00,3,5,0,187.0,0,8,9.4,44.7,2
2026-01-01 05:40:00,3,5,0,178.4,0,8,8.9,44.5,2
2026-01-01 05:45:00,3,5,0,164.5,0,8,8.2,44.1,2
2026-01-01 05:50:00,3,5,0,180.8,0,8,9.0,44.5,2
2026-01-01 05:55:00,3,5,0,199.6,0,8,10.0,45.0,2
2026-01-01 06:00:00,3,6,0,177.3,0,8,8.9,44.4,2
2026-01-01 06:05:00,3,6,0,202.6,0,8,10.1,45.1,2
2026-01-01 06:10:00,3,6,0,141.3,0,8,7.1,43.5,2
2026-01-01 06:15:00,3,6,0,194.3,0,8,9.7,44.9,2
2026-01-01 06:20:00,3,6,0,184.8,0,8,9.2,44.6,2
2026-01-01 06:25:00,3,6,0,180.5,0,8,9.0,44.5,2
2026-01-01 06:30:00,3,6,0,188.0,0,8,9.4,44.7,2
2026-01-01 06:35:00,3,6,0,158.4,0,8,7.9,44.0,2
2026-01-01 06:40:00,3,6,0,186.7,0,8,9.3,44.7,2
2026-01-01 06:45:00,3,6,0,197.1,0,8,9.9,44.9,2
2026-01-01 06:50:00,3,6,0,215.7,0,8,10.8,45.4,2
2026-01-01 06:55:00,3,6,0,187.7,0,8,9.4,44.7,2
2026-01-01 07:00:00,3,7,0,185.2,0,8,9.3,44.6,2
2026-01-01 07:05:00,3,7,0,191.8,0,8,9.6,44.8,2
2026-01-01 07:10:00,3,7,0,215.2,0,8,10.8,45.4,2
2026-01-01 07:15:00,3,7,0,208.5,0,8,10.4,45.2,2
2026-01-01 07:20:00,3,7,0,197.8,0,8,9.9,44.9,2
2026-01-01 07:25:00,3,7,0,215.7,0,8,10.8,45.4,2
2026-01-01 07:30:00,3,7,0,211.8,0,8,10.6,45.3,2
2026-01-01 07:35:00,3,7,0,227.3,0,8,11.4,45.7,2
2026-01-01 07:40:00,3,7,0,204.7,0,8,10.2,45.1,2
2026-01-01 07:45:00,3,7,0,212.8,0,8,10.6,45.3,2
2026-01-01 07:50:00,3,7,0,214.4,0,8,10.7,45.4,2
2026-01-01 07:55:00,3,7,0,201.0,0,8,10.0,45.0,2
2026-01-01 08:00:00,3,8,0,230.1,0,8,11.5,45.8,2
2026-01-01 08:05:00,3,8,0,232.4,0,8,11.6,45.8,2
2026-01-01 08:10:00,3,8,0,231.4,0,8,11.6,45.8,2
2026-01-01 08:15:00,3,8,0,230.8,0,8,11.5,45.8,2
2026-01-01 08:20:00,3,8,0,216.0,0,8,10.8,45.4,2
2026-01-01 08:25:00,3,8,0,234.0,0,8,11.7,45.8,2
2026-01-01 08:30:00,3,8,0,238.3,0,8,11.9,46.0,2
2026-01-01 08:35:00,3,8,0,234.6,0,8,11.7,45.9,2
2026-01-01 08:40:00,3,8,0,247.5,0,8,12.4,46.2,2
2026-01-01 08:45:00,3,8,0,259.3,0,8,13.0,46.5,2
2026-01-01 08:50:00,3,8,0,284.9,0,8,14.2,47.1,2
2026-01-01 08:55:00,3,8,0,262.7,0,8,13.1,46.6,2
2026-01-01 09:00:00,3,9,0,267.5,0,8,13.4,46.7,2
2026-01-01 09:05:00,3,9,0,266.1,0,8,13.3,46.7,2
2026-01-01 09:10:00,3,9,0,242.1,0,8,12.1,46.1,2
2026-01-01 09:15:00,3,9,0,274.2,0,8,13.7,46.9,2
2026-01-01 09:20:00,3,9,0,279.2,0,8,14.0,47.0,2
2026-01-01 09:25:00,3,9,0,319.1,0,8,16.0,48.0,2
2026-01-01 09:30:00,3,9,0,283.1,0,8,14.2,47.1,2
2026-01-01 09:35:00,3,9,0,294.4,0,8,14.7,47.4,2
2026-01-01 09:40:00,3,9,0,293.4,0,8,14.7,47.3,2
2026-01-01 09:45:00,3,9,0,280.4,0,8,14.0,47.0,2
2026-01-01 09:50:00,3,9,0,319.1,0,8,16.0,48.0,2
2026-01-01 09:55:00,3,9,0,317.4,0,8,15.9,47.9,2
2026-01-01 10:00:00,3,10,0,322.1,0,8,16.1,48.1,2
2026-01-01 10:05:00,3,10,0,300.8,0,8,15.0,47.5,2
2026-01-01 10:10:00,3,10,0,339.7,0,8,17.0,48.5,2
2026-01-01 10:15:00,3,10,0,301.9,0,8,15.1,47.5,2
2026-01-01 10:20:00,3,10,0,336.0,0,8,16.8,48.4,2
2026-01-01 10:25:00,3,10,0,364.4,0,8,18.2,49.1,2
2026-01-01 10:30:00,3,10,0,321.0,0,8,16.0,48.0,2
2026-01-01 10:35:00,3,10,0,331.8,0,8,16.6,48.3,2
2026-01-01 10:40:00,3,10,0,346.1,0,8,17.3,48.7,2
2026-01-01 10:45:00,3,10,0,341.5,0,8,17.1,48.5,2
2026-01-01 10:50:00,3,10,0,330.2,0,8,16.5,48.3,2
2026-01-01 10:55:00,3,10,0,358.9,0,8,17.9,49.0,2
2026-01-01 11:00:00,3,11,0,346.4,0,8,17.3,48.7,2
2026-01-01 11:05:00,3,11,0,373.8,0,8,18.7,49.3,2
2026-01-01 11:10:00,3,11,0,357.3,0,8,17.9,48.9,2
2026-01-01 11:15:00,3,11,0,398.8,0,8,19.9,50.0,3
2026-01-01 11:20:00,3,11,0,368.2,0,8,18.4,49.2,2
2026-01-01 11:25:00,3,11,0,379.5,0,8,19.0,49.5,3
2026-01-01 11:30:00,3,11,0,400.9,0,8,20.0,50.0,3
2026-01-01 11:35:00,3,11,0,374.6,0,8,18.7,49.4,2
2026-01-01 11:40:00,3,11,0,400.7,0,8,20.0,50.0,3
2026-01-01 11:45:00,3,11,0,421.2,0,8,21.1,50.5,3
2026-01-01 11:50:00,3,11,0,381.7,0,8,19.1,49.5,3
2026-01-01 11:55:00,3,11,0,412.8,0,8,20.6,50.3,3
2026-01-01 12:00:00,3,12,0,418.1,0,8,20.9,50.5,3
2026-01-01 12:05:00,3,12,0,430.0,0,8,21.5,50.8,3
2026-01-01 12:10:00,3,12,0,403.8,0,8,20.2,50.1,3
2026-01-01 12:15:00,3,12,0,406.5,0,8,20.3,50.2,3
2026-01-01 12:20:00,3,12,0,438.1,0,8,21.9,51.0,3
2026-01-01 12:25:00,3,12,0,438.6,0,8,21.9,51.0,3
2026-01-01 12:30:00,3,12,0,441.7,0,8,22.1,51.0,3
2026-01-01 12:35:00,3,12,0,446.8,0,8,22.3,51.2,3
2026-01-01 12:40:00,3,12,0,435.0,0,8,21.8,50.9,3
2026-01-01 12:45:00,3,12,0,452.3,0,8,22.6,51.3,3
2026-01-01 12:50:00,3,12,0,456.6,0,8,22.8,51.4,3
2026-01-01 12:55:00,3,12,0,444.9,0,8,22.2,51.1,3
2026-01-01 13:00:00,3,13,0,486.9,0,8,24.3,52.2,3
2026-01-01 13:05:00,3,13,0,469.1,0,8,23.5,51.7,3
2026-01-01 13:10:00,3,13,0,447.2,0,8,22.4,51.2,3
2026-01-01 13:15:00,3,13,0,477.9,0,8,23.9,51.9,3
2026-01-01 13:20:00,3,13,0,456.3,0,8,22.8,51.4,3
2026-01-01 13:25:00,3,13,0,485.4,0,8,24.3,52.1,3
2026-01-01 13:30:00,3,13,0,493.6,0,8,24.7,52.3,3
2026-01-01 13:35:00,3,13,0,466.4,0,8,23.3,51.7,3
2026-01-01 13:40:00,3,13,0,495.5,0,8,24.8,52.4,3
2026-01-01 13:45:00,3,13,0,489.5,0,8,24.5,52.2,3
2026-01-01 13:50:00,3,13,0,497.8,0,8,24.9,52.4,3
2026-01-01 13:55:00,3,13,0,515.8,0,8,25.8,52.9,3
2026-01-01 14:00:00,3,14,0,485.6,0,8,24.3,52.1,3
2026-01-01 14:05:00,3,14,0,479.6,0,8,24.0,52.0,3
2026-01-01 14:10:00,3,14,0,479.1,0,8,24.0,52.0,3
2026-01-01 14:15:00,3,14,0,481.7,0,8,24.1,52.0,3
2026-01-01 14:20:00,3,14,0,494.0,0,8,24.7,52.4,3
2026-01-01 14:25:00,3,14,0,501.4,0,8,25.1,52.5,3
2026-01-01 14:30:00,3,14,0,501.4,0,8,25.1,52.5,3
2026-01-01 14:35:00,3,14,0,510.5,0,8,25.5,52.8,3
2026-01-01 14:40:00,3,14,0,499.0,0,8,25.0,52.5,3
2026-01-01 14:45:00,3,14,0,521.1,0,8,26.1,53.0,3
2026-01-01 14:50:00,3,14,0,495.7,0,8,24.8,52.4,3
2026-01-01 14:55:00,3,14,0,540.7,0,8,27.0,53.5,3
2026-01-01 15:00:00,3,15,0,509.4,0,8,25.5,52.7,3
2026-01-01 15:05:00,3,15,0,487.1,0,8,24.4,52.2,3
2026-01-01 15:10:00,3,15,0,483.6,0,8,24.2,52.1,3
2026-01-01 15:15:00,3,15,0,506.6,1,8,25.3,52.7,3
2026-01-01 15:20:00,3,15,0,1280.8,1,8,64.0,72.0,7
2026-01-01 15:25:00,3,15,0,1962.3,1,8,98.1,447.7,11
2026-01-01 15:30:00,3,15,0,2301.0,1,8,115.0,1286.3,13
2026-01-01 15:35:00,3,15,0,2259.1,1,8,113.0,1159.7,13
2026-01-01 15:40:00,3,15,0,1860.7,1,8,93.0,283.3,10
2026-01-01 15:45:00,3,15,0,1218.1,1,8,60.9,70.5,7
2026-01-01 15:50:00,3,15,0,485.8,0,8,24.3,52.1,3
2026-01-01 15:55:00,3,15,0,503.8,0,8,25.2,52.6,3
2026-01-01 16:00:00,3,16,0,492.4,0,8,24.6,52.3,3
2026-01-01 16:05:00,3,16,0,468.7,0,8,23.4,51.7,3
2026-01-01 16:10:00,3,16,0,488.0,0,8,24.4,52.2,3
2026-01-01 16:15:00,3,16,0,489.1,0,8,24.5,52.2,3
2026-01-01 16:20:00,3,16,0,467.8,0,8,23.4,51.7,3
2026-01-01 16:25:00,3,16,0,481.0,0,8,24.0,52.0,3
2026-01-01 16:30:00,3,16,0,477.1,0,8,23.9,51.9,3
2026-01-01 16:35:00,3,16,0,456.5,0,8,22.8,51.4,3
2026-01-01 16:40:00,3,16,0,476.3,0,8,23.8,51.9,3
2026-01-01 16:45:00,3,16,0,476.5,0,8,23.8,51.9,3
2026-01-01 16:50:00,3,16,0,481.3,0,8,24.1,52.0,3
2026-01-01 16:55:00,3,16,0,477.8,0,8,23.9,51.9,3
2026-01-01 17:00:00,3,17,0,438.2,0,8,21.9,51.0,3
2026-01-01 17:05:00,3,17,0,441.5,0,8,22.1,51.0,3
2026-01-01 17:10:00,3,17,0,460.0,0,8,23.0,51.5,3
2026-01-01 17:15:00,3,17,0,456.5,0,8,22.8,51.4,3
2026-01-01 17:20:00,3,17,0,453.0,0,8,22.7,51.3,3
2026-01-01 17:25:00,3,17,0,499.4,0,8,25.0,52.5,3
2026-01-01 17:30:00,3,17,0,446.5,0,8,22.3,51.2,3
2026-01-01 17:35:00,3,17,0,451.1,0,8,22.6,51.3,3
2026-01-01 17:40:00,3,17,0,444.6,0,8,22.2,51.1,3
2026-01-01 17:45:00,3,17,0,436.1,0,8,21.8,50.9,3
2026-01-01 17:50:00,3,17,0,417.6,0,8,20.9,50.4,3
2026-01-01 17:55:00,3,17,0,429.7,0,8,21.5,50.7,3
2026-01-01 18:00:00,3,18,0,402.6,0,8,20.1,50.1,3
2026-01-01 18:05:00,3,18,0,406.5,0,8,20.3,50.2,3
2026-01-01 18:10:00,3,18,0,398.6,0,8,19.9,50.0,3
2026-01-01 18:15:00,3,18,0,402.8,0,8,20.1,50.1,3
2026-01-01 18:20:00,3,18,0,432.0,0,8,21.6,50.8,3
2026-01-01 18:25:00,3,18,0,365.0,0,8,18.2,49.1,2
2026-01-01 18:30:00,3,18,0,399.0,0,8,20.0,50.0,3
2026-01-01 18:35:00,3,18,0,360.1,0,8,18.0,49.0,2
2026-01-01 18:40:00,3,18,0,372.9,0,8,18.6,49.3,2
2026-01-01 18:45:00,3,18,0,391.9,0,8,19.6,49.8,3
2026-01-01 18:50:00,3,18,0,372.1,0,8,18.6,49.3,2
2026-01-01 18:55:00,3,18,0,350.5,0,8,17.5,48.8,2
2026-01-01 19:00:00,3,19,0,351.6,0,8,17.6,48.8,2
2026-01-01 19:05:00,3,19,0,368.1,0,8,18.4,49.2,2
2026-01-01 19:10:00,3,19,0,342.5,0,8,17.1,48.6,2
2026-01-01 19:15:00,3,19,0,352.3,0,8,17.6,48.8,2
2026-01-01 19:20:00,3,19,0,345.3,0,8,17.3,48.6,2
2026-01-01 19:25:00,3,19,0,330.5,0,8,16.5,48.3,2
2026-01-01 19:30:00,3,19,0,368.0,0,8,18.4,49.2,2
2026-01-01 19:35:00,3,19,0,341.0,0,8,17.0,48.5,2
2026-01-01 19:40:00,3,19,0,296.8,0,8,14.8,47.4,2
2026-01-01 19:45:00,3,19,0,325.7,0,8,16.3,48.1,2
2026-01-01 19:50:00,3,19,0,308.7,0,8,15.4,47.7,2
2026-01-01 19:55:00,3,19,0,327.2,0,8,16.4,48.2,2
2026-01-01 20:00:00,3,20,0,298.4,0,8,14.9,47.5,2
2026-01-01 20:05:00,3,20,0,304.4,0,8,15.2,47.6,2
2026-01-01 20:10:00,3,20,0,309.6,0,8,15.5,47.7,2
2026-01-01 20:15:00,3,20,0,310.9,0,8,15.5,47.8,2
2026-01-01 20:20:00,3,20,0,275.9,0,8,13.8,46.9,2
2026-01-01 20:25:00,3,20,0,284.9,0,8,14.2,47.1,2
2026-01-01 20:30:00,3,20,0,278.9,0,8,13.9,47.0,2
2026-01-01 20:35:00,3,20,0,272.3,0,8,13.6,46.8,2
2026-01-01 20:40:00,3,20,0,304.8,0,8,15.2,47.6,2
2026-01-01 20:45:00,3,20,0,280.6,0,8,14.0,47.0,2
2026-01-01 20:50:00,3,20,0,251.9,0,8,12.6,46.3,2
2026-01-01 20:55:00,3,20,0,281.0,0,8,14.0,47.0,2
2026-01-01 21:00:00,3,21,0,295.5,0,8,14.8,47.4,2
2026-01-01 21:05:00,3,21,0,275.6,0,8,13.8,46.9,2
2026-01-01 21:10:00,3,21,0,233.9,0,8,11.7,45.8,2
2026-01-01 21:15:00,3,21,0,246.0,0,8,12.3,46.2,2
2026-01-01 21:20:00,3,21,0,268.9,0,8,13.4,46.7,2
2026-01-01 21:25:00,3,21,0,236.1,0,8,11.8,45.9,2
2026-01-01 21:30:00,3,21,0,250.1,0,8,12.5,46.3,2
2026-01-01 21:35:00,3,21,0,252.0,0,8,12.6,46.3,2
2026-01-01 21:40:00,3,21,0,223.4,0,8,11.2,45.6,2
2026-01-01 21:45:00,3,21,0,233.4,0,8,11.7,45.8,2
2026-01-01 21:50:00,3,21,0,182.7,0,8,9.1,44.6,2
2026-01-01 21:55:00,3,21,0,213.1,0,8,10.7,45.3,2
2026-01-01 22:00:00,3,22,0,221.9,0,8,11.1,45.5,2
2026-01-01 22:05:00,3,22,0,204.3,0,8,10.2,45.1,2
2026-01-01 22:10:00,3,22,0,244.8,0,8,12.2,46.1,2
2026-01-01 22:15:00,3,22,0,196.3,0,8,9.8,44.9,2
2026-01-01 22:20:00,3,22,0,208.6,0,8,10.4,45.2,2
2026-01-01 22:25:00,3,22,0,214.7,0,8,10.7,45.4,2
2026-01-01 22:30:00,3,22,0,232.0,0,8,11.6,45.8,2
2026-01-01 22:35:00,3,22,0,186.5,0,8,9.3,44.7,2
2026-01-01 22:40:00,3,22,0,223.2,0,8,11.2,45.6,2
2026-01-01 22:45:00,3,22,0,203.7,0,8,10.2,45.1,2
2026-01-01 22:50:00,3,22,0,186.7,0,8,9.3,44.7,2
2026-01-01 22:55:00,3,22,0,206.3,0,8,10.3,45.2,2
2026-01-01 23:00:00,3,23,0,200.4,0,8,10.0,45.0,2
2026-01-01 23:05:00,3,23,0,186.4,0,8,9.3,44.7,2
2026-01-01 23:10:00,3,23,0,194.6,0,8,9.7,44.9,2
2026-01-01 23:15:00,3,23,0,185.9,0,8,9.3,44.6,2
2026-01-01 23:20:00,3,23,0,191.7,0,8,9.6,44.8,2
2026-01-01 23:25:00,3,23,0,198.2,0,8,9.9,45.0,2
2026-01-01 23:30:00,3,23,0,210.4,0,8,10.5,45.3,2
2026-01-01 23:35:00,3,23,0,166.4,0,8,8.3,44.2,2
2026-01-01 23:40:00,3,23,0,215.5,0,8,10.8,45.4,2
2026-01-01 23:45:00,3,23,0,152.7,0,8,7.6,43.8,2
2026-01-01 23:50:00,3,23,0,178.3,0,8,8.9,44.5,2
2026-01-01 23:55:00,3,23,0,188.0,0,8,9.4,44.7,2
2026-01-02 00:00:00,4,0,0,154.5,0,8,7.7,43.9,2
2026-01-02 00:05:00,4,0,0,141.0,0,8,7.0,43.5,2
2026-01-02 00:10:00,4,0,0,147.2,0,8,7.4,43.7,2
2026-01-02 00:15:00,4,0,0,143.0,0,8,7.2,43.6,2
2026-01-02 00:20:00,4,0,0,141.6,0,8,7.1,43.5,2
2026-01-02 00:25:00,4,0,0,163.2,0,8,8.2,44.1,2
2026-01-02 00:30:00,4,0,0,155.8,0,8,7.8,43.9,2
2026-01-02 00:35:00,4,0,0,140.1,0,8,7.0,43.5,2
2026-01-02 00:40:00,4,0,0,164.1,0,8,8.2,44.1,2
2026-01-02 00:45:00,4,0,0,155.2,0,8,7.8,43.9,2
2026-01-02 00:50:00,4,0,0,162.9,0,8,8.1,44.1,2
2026-01-02 00:55:00,4,0,0,160.2,0,8,8.0,44.0,2
2026-01-02 01:00:00,4,1,0,138.3,0,8,6.9,43.5,2
2026-01-02 01:05:00,4,1,0,142.4,0,8,7.1,43.6,2
2026-01-02 01:10:00,4,1,0,162.1,0,8,8.1,44.1,2
2026-01-02 01:15:00,4,1,0,160.1,0,8,8.0,44.0,2
2026-01-02 01:20:00,4,1,0,150.7,0,8,7.5,43.8,2
2026-01-02 01:25:00,4,1,0,152.9,0,8,7.6,43.8,2
2026-01-02 01:30:00,4,1,0,170.3,0,8,8.5,44.3,2
2026-01-02 01:35:00,4,1,0,142.4,0,8,7.1,43.6,2
2026-01-02 01:40:00,4,1,0,159.6,0,8,8.0,44.0,2
2026-01-02 01:45:00,4,1,0,148.4,0,8,7.4,43.7,2
2026-01-02 01:50:00,4,1,0,148.3,0,8,7.4,43.7,2
2026-01-02 01:55:00,4,1,0,168.1,0,8,8.4,44.2,2
2026-01-02 02:00:00,4,2,0,164.2,0,8,8.2,44.1,2
2026-01-02 02:05:00,4,2,0,164.1,0,8,8.2,44.1,2
2026-01-02 02:10:00,4,2,0,171.6,0,8,8.6,44.3,2
2026-01-02 02:15:00,4,2,0,152.5,0,8,7.6,43.8,2
2026-01-02 02:20:00,4,2,0,162.6,0,8,8.1,44.1,2
2026-01-02 02:25:00,4,2,0,147.8,0,8,7.4,43.7,2
2026-01-02 02:30:00,4,2,0,157.5,0,8,7.9,43.9,2
2026-01-02 02:35:00,4,2,0,150.9,0,8,7.5,43.8,2
2026-01-02 02:40:00,4,2,0,154.5,0,8,7.7,43.9,2
2026-01-02 02:45:00,4,2,0,162.1,0,8,8.1,44.1,2
2026-01-02 02:50:00,4,2,0,141.2,0,8,7.1,43.5,2
2026-01-02 02:55:00,4,2,0,185.0,0,8,9.2,44.6,2
2026-01-02 03:00:00,4,3,0,138.8,0,8,6.9,43.5,2
2026-01-02 03:05:00,4,3,0,135.9,0,8,6.8,43.4,2
2026-01-02 03:10:00,4,3,0,171.8,0,8,8.6,44.3,2
2026-01-02 03:15:00,4,3,0,166.6,0,8,8.3,44.2,2
2026-01-02 03:20:00,4,3,0,164.3,0,8,8.2,44.1,2
2026-01-02 03:25:00,4,3,0,164.7,0,8,8.2,44.1,2
2026-01-02 03:30:00,4,3,0,155.4,0,8,7.8,43.9,2
2026-01-02 03:35:00,4,3,0,142.5,0,8,7.1,43.6,2
2026-01-02 03:40:00,4,3,0,157.5,0,8,7.9,43.9,2
2026-01-02 03:45:00,4,3,0,146.5,0,8,7.3,43.7,2
2026-01-02 03:50:00,4,3,0,171.7,0,8,8.6,44.3,2
2026-01-02 03:55:00,4,3,0,155.3,0,8,7.8,43.9,2
2026-01-02 04:00:00,4,4,0,145.6,0,8,7.3,43.6,2
2026-01-02 04:05:00,4,4,0,153.6,0,8,7.7,43.8,2
2026-01-02 04:10:00,4,4,0,165.1,0,8,8.3,44.1,2
2026-01-02 04:15:00,4,4,0,151.0,0,8,7.6,43.8,2
2026-01-02 04:20:00,4,4,0,147.7,0,8,7.4,43.7,2
2026-01-02 04:25:00,4,4,0,164.2,0,8,8.2,44.1,2
2026-01-02 04:30:00,4,4,0,164.8,0,8,8.2,44.1,2
2026-01-02 04:35:00,4,4,0,154.2,0,8,7.7,43.9,2
2026-01-02 04:40:00,4,4,0,155.4,0,8,7.8,43.9,2
2026-01-02 04:45:00,4,4,0,166.6,0,8,8.3,44.2,2
2026-01-02 04:50:00,4,4,0,142.1,0,8,7.1,43.6,2
2026-01-02 04:55:00,4,4,0,143.5,0,8,7.2,43.6,2
2026-01-02 05:00:00,4,5,0,154.6,0,8,7.7,43.9,2
2026-01-02 05:05:00,4,5,0,163.0,0,8,8.2,44.1,2
2026-01-02 05:10:00,4,5,0,171.7,0,8,8.6,44.3,2
2026-01-02 05:15:00,4,5,0,190.1,0,8,9.5,44.8,2
2026-01-02 05:20:00,4,5,0,181.7,0,8,9.1,44.5,2
2026-01-02 05:25:00,4,5,0,167.4,0,8,8.4,44.2,2
2026-01-02 05:30:00,4,5,0,170.6,0,8,8.5,44.3,2
2026-01-02 05:35:00,4,5,0,156.9,0,8,7.8,43.9,2
2026-01-02 05:40:00,4,5,0,172.7,0,8,8.6,44.3,2
2026-01-02 05:45:00,4,5,0,169.8,0,8,8.5,44.2,2
2026-01-02 05:50:00,4,5,0,180.2,0,8,9.0,44.5,2
2026-01-02 05:55:00,4,5,0,164.2,0,8,8.2,44.1,2
2026-01-02 06:00:00,4,6,0,185.6,0,8,9.3,44.6,2
2026-01-02 06:05:00,4,6,0,202.2,0,8,10.1,45.1,2
2026-01-02 06:10:00,4,6,0,178.9,0,8,8.9,44.5,2
2026-01-02 06:15:00,4,6,0,188.0,0,8,9.4,44.7,2
2026-01-02 06:20:00,4,6,0,193.8,0,8,9.7,44.8,2
2026-01-02 06:25:00,4,6,0,179.0,0,8,9.0,44.5,2
2026-01-02 06:30:00,4,6,0,190.0,0,8,9.5,44.8,2
2026-01-02 06:35:00,4,6,0,188.4,0,8,9.4,44.7,2
2026-01-02 06:40:00,4,6,0,191.4,0,8,9.6,44.8,2
2026-01-02 06:45:00,4,6,0,180.1,0,8,9.0,44.5,2
2026-01-02 06:50:00,4,6,0,193.9,0,8,9.7,44.8,2
2026-01-02 06:55:00,4,6,0,202.9,0,8,10.1,45.1,2
2026-01-02 07:00:00,4,7,0,219.1,0,8,11.0,45.5,2
2026-01-02 07:05:00,4,7,0,213.8,0,8,10.7,45.3,2
2026-01-02 07:10:00,4,7,0,233.7,0,8,11.7,45.8,2
2026-01-02 07:15:00,4,7,0,192.1,0,8,9.6,44.8,2
2026-01-02 07:20:00,4,7,0,218.8,0,8,10.9,45.5,2
2026-01-02 07:25:00,4,7,0,210.8,0,8,10.5,45.3,2
2026-01-02 07:30:00,4,7,0,243.2,0,8,12.2,46.1,2
2026-01-02 07:35:00,4,7,0,200.6,0,8,10.0,45.0,2
2026-01-02 07:40:00,4,7,0,202.6,0,8,10.1,45.1,2
2026-01-02 07:45:00,4,7,0,208.7,0,8,10.4,45.2,2
2026-01-02 07:50:00,4,7,0,188.5,0,8,9.4,44.7,2
2026-01-02 07:55:00,4,7,0,215.1,0,8,10.8,45.4,2
2026-01-02 08:00:00,4,8,0,214.3,0,8,10.7,45.4,2
2026-01-02 08:05:00,4,8,0,230.7,0,8,11.5,45.8,2
2026-01-02 08:10:00,4,8,0,236.5,0,8,11.8,45.9,2
2026-01-02 08:15:00,4,8,0,262.4,0,8,13.1,46.6,2
2026-01-02 08:20:00,4,8,0,251.5,0,8,12.6,46.3,2
2026-01-02 08:25:00,4,8,0,231.7,0,8,11.6,45.8,2
2026-01-02 08:30:00,4,8,0,230.0,0,8,11.5,45.8,2
2026-01-02 08:35:00,4,8,0,254.0,0,8,12.7,46.4,2
2026-01-02 08:40:00,4,8,0,230.1,0,8,11.5,45.8,2
2026-01-02 08:45:00,4,8,0,280.7,0,8,14.0,47.0,2
2026-01-02 08:50:00,4,8,0,274.3,0,8,13.7,46.9,2
2026-01-02 08:55:00,4,8,0,253.1,0,8,12.7,46.3,2
2026-01-02 09:00:00,4,9,0,237.9,0,8,11.9,45.9,2
2026-01-02 09:05:00,4,9,0,287.5,0,8,14.4,47.2,2
2026-01-02 09:10:00,4,9,0,269.1,0,8,13.5,46.7,2
2026-01-02 09:15:00,4,9,0,293.1,0,8,14.7,47.3,2
2026-01-02 09:20:00,4,9,0,254.4,0,8,12.7,46.4,2
2026-01-02 09:25:00,4,9,0,273.1,0,8,13.7,46.8,2
2026-01-02 09:30:00,4,9,0,286.1,0,8,14.3,47.2,2
2026-01-02 09:35:00,4,9,0,290.6,0,8,14.5,47.3,2
2026-01-02 09:40:00,4,9,0,287.1,0,8,14.4,47.2,2
2026-01-02 09:45:00,4,9,0,307.3,0,8,15.4,47.7,2
2026-01-02 09:50:00,4,9,0,286.0,0,8,14.3,47.2,2
2026-01-02 09:55:00,4,9,0,304.0,0,8,15.2,47.6,2
2026-01-02 10:00:00,4,10,0,312.0,0,8,15.6,47.8,2
2026-01-02 10:05:00,4,10,0,322.2,0,8,16.1,48.1,2
2026-01-02 10:10:00,4,10,0,329.3,0,8,16.5,48.2,2
2026-01-02 10:15:00,4,10,0,306.1,0,8,15.3,47.7,2
2026-01-02 10:20:00,4,10,0,304.2,0,8,15.2,47.6,2
2026-01-02 10:25:00,4,10,0,350.7,0,8,17.5,48.8,2
2026-01-02 10:30:00,4,10,0,340.9,0,8,17.0,48.5,2
2026-01-02 10:35:00,4,10,0,329.0,0,8,16.4,48.2,2
2026-01-02 10:40:00,4,10,0,367.9,0,8,18.4,49.2,2
2026-01-02 10:45:00,4,10,0,350.8,0,8,17.5,48.8,2
2026-01-02 10:50:00,4,10,0,371.1,0,8,18.6,49.3,2
2026-01-02 10:55:00,4,10,0,358.9,0,8,17.9,49.0,2
2026-01-02 11:00:00,4,11,0,393.2,0,8,19.7,49.8,3
2026-01-02 11:05:00,4,11,0,393.0,0,8,19.7,49.8,3
2026-01-02 11:10:00,4,11,0,367.4,0,8,18.4,49.2,2
2026-01-02 11:15:00,4,11,0,390.1,0,8,19.5,49.8,3
2026-01-02 11:20:00,4,11,0,389.6,0,8,19.5,49.7,3
2026-01-02 11:25:00,4,11,0,404.8,0,8,20.2,50.1,3
2026-01-02 11:30:00,4,11,0,374.2,0,8,18.7,49.4,2
2026-01-02 11:35:00,4,11,0,403.3,0,8,20.2,50.1,3
2026-01-02 11:40:00,4,11,0,413.2,0,8,20.7,50.3,3
2026-01-02 11:45:00,4,11,0,375.2,0,8,18.8,49.4,3
2026-01-02 11:50:00,4,11,0,388.1,0,8,19.4,49.7,3
2026-01-02 11:55:00,4,11,0,379.5,0,8,19.0,49.5,3
2026-01-02 12:00:00,4,12,0,410.2,0,8,20.5,50.3,3
2026-01-02 12:05:00,4,12,0,429.1,0,8,21.5,50.7,3
2026-01-02 12:10:00,4,12,0,444.9,0,8,22.2,51.1,3
2026-01-02 12:15:00,4,12,0,427.4,0,8,21.4,50.7,3
2026-01-02 12:20:00,4,12,0,454.7,0,8,22.7,51.4,3
2026-01-02 12:25:00,4,12,0,413.4,0,8,20.7,50.3,3
2026-01-02 12:30:00,4,12,0,412.4,0,8,20.6,50.3,3
2026-01-02 12:35:00,4,12,0,440.8,0,8,22.0,51.0,3
2026-01-02 12:40:00,4,12,0,451.0,0,8,22.6,51.3,3
2026-01-02 12:45:00,4,12,0,448.3,0,8,22.4,51.2,3
2026-01-02 12:50:00,4,12,0,421.2,0,8,21.1,50.5,3
2026-01-02 12:55:00,4,12,0,454.3,0,8,22.7,51.4,3
2026-01-02 13:00:00,4,13,0,439.3,0,8,22.0,51.0,3
2026-01-02 13:05:00,4,13,0,472.1,0,8,23.6,51.8,3
2026-01-02 13:10:00,4,13,0,470.6,0,8,23.5,51.8,3
2026-01-02 13:15:00,4,13,0,454.0,0,8,22.7,51.4,3
2026-01-02 13:20:00,4,13,0,463.2,0,8,23.2,51.6,3
2026-01-02 13:25:00,4,13,0,457.7,0,8,22.9,51.4,3
2026-01-02 13:30:00,4,13,0,475.3,0,8,23.8,51.9,3
2026-01-02 13:35:00,4,13,0,493.1,0,8,24.7,52.3,3
2026-01-02 13:40:00,4,13,0,466.3,0,8,23.3,51.7,3
2026-01-02 13:45:00,4,13,0,490.9,0,8,24.5,52.3,3
2026-01-02 13:50:00,4,13,0,477.5,0,8,23.9,51.9,3
2026-01-02 13:55:00,4,13,0,475.5,0,8,23.8,51.9,3
2026-01-02 14:00:00,4,14,0,487.6,0,8,24.4,52.2,3
2026-01-02 14:05:00,4,14,0,475.4,0,8,23.8,51.9,3
2026-01-02 14:10:00,4,14,0,484.2,0,8,24.2,52.1,3
2026-01-02 14:15:00,4,14,0,475.9,0,8,23.8,51.9,3
2026-01-02 14:20:00,4,14,0,524.6,0,8,26.2,53.1,3
2026-01-02 14:25:00,4,14,0,496.8,0,8,24.8,52.4,3
2026-01-02 14:30:00,4,14,0,486.8,0,8,24.3,52.2,3
2026-01-02 14:35:00,4,14,0,501.3,0,8,25.1,52.5,3
2026-01-02 14:40:00,4,14,0,497.1,0,8,24.9,52.4,3
2026-01-02 14:45:00,4,14,0,496.0,0,8,24.8,52.4,3
2026-01-02 14:50:00,4,14,0,508.9,0,8,25.4,52.7,3
2026-01-02 14:55:00,4,14,0,511.3,0,8,25.6,52.8,3
2026-01-02 15:00:00,4,15,0,492.0,0,8,24.6,52.3,3
2026-01-02 15:05:00,4,15,0,491.3,0,8,24.6,52.3,3
2026-01-02 15:10:00,4,15,0,495.6,0,8,24.8,52.4,3
2026-01-02 15:15:00,4,15,0,464.8,0,8,23.2,51.6,3
2026-01-02 15:20:00,4,15,0,476.1,0,8,23.8,51.9,3
2026-01-02 15:25:00,4,15,0,518.6,0,8,25.9,53.0,3
2026-01-02 15:30:00,4,15,0,522.0,0,8,26.1,53.0,3
2026-01-02 15:35:00,4,15,0,492.6,0,8,24.6,52.3,3
2026-01-02 15:40:00,4,15,0,503.8,0,8,25.2,52.6,3
2026-01-02 15:45:00,4,15,0,498.6,0,8,24.9,52.5,3
2026-01-02 15:50:00,4,15,0,538.7,0,8,26.9,53.5,3
2026-01-02 15:55:00,4,15,0,507.7,0,8,25.4,52.7,3
2026-01-02 16:00:00,4,16,0,487.3,0,8,24.4,52.2,3
2026-01-02 16:05:00,4,16,0,473.1,0,8,23.7,51.8,3
2026-01-02 16:10:00,4,16,0,461.3,0,8,23.1,51.5,3
2026-01-02 16:15:00,4,16,0,486.4,0,8,24.3,52.2,3
2026-01-02 16:20:00,4,16,0,469.7,0,8,23.5,51.7,3
2026-01-02 16:25:00,4,16,0,457.4,0,8,22.9,51.4,3
2026-01-02 16:30:00,4,16,0,466.5,0,8,23.3,51.7,3
2026-01-02 16:35:00,4,16,0,457.4,0,8,22.9,51.4,3
2026-01-02 16:40:00,4,16,0,496.2,0,8,24.8,52.4,3
2026-01-02 16:45:00,4,16,0,481.3,0,8,24.1,52.0,3
2026-01-02 16:50:00,4,16,0,465.0,0,8,23.2,51.6,3
2026-01-02 16:55:00,4,16,0,484.2,0,8,24.2,52.1,3
2026-01-02 17:00:00,4,17,0,460.0,0,8,23.0,51.5,3
2026-01-02 17:05:00,4,17,0,442.7,0,8,22.1,51.1,3
2026-01-02 17:10:00,4,17,0,475.1,0,8,23.8,51.9,3
2026-01-02 17:15:00,4,17,0,456.9,0,8,22.8,51.4,3
2026-01-02 17:20:00,4,17,0,429.7,0,8,21.5,50.7,3
2026-01-02 17:25:00,4,17,0,438.8,0,8,21.9,51.0,3
2026-01-02 17:30:00,4,17,0,424.8,0,8,21.2,50.6,3
2026-01-02 17:35:00,4,17,0,413.4,0,8,20.7,50.3,3
2026-01-02 17:40:00,4,17,0,444.2,0,8,22.2,51.1,3
2026-01-02 17:45:00,4,17,0,455.0,0,8,22.8,51.4,3
2026-01-02 17:50:00,4,17,0,401.4,0,8,20.1,50.0,3
2026-01-02 17:55:00,4,17,0,426.7,0,8,21.3,50.7,3
2026-01-02 18:00:00,4,18,0,404.4,0,8,20.2,50.1,3
2026-01-02 18:05:00,4,18,0,402.7,0,8,20.1,50.1,3
2026-01-02 18:10:00,4,18,0,397.0,0,8,19.8,49.9,3
2026-01-02 18:15:00,4,18,0,388.6,0,8,19.4,49.7,3
2026-01-02 18:20:00,4,18,0,398.1,0,8,19.9,50.0,3
2026-01-02 18:25:00,4,18,0,380.6,0,8,19.0,49.5,3
2026-01-02 18:30:00,4,18,0,392.7,0,8,19.6,49.8,3
2026-01-02 18:35:00,4,18,0,383.6,0,8,19.2,49.6,3
2026-01-02 18:40:00,4,18,0,376.4,0,8,18.8,49.4,3
2026-01-02 18:45:00,4,18,0,361.9,0,8,18.1,49.0,2
2026-01-02 18:50:00,4,18,0,362.5,0,8,18.1,49.1,2
2026-01-02 18:55:00,4,18,0,378.0,0,8,18.9,49.4,3
2026-01-02 19:00:00,4,19,0,369.8,0,8,18.5,49.2,2
2026-01-02 19:05:00,4,19,0,343.2,0,8,17.2,48.6,2
2026-01-02 19:10:00,4,19,0,354.9,0,8,17.7,48.9,2
2026-01-02 19:15:00,4,19,0,360.3,0,8,18.0,49.0,2
2026-01-02 19:20:00,4,19,0,319.6,0,8,16.0,48.0,2
2026-01-02 19:25:00,4,19,0,348.4,0,8,17.4,48.7,2
2026-01-02 19:30:00,4,19,0,325.9,0,8,16.3,48.1,2
2026-01-02 19:35:00,4,19,0,340.1,0,8,17.0,48.5,2
2026-01-02 19:40:00,4,19,0,315.8,0,8,15.8,47.9,2
2026-01-02 19:45:00,4,19,0,295.9,0,8,14.8,47.4,2
2026-01-02 19:50:00,4,19,0,294.2,0,8,14.7,47.4,2
2026-01-02 19:55:00,4,19,0,315.2,0,8,15.8,47.9,2
2026-01-02 20:00:00,4,20,0,314.1,0,8,15.7,47.9,2
2026-01-02 20:05:00,4,20,0,292.5,1,8,14.6,47.3,2
2026-01-02 20:10:00,4,20,0,981.4,1,8,49.1,64.5,6
2026-01-02 20:15:00,4,20,0,1357.5,1,8,67.9,73.9,8
2026-01-02 20:20:00,4,20,0,1813.2,1,8,90.7,221.6,10
2026-01-02 20:25:00,4,20,0,1798.6,1,8,89.9,204.6,10
2026-01-02 20:30:00,4,20,0,1710.0,1,8,85.5,123.0,10
2026-01-02 20:35:00,4,20,0,1406.5,1,8,70.3,75.2,8
2026-01-02 20:40:00,4,20,0,836.0,1,8,41.8,60.9,5
2026-01-02 20:45:00,4,20,0,268.8,0,8,13.4,46.7,2
2026-01-02 20:50:00,4,20,0,285.9,0,8,14.3,47.1,2
2026-01-02 20:55:00,4,20,0,258.6,0,8,12.9,46.5,2
2026-01-02 21:00:00,4,21,0,276.2,0,8,13.8,46.9,2
2026-01-02 21:05:00,4,21,0,243.2,0,8,12.2,46.1,2
2026-01-02 21:10:00,4,21,0,264.6,0,8,13.2,46.6,2
2026-01-02 21:15:00,4,21,0,274.9,0,8,13.7,46.9,2
2026-01-02 21:20:00,4,21,0,212.9,0,8,10.6,45.3,2
2026-01-02 21:25:00,4,21,0,234.7,0,8,11.7,45.9,2
2026-01-02 21:30:00,4,21,0,252.1,0,8,12.6,46.3,2
2026-01-02 21:35:00,4,21,0,237.3,0,8,11.9,45.9,2
2026-01-02 21:40:00,4,21,0,242.8,0,8,12.1,46.1,2
2026-01-02 21:45:00,4,21,0,225.2,0,8,11.3,45.6,2
2026-01-02 21:50:00,4,21,0,232.6,0,8,11.6,45.8,2
2026-01-02 21:55:00,4,21,0,226.2,0,8,11.3,45.7,2
2026-01-02 22:00:00,4,22,0,243.2,0,8,12.2,46.1,2
2026-01-02 22:05:00,4,22,0,226.8,0,8,11.3,45.7,2
2026-01-02 22:10:00,4,22,0,225.4,0,8,11.3,45.6,2
2026-01-02 22:15:00,4,22,0,211.5,0,8,10.6,45.3,2
2026-01-02 22:20:00,4,22,0,207.9,0,8,10.4,45.2,2
2026-01-02 22:25:00,4,22,0,206.2,0,8,10.3,45.2,2
2026-01-02 22:30:00,4,22,0,216.3,0,8,10.8,45.4,2
2026-01-02 22:35:00,4,22,0,201.7,0,8,10.1,45.0,2
2026-01-02 22:40:00,4,22,0,210.1,0,8,10.5,45.3,2
2026-01-02 22:45:00,4,22,0,234.7,0,8,11.7,45.9,2
2026-01-02 22:50:00,4,22,0,214.5,0,8,10.7,45.4,2
2026-01-02 22:55:00,4,22,0,194.5,0,8,9.7,44.9,2
2026-01-02 23:00:00,4,23,0,215.4,0,8,10.8,45.4,2
2026-01-02 23:05:00,4,23,0,189.3,0,8,9.5,44.7,2
2026-01-02 23:10:00,4,23,0,163.0,0,8,8.2,44.1,2
2026-01-02 23:15:00,4,23,0,176.6,0,8,8.8,44.4,2
2026-01-02 23:20:00,4,23,0,161.9,0,8,8.1,44.0,2
2026-01-02 23:25:00,4,23,0,183.0,0,8,9.2,44.6,2
2026-01-02 23:30:00,4,23,0,186.9,0,8,9.3,44.7,2
2026-01-02 23:35:00,4,23,0,210.2,0,8,10.5,45.3,2
2026-01-02 23:40:00,4,23,0,188.4,0,8,9.4,44.7,2
2026-01-02 23:45:00,4,23,0,178.7,0,8,8.9,44.5,2
2026-01-02 23:50:00,4,23,0,193.0,0,8,9.6,44.8,2
2026-01-02 23:55:00,4,23,0,146.0,0,8,7.3,43.6,2
2026-01-03 00:00:00,5,0,1,101.2,0,8,5.1,42.5,2
2026-01-03 00:05:00,5,0,1,109.3,0,8,5.5,42.7,2
2026-01-03 00:10:00,5,0,1,75.6,1,8,3.8,41.9,2
2026-01-03 00:15:00,5,0,1,365.7,1,8,18.3,49.1,2
2026-01-03 00:20:00,5,0,1,524.7,1,8,26.2,53.1,3
2026-01-03 00:25:00,5,0,1,597.5,1,8,29.9,54.9,4
2026-01-03 00:30:00,5,0,1,781.6,1,8,39.1,59.5,5
2026-01-03 00:35:00,5,0,1,960.7,1,8,48.0,64.0,6
2026-01-03 00:40:00,5,0,1,656.5,1,8,32.8,56.4,4
2026-01-03 00:45:00,5,0,1,518.4,1,8,25.9,53.0,3
2026-01-03 00:50:00,5,0,1,289.7,1,8,14.5,47.2,2
2026-01-03 00:55:00,5,0,1,85.2,0,8,4.3,42.1,2
2026-01-03 01:00:00,5,1,1,110.5,0,8,5.5,42.8,2
2026-01-03 01:05:00,5,1,1,85.2,0,8,4.3,42.1,2
2026-01-03 01:10:00,5,1,1,99.1,0,8,5.0,42.5,2
2026-01-03 01:15:00,5,1,1,91.0,0,8,4.6,42.3,2
2026-01-03 01:20:00,5,1,1,105.3,0,8,5.3,42.6,2
2026-01-03 01:25:00,5,1,1,103.2,0,8,5.2,42.6,2
2026-01-03 01:30:00,5,1,1,113.8,0,8,5.7,42.8,2
2026-01-03 01:35:00,5,1,1,90.7,0,8,4.5,42.3,2
2026-01-03 01:40:00,5,1,1,94.3,0,8,4.7,42.4,2
2026-01-03 01:45:00,5,1,1,83.8,0,8,4.2,42.1,2
2026-01-03 01:50:00,5,1,1,91.8,0,8,4.6,42.3,2
2026-01-03 01:55:00,5,1,1,104.2,0,8,5.2,42.6,2
2026-01-03 02:00:00,5,2,1,110.0,0,8,5.5,42.8,2
2026-01-03 02:05:00,5,2,1,84.9,0,8,4.2,42.1,2
2026-01-03 02:10:00,5,2,1,111.9,0,8,5.6,42.8,2
2026-01-03 02:15:00,5,2,1,119.2,0,8,6.0,43.0,2
2026-01-03 02:20:00,5,2,1,105.2,0,8,5.3,42.6,2
2026-01-03 02:25:00,5,2,1,127.3,0,8,6.4,43.2,2
2026-01-03 02:30:00,5,2,1,87.6,0,8,4.4,42.2,2
2026-01-03 02:35:00,5,2,1,80.7,0,8,4.0,42.0,2
2026-01-03 02:40:00,5,2,1,72.8,0,8,3.6,41.8,2
2026-01-03 02:45:00,5,2,1,122.0,0,8,6.1,43.0,2
2026-01-03 02:50:00,5,2,1,109.5,0,8,5.5,42.7,2
2026-01-03 02:55:00,5,2,1,99.0,0,8,5.0,42.5,2
2026-01-03 03:00:00,5,3,1,104.2,0,8,5.2,42.6,2
2026-01-03 03:05:00,5,3,1,83.3,0,8,4.2,42.1,2
2026-01-03 03:10:00,5,3,1,137.0,0,8,6.8,43.4,2
2026-01-03 03:15:00,5,3,1,102.5,0,8,5.1,42.6,2
2026-01-03 03:20:00,5,3,1,102.4,0,8,5.1,42.6,2
2026-01-03 03:25:00,5,3,1,111.8,0,8,5.6,42.8,2
2026-01-03 03:30:00,5,3,1,108.4,0,8,5.4,42.7,2
2026-01-03 03:35:00,5,3,1,104.7,0,8,5.2,42.6,2
2026-01-03 03:40:00,5,3,1,89.8,0,8,4.5,42.2,2
2026-01-03 03:45:00,5,3,1,108.9,0,8,5.4,42.7,2
2026-01-03 03:50:00,5,3,1,130.4,0,8,6.5,43.3,2
2026-01-03 03:55:00,5,3,1,122.6,0,8,6.1,43.1,2
2026-01-03 04:00:00,5,4,1,126.6,0,8,6.3,43.2,2
2026-01-03 04:05:00,5,4,1,95.3,0,8,4.8,42.4,2
2026-01-03 04:10:00,5,4,1,88.5,0,8,4.4,42.2,2
2026-01-03 04:15:00,5,4,1,101.8,0,8,5.1,42.5,2
2026-01-03 04:20:00,5,4,1,104.8,0,8,5.2,42.6,2
2026-01-03 04:25:00,5,4,1,120.8,0,8,6.0,43.0,2
2026-01-03 04:30:00,5,4,1,79.4,0,8,4.0,42.0,2
2026-01-03 04:35:00,5,4,1,128.1,0,8,6.4,43.2,2
2026-01-03 04:40:00,5,4,1,103.2,0,8,5.2,42.6,2
2026-01-03 04:45:00,5,4,1,99.6,0,8,5.0,42.5,2
2026-01-03 04:50:00,5,4,1,91.3,0,8,4.6,42.3,2
2026-01-03 04:55:00,5,4,1,82.2,0,8,4.1,42.1,2
2026-01-03 05:00:00,5,5,1,119.8,0,8,6.0,43.0,2
2026-01-03 05:05:00,5,5,1,109.1,0,8,5.5,42.7,2
2026-01-03 05:10:00,5,5,1,89.2,0,8,4.5,42.2,2
2026-01-03 05:15:00,5,5,1,89.7,0,8,4.5,42.2,2
2026-01-03 05:20:00,5,5,1,104.7,0,8,5.2,42.6,2
2026-01-03 05:25:00,5,5,1,135.4,0,8,6.8,43.4,2
2026-01-03 05:30:00,5,5,1,107.2,0,8,5.4,42.7,2
2026-01-03 05:35:00,5,5,1,89.2,0,8,4.5,42.2,2
2026-01-03 05:40:00,5,5,1,108.8,0,8,5.4,42.7,2
2026-01-03 05:45:00,5,5,1,109.1,0,8,5.5,42.7,2
2026-01-03 05:50:00,5,5,1,73.5,0,8,3.7,41.8,2
2026-01-03 05:55:00,5,5,1,114.0,0,8,5.7,42.8,2
2026-01-03 06:00:00,5,6,1,112.1,0,8,5.6,42.8,2
2026-01-03 06:05:00,5,6,1,126.9,0,8,6.3,43.2,2
2026-01-03 06:10:00,5,6,1,145.1,0,8,7.3,43.6,2
2026-01-03 06:15:00,5,6,1,135.2,0,8,6.8,43.4,2
2026-01-03 06:20:00,5,6,1,115.2,0,8,5.8,42.9,2
2026-01-03 06:25:00,5,6,1,103.7,0,8,5.2,42.6,2
2026-01-03 06:30:00,5,6,1,159.9,0,8,8.0,44.0,2
2026-01-03 06:35:00,5,6,1,123.3,0,8,6.2,43.1,2
2026-01-03 06:40:00,5,6,1,123.7,0,8,6.2,43.1,2
2026-01-03 06:45:00,5,6,1,124.3,0,8,6.2,43.1,2
2026-01-03 06:50:00,5,6,1,128.8,0,8,6.4,43.2,2
2026-01-03 06:55:00,5,6,1,124.9,0,8,6.2,43.1,2
2026-01-03 07:00:00,5,7,1,119.7,0,8,6.0,43.0,2
2026-01-03 07:05:00,5,7,1,121.4,0,8,6.1,43.0,2
2026-01-03 07:10:00,5,7,1,130.4,0,8,6.5,43.3,2
2026-01-03 07:15:00,5,7,1,124.2,0,8,6.2,43.1,2
2026-01-03 07:20:00,5,7,1,123.1,0,8,6.2,43.1,2
2026-01-03 07:25:00,5,7,1,136.8,0,8,6.8,43.4,2
2026-01-03 07:30:00,5,7,1,132.9,0,8,6.6,43.3,2
2026-01-03 07:35:00,5,7,1,160.8,0,8,8.0,44.0,2
2026-01-03 07:40:00,5,7,1,100.1,0,8,5.0,42.5,2
2026-01-03 07:45:00,5,7,1,157.9,0,8,7.9,43.9,2
2026-01-03 07:50:00,5,7,1,161.9,0,8,8.1,44.0,2
2026-01-03 07:55:00,5,7,1,113.8,0,8,5.7,42.8,2
2026-01-03 08:00:00,5,8,1,141.6,0,8,7.1,43.5,2
2026-01-03 08:05:00,5,8,1,142.9,0,8,7.1,43.6,2
2026-01-03 08:10:00,5,8,1,129.3,0,8,6.5,43.2,2
2026-01-03 08:15:00,5,8,1,140.6,0,8,7.0,43.5,2
2026-01-03 08:20:00,5,8,1,137.6,1,8,6.9,43.4,2
2026-01-03 08:25:00,5,8,1,862.7,1,8,43.1,61.6,5
2026-01-03 08:30:00,5,8,1,1284.4,1,8,64.2,72.1,7
2026-01-03 08:35:00,5,8,1,1516.6,1,8,75.8,77.9,9
2026-01-03 08:40:00,5,8,1,1291.8,1,8,64.6,72.3,7
2026-01-03 08:45:00,5,8,1,698.1,1,8,34.9,57.5,4
2026-01-03 08:50:00,5,8,1,159.0,0,8,8.0,44.0,2
2026-01-03 08:55:00,5,8,1,176.4,0,8,8.8,44.4,2
2026-01-03 09:00:00,5,9,1,153.0,0,8,7.6,43.8,2
2026-01-03 09:05:00,5,9,1,184.4,0,8,9.2,44.6,2
2026-01-03 09:10:00,5,9,1,172.4,0,8,8.6,44.3,2
2026-01-03 09:15:00,5,9,1,172.8,0,8,8.6,44.3,2
2026-01-03 09:20:00,5,9,1,191.6,0,8,9.6,44.8,2
2026-01-03 09:25:00,5,9,1,190.0,0,8,9.5,44.8,2
2026-01-03 09:30:00,5,9,1,180.5,0,8,9.0,44.5,2
2026-01-03 09:35:00,5,9,1,205.8,0,8,10.3,45.1,2
2026-01-03 09:40:00,5,9,1,174.8,0,8,8.7,44.4,2
2026-01-03 09:45:00,5,9,1,202.9,0,8,10.1,45.1,2
2026-01-03 09:50:00,5,9,1,205.2,0,8,10.3,45.1,2
2026-01-03 09:55:00,5,9,1,194.3,0,8,9.7,44.9,2
2026-01-03 10:00:00,5,10,1,206.5,0,8,10.3,45.2,2
2026-01-03 10:05:00,5,10,1,185.6,0,8,9.3,44.6,2
2026-01-03 10:10:00,5,10,1,221.0,0,8,11.0,45.5,2
2026-01-03 10:15:00,5,10,1,207.1,0,8,10.4,45.2,2
2026-01-03 10:20:00,5,10,1,204.9,0,8,10.2,45.1,2
2026-01-03 10:25:00,5,10,1,231.2,0,8,11.6,45.8,2
2026-01-03 10:30:00,5,10,1,207.8,0,8,10.4,45.2,2
2026-01-03 10:35:00,5,10,1,200.0,0,8,10.0,45.0,2
2026-01-03 10:40:00,5,10,1,200.7,0,8,10.0,45.0,2
2026-01-03 10:45:00,5,10,1,236.0,0,8,11.8,45.9,2
2026-01-03 10:50:00,5,10,1,210.5,0,8,10.5,45.3,2
2026-01-03 10:55:00,5,10,1,258.9,0,8,12.9,46.5,2
2026-01-03 11:00:00,5,11,1,204.3,0,8,10.2,45.1,2
2026-01-03 11:05:00,5,11,1,263.8,0,8,13.2,46.6,2
2026-01-03 11:10:00,5,11,1,244.4,0,8,12.2,46.1,2
2026-01-03 11:15:00,5,11,1,242.6,0,8,12.1,46.1,2
2026-01-03 11:20:00,5,11,1,238.8,0,8,11.9,46.0,2
2026-01-03 11:25:00,5,11,1,255.8,0,8,12.8,46.4,2
2026-01-03 11:30:00,5,11,1,252.1,0,8,12.6,46.3,2
2026-01-03 11:35:00,5,11,1,272.0,0,8,13.6,46.8,2
2026-01-03 11:40:00,5,11,1,260.0,0,8,13.0,46.5,2
2026-01-03 11:45:00,5,11,1,263.3,0,8,13.2,46.6,2
2026-01-03 11:50:00,5,11,1,258.3,0,8,12.9,46.5,2
2026-01-03 11:55:00,5,11,1,265.7,0,8,13.3,46.6,2
2026-01-03 12:00:00,5,12,1,273.8,0,8,13.7,46.8,2
2026-01-03 12:05:00,5,12,1,246.2,0,8,12.3,46.2,2
2026-01-03 12:10:00,5,12,1,254.3,0,8,12.7,46.4,2
2026-01-03 12:15:00,5,12,1,288.3,0,8,14.4,47.2,2
2026-01-03 12:20:00,5,12,1,282.2,0,8,14.1,47.1,2
2026-01-03 12:25:00,5,12,1,279.4,0,8,14.0,47.0,2
2026-01-03 12:30:00,5,12,1,284.9,0,8,14.2,47.1,2
2026-01-03 12:35:00,5,12,1,292.3,0,8,14.6,47.3,2
2026-01-03 12:40:00,5,12,1,281.3,0,8,14.1,47.0,2
2026-01-03 12:45:00,5,12,1,280.0,0,8,14.0,47.0,2
2026-01-03 12:50:00,5,12,1,296.9,0,8,14.8,47.4,2
2026-01-03 12:55:00,5,12,1,281.5,0,8,14.1,47.0,2
2026-01-03 13:00:00,5,13,1,304.4,0,8,15.2,47.6,2
2026-01-03 13:05:00,5,13,1,274.8,0,8,13.7,46.9,2
2026-01-03 13:10:00,5,13,1,317.8,0,8,15.9,47.9,2
2026-01-03 13:15:00,5,13,1,311.3,0,8,15.6,47.8,2
2026-01-03 13:20:00,5,13,1,309.9,0,8,15.5,47.7,2
2026-01-03 13:25:00,5,13,1,322.6,0,8,16.1,48.1,2
2026-01-03 13:30:00,5,13,1,334.5,0,8,16.7,48.4,2
2026-01-03 13:35:00,5,13,1,326.4,0,8,16.3,48.2,2
2026-01-03 13:40:00,5,13,1,285.1,0,8,14.3,47.1,2
2026-01-03 13:45:00,5,13,1,295.0,0,8,14.8,47.4,2
2026-01-03 13:50:00,5,13,1,306.2,0,8,15.3,47.7,2
2026-01-03 13:55:00,5,13,1,317.2,0,8,15.9,47.9,2
2026-01-03 14:00:00,5,14,1,325.8,0,8,16.3,48.1,2
2026-01-03 14:05:00,5,14,1,308.2,0,8,15.4,47.7,2
2026-01-03 14:10:00,5,14,1,322.9,0,8,16.1,48.1,2
2026-01-03 14:15:00,5,14,1,309.7,0,8,15.5,47.7,2
2026-01-03 14:20:00,5,14,1,312.7,0,8,15.6,47.8,2
2026-01-03 14:25:00,5,14,1,301.5,0,8,15.1,47.5,2
2026-01-03 14:30:00,5,14,1,309.4,0,8,15.5,47.7,2
2026-01-03 14:35:00,5,14,1,303.5,0,8,15.2,47.6,2
2026-01-03 14:40:00,5,14,1,309.6,0,8,15.5,47.7,2
2026-01-03 14:45:00,5,14,1,340.4,0,8,17.0,48.5,2
2026-01-03 14:50:00,5,14,1,310.6,0,8,15.5,47.8,2
2026-01-03 14:55:00,5,14,1,364.4,0,8,18.2,49.1,2
2026-01-03 15:00:00,5,15,1,332.4,0,8,16.6,48.3,2
2026-01-03 15:05:00,5,15,1,327.7,0,8,16.4,48.2,2
2026-01-03 15:10:00,5,15,1,311.9,0,8,15.6,47.8,2
2026-01-03 15:15:00,5,15,1,335.1,0,8,16.8,48.4,2
2026-01-03 15:20:00,5,15,1,315.6,0,8,15.8,47.9,2
2026-01-03 15:25:00,5,15,1,325.6,0,8,16.3,48.1,2
2026-01-03 15:30:00,5,15,1,361.6,0,8,18.1,49.0,2
2026-01-03 15:35:00,5,15,1,321.2,0,8,16.1,48.0,2
2026-01-03 15:40:00,5,15,1,339.1,0,8,17.0,48.5,2
2026-01-03 15:45:00,5,15,1,310.5,0,8,15.5,47.8,2
2026-01-03 15:50:00,5,15,1,319.6,0,8,16.0,48.0,2
2026-01-03 15:55:00,5,15,1,345.7,0,8,17.3,48.6,2
2026-01-03 16:00:00,5,16,1,308.6,0,8,15.4,47.7,2
2026-01-03 16:05:00,5,16,1,344.0,0,8,17.2,48.6,2
2026-01-03 16:10:00,5,16,1,326.1,0,8,16.3,48.2,2
2026-01-03 16:15:00,5,16,1,305.7,0,8,15.3,47.6,2
2026-01-03 16:20:00,5,16,1,322.2,0,8,16.1,48.1,2
2026-01-03 16:25:00,5,16,1,325.8,0,8,16.3,48.1,2
2026-01-03 16:30:00,5,16,1,318.9,0,8,15.9,48.0,2
2026-01-03 16:35:00,5,16,1,284.3,0,8,14.2,47.1,2
2026-01-03 16:40:00,5,16,1,295.2,0,8,14.8,47.4,2
2026-01-03 16:45:00,5,16,1,300.5,0,8,15.0,47.5,2
2026-01-03 16:50:00,5,16,1,301.2,0,8,15.1,47.5,2
2026-01-03 16:55:00,5,16,1,309.6,0,8,15.5,47.7,2
2026-01-03 17:00:00,5,17,1,300.9,0,8,15.0,47.5,2
2026-01-03 17:05:00,5,17,1,276.1,0,8,13.8,46.9,2
2026-01-03 17:10:00,5,17,1,299.7,1,8,15.0,47.5,2
2026-01-03 17:15:00,5,17,1,1081.8,1,8,54.1,67.0,6
2026-01-03 17:20:00,5,17,1,1690.6,1,8,84.5,110.3,10
2026-01-03 17:25:00,5,17,1,2071.9,1,8,103.6,671.7,12
2026-01-03 17:30:00,5,17,1,2030.1,1,8,101.5,580.7,11
2026-01-03 17:35:00,5,17,1,1641.0,1,8,82.0,87.3,9
2026-01-03 17:40:00,5,17,1,1001.8,1,8,50.1,65.0,6
2026-01-03 17:45:00,5,17,1,252.2,0,8,12.6,46.3,2
2026-01-03 17:50:00,5,17,1,281.0,0,8,14.0,47.0,2
2026-01-03 17:55:00,5,17,1,275.0,0,8,13.8,46.9,2
2026-01-03 18:00:00,5,18,1,273.3,0,8,13.7,46.8,2
2026-01-03 18:05:00,5,18,1,247.4,0,8,12.4,46.2,2
2026-01-03 18:10:00,5,18,1,247.6,0,8,12.4,46.2,2
2026-01-03 18:15:00,5,18,1,276.8,0,8,13.8,46.9,2
2026-01-03 18:20:00,5,18,1,257.7,0,8,12.9,46.4,2
2026-01-03 18:25:00,5,18,1,265.7,0,8,13.3,46.6,2
2026-01-03 18:30:00,5,18,1,253.1,0,8,12.7,46.3,2
2026-01-03 18:35:00,5,18,1,250.3,0,8,12.5,46.3,2
2026-01-03 18:40:00,5,18,1,261.0,0,8,13.0,46.5,2
2026-01-03 18:45:00,5,18,1,236.4,0,8,11.8,45.9,2
2026-01-03 18:50:00,5,18,1,242.7,0,8,12.1,46.1,2
2026-01-03 18:55:00,5,18,1,231.4,0,8,11.6,45.8,2
2026-01-03 19:00:00,5,19,1,229.0,0,8,11.5,45.7,2
2026-01-03 19:05:00,5,19,1,228.0,0,8,11.4,45.7,2
2026-01-03 19:10:00,5,19,1,233.1,0,8,11.7,45.8,2
2026-01-03 19:15:00,5,19,1,219.7,0,8,11.0,45.5,2
2026-01-03 19:20:00,5,19,1,242.8,0,8,12.1,46.1,2
2026-01-03 19:25:00,5,19,1,207.7,0,8,10.4,45.2,2
2026-01-03 19:30:00,5,19,1,215.5,0,8,10.8,45.4,2
2026-01-03 19:35:00,5,19,1,208.9,0,8,10.4,45.2,2
2026-01-03 19:40:00,5,19,1,234.4,0,8,11.7,45.9,2
2026-01-03 19:45:00,5,19,1,212.8,0,8,10.6,45.3,2
2026-01-03 19:50:00,5,19,1,222.6,0,8,11.1,45.6,2
2026-01-03 19:55:00,5,19,1,182.1,0,8,9.1,44.6,2
2026-01-03 20:00:00,5,20,1,205.7,0,8,10.3,45.1,2
2026-01-03 20:05:00,5,20,1,212.3,0,8,10.6,45.3,2
2026-01-03 20:10:00,5,20,1,197.5,0,8,9.9,44.9,2
2026-01-03 20:15:00,5,20,1,209.6,0,8,10.5,45.2,2
2026-01-03 20:20:00,5,20,1,183.3,0,8,9.2,44.6,2
2026-01-03 20:25:00,5,20,1,209.6,0,8,10.5,45.2,2
2026-01-03 20:30:00,5,20,1,220.4,0,8,11.0,45.5,2
2026-01-03 20:35:00,5,20,1,177.9,0,8,8.9,44.4,2
2026-01-03 20:40:00,5,20,1,174.2,0,8,8.7,44.4,2
2026-01-03 20:45:00,5,20,1,200.3,0,8,10.0,45.0,2
2026-01-03 20:50:00,5,20,1,199.7,0,8,10.0,45.0,2
2026-01-03 20:55:00,5,20,1,165.8,0,8,8.3,44.1,2
2026-01-03 21:00:00,5,21,1,165.1,0,8,8.3,44.1,2
2026-01-03 21:05:00,5,21,1,164.8,0,8,8.2,44.1,2
2026-01-03 21:10:00,5,21,1,146.7,0,8,7.3,43.7,2
2026-01-03 21:15:00,5,21,1,150.8,0,8,7.5,43.8,2
2026-01-03 21:20:00,5,21,1,147.4,0,8,7.4,43.7,2
2026-01-03 21:25:00,5,21,1,148.8,0,8,7.4,43.7,2
2026-01-03 21:30:00,5,21,1,157.7,0,8,7.9,43.9,2
2026-01-03 21:35:00,5,21,1,159.7,0,8,8.0,44.0,2
2026-01-03 21:40:00,5,21,1,177.5,0,8,8.9,44.4,2
2026-01-03 21:45:00,5,21,1,137.3,0,8,6.9,43.4,2
2026-01-03 21:50:00,5,21,1,165.1,0,8,8.3,44.1,2
2026-01-03 21:55:00,5,21,1,145.3,0,8,7.3,43.6,2
2026-01-03 22:00:00,5,22,1,146.0,0,8,7.3,43.6,2
2026-01-03 22:05:00,5,22,1,155.1,0,8,7.8,43.9,2
2026-01-03 22:10:00,5,22,1,126.4,0,8,6.3,43.2,2
2026-01-03 22:15:00,5,22,1,147.3,0,8,7.4,43.7,2
2026-01-03 22:20:00,5,22,1,142.4,0,8,7.1,43.6,2
2026-01-03 22:25:00,5,22,1,145.7,0,8,7.3,43.6,2
2026-01-03 22:30:00,5,22,1,141.1,0,8,7.1,43.5,2
2026-01-03 22:35:00,5,22,1,172.0,0,8,8.6,44.3,2
2026-01-03 22:40:00,5,22,1,124.2,0,8,6.2,43.1,2
2026-01-03 22:45:00,5,22,1,124.4,0,8,6.2,43.1,2
2026-01-03 22:50:00,5,22,1,121.6,0,8,6.1,43.0,2
2026-01-03 22:55:00,5,22,1,121.3,0,8,6.1,43.0,2
2026-01-03 23:00:00,5,23,1,118.7,0,8,5.9,43.0,2
2026-01-03 23:05:00,5,23,1,144.9,0,8,7.2,43.6,2
2026-01-03 23:10:00,5,23,1,147.1,0,8,7.4,43.7,2
2026-01-03 23:15:00,5,23,1,116.1,0,8,5.8,42.9,2
2026-01-03 23:20:00,5,23,1,111.0,0,8,5.6,42.8,2
2026-01-03 23:25:00,5,23,1,129.4,0,8,6.5,43.2,2
2026-01-03 23:30:00,5,23,1,113.0,0,8,5.6,42.8,2
2026-01-03 23:35:00,5,23,1,129.8,0,8,6.5,43.2,2
2026-01-03 23:40:00,5,23,1,122.3,0,8,6.1,43.1,2
2026-01-03 23:45:00,5,23,1,95.6,0,8,4.8,42.4,2
2026-01-03 23:50:00,5,23,1,140.6,0,8,7.0,43.5,2
2026-01-03 23:55:00,5,23,1,143.4,0,8,7.2,43.6,2
2026-01-04 00:00:00,6,0,1,88.5,0,8,4.4,42.2,2
2026-01-04 00:05:00,6,0,1,91.9,0,8,4.6,42.3,2
2026-01-04 00:10:00,6,0,1,102.0,0,8,5.1,42.6,2
2026-01-04 00:15:00,6,0,1,102.8,0,8,5.1,42.6,2
2026-01-04 00:20:00,6,0,1,107.7,0,8,5.4,42.7,2
2026-01-04 00:25:00,6,0,1,127.9,0,8,6.4,43.2,2
2026-01-04 00:30:00,6,0,1,95.2,0,8,4.8,42.4,2
2026-01-04 00:35:00,6,0,1,85.9,0,8,4.3,42.1,2
2026-01-04 00:40:00,6,0,1,77.2,0,8,3.9,41.9,2
2026-01-04 00:45:00,6,0,1,86.9,0,8,4.3,42.2,2
2026-01-04 00:50:00,6,0,1,97.4,0,8,4.9,42.4,2
2026-01-04 00:55:00,6,0,1,124.9,0,8,6.2,43.1,2
2026-01-04 01:00:00,6,1,1,90.2,0,8,4.5,42.3,2
2026-01-04 01:05:00,6,1,1,101.4,0,8,5.1,42.5,2
2026-01-04 01:10:00,6,1,1,97.8,0,8,4.9,42.4,2
2026-01-04 01:15:00,6,1,1,115.9,0,8,5.8,42.9,2
2026-01-04 01:20:00,6,1,1,136.1,0,8,6.8,43.4,2
2026-01-04 01:25:00,6,1,1,90.2,0,8,4.5,42.3,2
2026-01-04 01:30:00,6,1,1,90.9,0,8,4.5,42.3,2
2026-01-04 01:35:00,6,1,1,114.0,0,8,5.7,42.8,2
2026-01-04 01:40:00,6,1,1,108.6,0,8,5.4,42.7,2
2026-01-04 01:45:00,6,1,1,126.1,0,8,6.3,43.2,2
2026-01-04 01:50:00,6,1,1,107.3,0,8,5.4,42.7,2
2026-01-04 01:55:00,6,1,1,93.2,0,8,4.7,42.3,2
2026-01-04 02:00:00,6,2,1,107.5,0,8,5.4,42.7,2
2026-01-04 02:05:00,6,2,1,115.4,0,8,5.8,42.9,2
2026-01-04 02:10:00,6,2,1,111.1,0,8,5.6,42.8,2
2026-01-04 02:15:00,6,2,1,106.5,0,8,5.3,42.7,2
2026-01-04 02:20:00,6,2,1,115.0,0,8,5.8,42.9,2
2026-01-04 02:25:00,6,2,1,116.7,0,8,5.8,42.9,2
2026-01-04 02:30:00,6,2,1,120.0,0,8,6.0,43.0,2
2026-01-04 02:35:00,6,2,1,109.1,0,8,5.5,42.7,2
2026-01-04 02:40:00,6,2,1,97.0,0,8,4.9,42.4,2
2026-01-04 02:45:00,6,2,1,101.8,0,8,5.1,42.5,2
2026-01-04 02:50:00,6,2,1,117.8,0,8,5.9,42.9,2
2026-01-04 02:55:00,6,2,1,87.6,0,8,4.4,42.2,2
2026-01-04 03:00:00,6,3,1,105.6,0,8,5.3,42.6,2
2026-01-04 03:05:00,6,3,1,94.3,0,8,4.7,42.4,2
2026-01-04 03:10:00,6,3,1,100.8,0,8,5.0,42.5,2
2026-01-04 03:15:00,6,3,1,119.7,0,8,6.0,43.0,2
2026-01-04 03:20:00,6,3,1,103.6,0,8,5.2,42.6,2
2026-01-04 03:25:00,6,3,1,101.6,0,8,5.1,42.5,2
2026-01-04 03:30:00,6,3,1,80.8,0,8,4.0,42.0,2
2026-01-04 03:35:00,6,3,1,112.6,0,8,5.6,42.8,2
2026-01-04 03:40:00,6,3,1,111.3,0,8,5.6,42.8,2
2026-01-04 03:45:00,6,3,1,134.3,0,8,6.7,43.4,2
2026-01-04 03:50:00,6,3,1,97.5,0,8,4.9,42.4,2
2026-01-04 03:55:00,6,3,1,105.7,0,8,5.3,42.6,2
2026-01-04 04:00:00,6,4,1,106.4,0,8,5.3,42.7,2
2026-01-04 04:05:00,6,4,1,126.7,0,8,6.3,43.2,2
2026-01-04 04:10:00,6,4,1,101.9,0,8,5.1,42.5,2
2026-01-04 04:15:00,6,4,1,107.8,0,8,5.4,42.7,2
2026-01-04 04:20:00,6,4,1,113.1,0,8,5.7,42.8,2
2026-01-04 04:25:00,6,4,1,107.2,0,8,5.4,42.7,2
2026-01-04 04:30:00,6,4,1,98.1,0,8,4.9,42.5,2
2026-01-04 04:35:00,6,4,1,108.1,0,8,5.4,42.7,2
2026-01-04 04:40:00,6,4,1,121.7,0,8,6.1,43.0,2
2026-01-04 04:45:00,6,4,1,90.6,0,8,4.5,42.3,2
2026-01-04 04:50:00,6,4,1,108.5,0,8,5.4,42.7,2
2026-01-04 04:55:00,6,4,1,96.5,0,8,4.8,42.4,2
2026-01-04 05:00:00,6,5,1,125.4,0,8,6.3,43.1,2
2026-01-04 05:05:00,6,5,1,85.2,0,8,4.3,42.1,2
2026-01-04 05:10:00,6,5,1,100.2,0,8,5.0,42.5,2
2026-01-04 05:15:00,6,5,1,114.8,0,8,5.7,42.9,2
2026-01-04 05:20:00,6,5,1,133.3,0,8,6.7,43.3,2
2026-01-04 05:25:00,6,5,1,109.4,0,8,5.5,42.7,2
2026-01-04 05:30:00,6,5,1,102.7,0,8,5.1,42.6,2
2026-01-04 05:35:00,6,5,1,140.0,0,8,7.0,43.5,2
2026-01-04 05:40:00,6,5,1,90.7,0,8,4.5,42.3,2
2026-01-04 05:45:00,6,5,1,80.2,0,8,4.0,42.0,2
2026-01-04 05:50:00,6,5,1,120.6,0,8,6.0,43.0,2
2026-01-04 05:55:00,6,5,1,107.2,0,8,5.4,42.7,2
2026-01-04 06:00:00,6,6,1,100.3,0,8,5.0,42.5,2
2026-01-04 06:05:00,6,6,1,127.1,0,8,6.4,43.2,2
2026-01-04 06:10:00,6,6,1,121.0,0,8,6.0,43.0,2
2026-01-04 06:15:00,6,6,1,109.8,0,8,5.5,42.7,2
2026-01-04 06:20:00,6,6,1,100.1,0,8,5.0,42.5,2
2026-01-04 06:25:00,6,6,1,133.3,0,8,6.7,43.3,2
2026-01-04 06:30:00,6,6,1,131.0,0,8,6.6,43.3,2
2026-01-04 06:35:00,6,6,1,120.9,0,8,6.0,43.0,2
2026-01-04 06:40:00,6,6,1,151.2,0,8,7.6,43.8,2
2026-01-04 06:45:00,6,6,1,108.6,0,8,5.4,42.7,2
2026-01-04 06:50:00,6,6,1,102.9,0,8,5.1,42.6,2
2026-01-04 06:55:00,6,6,1,116.6,0,8,5.8,42.9,2
2026-01-04 07:00:00,6,7,1,127.6,0,8,6.4,43.2,2
2026-01-04 07:05:00,6,7,1,133.2,0,8,6.7,43.3,2
2026-01-04 07:10:00,6,7,1,127.3,0,8,6.4,43.2,2
2026-01-04 07:15:00,6,7,1,137.6,0,8,6.9,43.4,2
2026-01-04 07:20:00,6,7,1,115.0,0,8,5.8,42.9,2
2026-01-04 07:25:00,6,7,1,156.9,0,8,7.8,43.9,2
2026-01-04 07:30:00,6,7,1,135.5,0,8,6.8,43.4,2
2026-01-04 07:35:00,6,7,1,155.0,0,8,7.8,43.9,2
2026-01-04 07:40:00,6,7,1,145.0,0,8,7.2,43.6,2
2026-01-04 07:45:00,6,7,1,148.4,0,8,7.4,43.7,2
2026-01-04 07:50:00,6,7,1,151.7,0,8,7.6,43.8,2
2026-01-04 07:55:00,6,7,1,151.6,0,8,7.6,43.8,2
2026-01-04 08:00:00,6,8,1,156.3,0,8,7.8,43.9,2
2026-01-04 08:05:00,6,8,1,168.5,0,8,8.4,44.2,2
2026-01-04 08:10:00,6,8,1,153.3,0,8,7.7,43.8,2
2026-01-04 08:15:00,6,8,1,162.9,0,8,8.1,44.1,2
2026-01-04 08:20:00,6,8,1,152.9,0,8,7.6,43.8,2
2026-01-04 08:25:00,6,8,1,177.8,0,8,8.9,44.4,2
2026-01-04 08:30:00,6,8,1,148.1,0,8,7.4,43.7,2
2026-01-04 08:35:00,6,8,1,187.3,0,8,9.4,44.7,2
2026-01-04 08:40:00,6,8,1,161.9,0,8,8.1,44.0,2
2026-01-04 08:45:00,6,8,1,143.2,0,8,7.2,43.6,2
2026-01-04 08:50:00,6,8,1,168.7,0,8,8.4,44.2,2
2026-01-04 08:55:00,6,8,1,158.9,0,8,7.9,44.0,2
2026-01-04 09:00:00,6,9,1,184.0,0,8,9.2,44.6,2
2026-01-04 09:05:00,6,9,1,163.9,0,8,8.2,44.1,2
2026-01-04 09:10:00,6,9,1,169.4,0,8,8.5,44.2,2
2026-01-04 09:15:00,6,9,1,150.1,0,8,7.5,43.8,2
2026-01-04 09:20:00,6,9,1,174.1,0,8,8.7,44.4,2
2026-01-04 09:25:00,6,9,1,147.0,0,8,7.4,43.7,2
2026-01-04 09:30:00,6,9,1,162.1,0,8,8.1,44.1,2
2026-01-04 09:35:00,6,9,1,199.9,0,8,10.0,45.0,2
2026-01-04 09:40:00,6,9,1,202.8,0,8,10.1,45.1,2
2026-01-04 09:45:00,6,9,1,200.0,0,8,10.0,45.0,2
2026-01-04 09:50:00,6,9,1,181.8,0,8,9.1,44.5,2
2026-01-04 09:55:00,6,9,1,198.2,0,8,9.9,45.0,2
2026-01-04 10:00:00,6,10,1,201.6,0,8,10.1,45.0,2
2026-01-04 10:05:00,6,10,1,187.0,0,8,9.4,44.7,2
2026-01-04 10:10:00,6,10,1,229.7,0,8,11.5,45.7,2
2026-01-04 10:15:00,6,10,1,223.1,0,8,11.2,45.6,2
2026-01-04 10:20:00,6,10,1,209.4,0,8,10.5,45.2,2
2026-01-04 10:25:00,6,10,1,215.9,0,8,10.8,45.4,2
2026-01-04 10:30:00,6,10,1,221.5,0,8,11.1,45.5,2
2026-01-04 10:35:00,6,10,1,190.5,0,8,9.5,44.8,2
2026-01-04 10:40:00,6,10,1,220.3,0,8,11.0,45.5,2
2026-01-04 10:45:00,6,10,1,216.6,0,8,10.8,45.4,2
2026-01-04 10:50:00,6,10,1,214.7,0,8,10.7,45.4,2
2026-01-04 10:55:00,6,10,1,228.4,0,8,11.4,45.7,2
2026-01-04 11:00:00,6,11,1,262.5,0,8,13.1,46.6,2
2026-01-04 11:05:00,6,11,1,248.0,0,8,12.4,46.2,2
2026-01-04 11:10:00,6,11,1,232.7,0,8,11.6,45.8,2
2026-01-04 11:15:00,6,11,1,252.7,0,8,12.6,46.3,2
2026-01-04 11:20:00,6,11,1,267.9,0,8,13.4,46.7,2
2026-01-04 11:25:00,6,11,1,263.7,0,8,13.2,46.6,2
2026-01-04 11:30:00,6,11,1,253.5,0,8,12.7,46.3,2
2026-01-04 11:35:00,6,11,1,245.8,0,8,12.3,46.1,2
2026-01-04 11:40:00,6,11,1,268.7,0,8,13.4,46.7,2
2026-01-04 11:45:00,6,11,1,266.9,0,8,13.3,46.7,2
2026-01-04 11:50:00,6,11,1,277.2,0,8,13.9,46.9,2
2026-01-04 11:55:00,6,11,1,276.1,0,8,13.8,46.9,2
2026-01-04 12:00:00,6,12,1,285.0,0,8,14.2,47.1,2
2026-01-04 12:05:00,6,12,1,263.9,0,8,13.2,46.6,2
2026-01-04 12:10:00,6,12,1,294.3,0,8,14.7,47.4,2
2026-01-04 12:15:00,6,12,1,280.1,0,8,14.0,47.0,2
2026-01-04 12:20:00,6,12,1,310.8,0,8,15.5,47.8,2
2026-01-04 12:25:00,6,12,1,271.8,0,8,13.6,46.8,2
2026-01-04 12:30:00,6,12,1,310.7,0,8,15.5,47.8,2
2026-01-04 12:35:00,6,12,1,290.0,0,8,14.5,47.2,2
2026-01-04 12:40:00,6,12,1,279.6,0,8,14.0,47.0,2
2026-01-04 12:45:00,6,12,1,284.5,0,8,14.2,47.1,2
2026-01-04 12:50:00,6,12,1,289.2,0,8,14.5,47.2,2
2026-01-04 12:55:00,6,12,1,302.5,0,8,15.1,47.6,2
2026-01-04 13:00:00,6,13,1,306.1,0,8,15.3,47.7,2
2026-01-04 13:05:00,6,13,1,291.7,0,8,14.6,47.3,2
2026-01-04 13:10:00,6,13,1,302.0,0,8,15.1,47.6,2
2026-01-04 13:15:00,6,13,1,336.4,0,8,16.8,48.4,2
2026-01-04 13:20:00,6,13,1,332.0,0,8,16.6,48.3,2
2026-01-04 13:25:00,6,13,1,314.4,0,8,15.7,47.9,2
2026-01-04 13:30:00,6,13,1,310.1,0,8,15.5,47.8,2
2026-01-04 13:35:00,6,13,1,313.0,0,8,15.6,47.8,2
2026-01-04 13:40:00,6,13,1,321.9,0,8,16.1,48.0,2
2026-01-04 13:45:00,6,13,1,298.8,0,8,14.9,47.5,2
2026-01-04 13:50:00,6,13,1,311.7,0,8,15.6,47.8,2
2026-01-04 13:55:00,6,13,1,291.8,0,8,14.6,47.3,2
2026-01-04 14:00:00,6,14,1,324.0,0,8,16.2,48.1,2
2026-01-04 14:05:00,6,14,1,328.8,0,8,16.4,48.2,2
2026-01-04 14:10:00,6,14,1,312.9,0,8,15.6,47.8,2
2026-01-04 14:15:00,6,14,1,344.6,0,8,17.2,48.6,2
2026-01-04 14:20:00,6,14,1,303.5,0,8,15.2,47.6,2
2026-01-04 14:25:00,6,14,1,300.6,0,8,15.0,47.5,2
2026-01-04 14:30:00,6,14,1,326.6,0,8,16.3,48.2,2
2026-01-04 14:35:00,6,14,1,339.5,0,8,17.0,48.5,2
2026-01-04 14:40:00,6,14,1,349.5,0,8,17.5,48.7,2
2026-01-04 14:45:00,6,14,1,317.7,0,8,15.9,47.9,2
2026-01-04 14:50:00,6,14,1,341.0,0,8,17.0,48.5,2
2026-01-04 14:55:00,6,14,1,324.4,0,8,16.2,48.1,2
2026-01-04 15:00:00,6,15,1,322.4,0,8,16.1,48.1,2
2026-01-04 15:05:00,6,15,1,338.2,0,8,16.9,48.5,2
2026-01-04 15:10:00,6,15,1,334.6,0,8,16.7,48.4,2
2026-01-04 15:15:00,6,15,1,300.9,0,8,15.0,47.5,2
2026-01-04 15:20:00,6,15,1,346.4,0,8,17.3,48.7,2
2026-01-04 15:25:00,6,15,1,344.5,0,8,17.2,48.6,2
2026-01-04 15:30:00,6,15,1,313.8,0,8,15.7,47.8,2
2026-01-04 15:35:00,6,15,1,328.5,0,8,16.4,48.2,2
2026-01-04 15:40:00,6,15,1,329.3,0,8,16.5,48.2,2
2026-01-04 15:45:00,6,15,1,324.9,0,8,16.2,48.1,2
2026-01-04 15:50:00,6,15,1,311.9,0,8,15.6,47.8,2
2026-01-04 15:55:00,6,15,1,309.0,0,8,15.4,47.7,2
2026-01-04 16:00:00,6,16,1,317.6,0,8,15.9,47.9,2
2026-01-04 16:05:00,6,16,1,334.4,0,8,16.7,48.4,2
2026-01-04 16:10:00,6,16,1,323.7,0,8,16.2,48.1,2
2026-01-04 16:15:00,6,16,1,308.6,0,8,15.4,47.7,2
2026-01-04 16:20:00,6,16,1,324.3,0,8,16.2,48.1,2
2026-01-04 16:25:00,6,16,1,268.4,0,8,13.4,46.7,2
2026-01-04 16:30:00,6,16,1,326.8,0,8,16.3,48.2,2
2026-01-04 16:35:00,6,16,1,281.8,0,8,14.1,47.0,2
2026-01-04 16:40:00,6,16,1,300.6,0,8,15.0,47.5,2
2026-01-04 16:45:00,6,16,1,287.4,0,8,14.4,47.2,2
2026-01-04 16:50:00,6,16,1,282.9,0,8,14.1,47.1,2
2026-01-04 16:55:00,6,16,1,317.7,0,8,15.9,47.9,2
2026-01-04 17:00:00,6,17,1,291.3,0,8,14.6,47.3,2
2026-01-04 17:05:00,6,17,1,301.3,0,8,15.1,47.5,2
2026-01-04 17:10:00,6,17,1,293.3,0,8,14.7,47.3,2
2026-01-04 17:15:00,6,17,1,298.9,0,8,14.9,47.5,2
2026-01-04 17:20:00,6,17,1,290.6,0,8,14.5,47.3,2
2026-01-04 17:25:00,6,17,1,267.8,0,8,13.4,46.7,2
2026-01-04 17:30:00,6,17,1,299.6,0,8,15.0,47.5,2
2026-01-04 17:35:00,6,17,1,274.8,0,8,13.7,46.9,2
2026-01-04 17:40:00,6,17,1,256.3,0,8,12.8,46.4,2
2026-01-04 17:45:00,6,17,1,270.7,0,8,13.5,46.8,2
2026-01-04 17:50:00,6,17,1,297.0,0,8,14.8,47.4,2
2026-01-04 17:55:00,6,17,1,284.6,0,8,14.2,47.1,2
2026-01-04 18:00:00,6,18,1,264.0,0,8,13.2,46.6,2
2026-01-04 18:05:00,6,18,1,261.3,0,8,13.1,46.5,2
2026-01-04 18:10:00,6,18,1,259.0,0,8,13.0,46.5,2
2026-01-04 18:15:00,6,18,1,292.2,0,8,14.6,47.3,2
2026-01-04 18:20:00,6,18,1,264.0,0,8,13.2,46.6,2
2026-01-04 18:25:00,6,18,1,261.9,0,8,13.1,46.5,2
2026-01-04 18:30:00,6,18,1,268.1,0,8,13.4,46.7,2
2026-01-04 18:35:00,6,18,1,253.4,0,8,12.7,46.3,2
2026-01-04 18:40:00,6,18,1,243.1,0,8,12.2,46.1,2
2026-01-04 18:45:00,6,18,1,241.2,0,8,12.1,46.0,2
2026-01-04 18:50:00,6,18,1,240.2,0,8,12.0,46.0,2
2026-01-04 18:55:00,6,18,1,237.8,0,8,11.9,45.9,2
2026-01-04 19:00:00,6,19,1,246.4,0,8,12.3,46.2,2
2026-01-04 19:05:00,6,19,1,233.4,0,8,11.7,45.8,2
2026-01-04 19:10:00,6,19,1,240.7,0,8,12.0,46.0,2
2026-01-04 19:15:00,6,19,1,225.7,0,8,11.3,45.6,2
2026-01-04 19:20:00,6,19,1,225.2,0,8,11.3,45.6,2
2026-01-04 19:25:00,6,19,1,191.2,0,8,9.6,44.8,2
2026-01-04 19:30:00,6,19,1,232.1,0,8,11.6,45.8,2
2026-01-04 19:35:00,6,19,1,220.7,0,8,11.0,45.5,2
2026-01-04 19:40:00,6,19,1,227.7,0,8,11.4,45.7,2
2026-01-04 19:45:00,6,19,1,166.5,0,8,8.3,44.2,2
2026-01-04 19:50:00,6,19,1,238.5,0,8,11.9,46.0,2
2026-01-04 19:55:00,6,19,1,202.3,0,8,10.1,45.1,2
2026-01-04 20:00:00,6,20,1,218.3,0,8,10.9,45.5,2
2026-01-04 20:05:00,6,20,1,183.4,0,8,9.2,44.6,2
2026-01-04 20:10:00,6,20,1,205.5,0,8,10.3,45.1,2
2026-01-04 20:15:00,6,20,1,177.8,0,8,8.9,44.4,2
2026-01-04 20:20:00,6,20,1,181.7,0,8,9.1,44.5,2
2026-01-04 20:25:00,6,20,1,217.2,0,8,10.9,45.4,2
2026-01-04 20:30:00,6,20,1,183.0,0,8,9.2,44.6,2
2026-01-04 20:35:00,6,20,1,186.6,0,8,9.3,44.7,2
2026-01-04 20:40:00,6,20,1,194.0,0,8,9.7,44.8,2
2026-01-04 20:45:00,6,20,1,185.9,0,8,9.3,44.6,2
2026-01-04 20:50:00,6,20,1,178.3,0,8,8.9,44.5,2
2026-01-04 20:55:00,6,20,1,179.2,0,8,9.0,44.5,2
2026-01-04 21:00:00,6,21,1,207.4,0,8,10.4,45.2,2
2026-01-04 21:05:00,6,21,1,168.2,0,8,8.4,44.2,2
2026-01-04 21:10:00,6,21,1,169.8,0,8,8.5,44.2,2
2026-01-04 21:15:00,6,21,1,180.4,0,8,9.0,44.5,2
2026-01-04 21:20:00,6,21,1,179.0,0,8,9.0,44.5,2
2026-01-04 21:25:00,6,21,1,178.1,0,8,8.9,44.5,2
2026-01-04 21:30:00,6,21,1,167.8,0,8,8.4,44.2,2
2026-01-04 21:35:00,6,21,1,139.1,0,8,7.0,43.5,2
2026-01-04 21:40:00,6,21,1,178.7,0,8,8.9,44.5,2
2026-01-04 21:45:00,6,21,1,135.1,0,8,6.8,43.4,2
2026-01-04 21:50:00,6,21,1,154.9,0,8,7.7,43.9,2
2026-01-04 21:55:00,6,21,1,137.2,0,8,6.9,43.4,2
2026-01-04 22:00:00,6,22,1,145.7,0,8,7.3,43.6,2
2026-01-04 22:05:00,6,22,1,149.9,0,8,7.5,43.7,2
2026-01-04 22:10:00,6,22,1,148.0,0,8,7.4,43.7,2
2026-01-04 22:15:00,6,22,1,147.8,0,8,7.4,43.7,2
2026-01-04 22:20:00,6,22,1,164.1,0,8,8.2,44.1,2
2026-01-04 22:25:00,6,22,1,145.1,0,8,7.3,43.6,2
2026-01-04 22:30:00,6,22,1,133.1,0,8,6.7,43.3,2
2026-01-04 22:35:00,6,22,1,149.7,0,8,7.5,43.7,2
2026-01-04 22:40:00,6,22,1,151.6,0,8,7.6,43.8,2
2026-01-04 22:45:00,6,22,1,113.9,0,8,5.7,42.8,2
2026-01-04 22:50:00,6,22,1,139.9,0,8,7.0,43.5,2
2026-01-04 22:55:00,6,22,1,140.1,0,8,7.0,43.5,2
2026-01-04 23:00:00,6,23,1,123.8,0,8,6.2,43.1,2
2026-01-04 23:05:00,6,23,1,147.7,0,8,7.4,43.7,2
2026-01-04 23:10:00,6,23,1,123.6,0,8,6.2,43.1,2
2026-01-04 23:15:00,6,23,1,126.5,0,8,6.3,43.2,2
2026-01-04 23:20:00,6,23,1,120.9,0,8,6.0,43.0,2
2026-01-04 23:25:00,6,23,1,122.6,0,8,6.1,43.1,2
2026-01-04 23:30:00,6,23,1,104.8,0,8,5.2,42.6,2
2026-01-04 23:35:00,6,23,1,98.7,0,8,4.9,42.5,2
2026-01-04 23:40:00,6,23,1,143.2,0,8,7.2,43.6,2
2026-01-04 23:45:00,6,23,1,105.6,0,8,5.3,42.6,2
2026-01-04 23:50:00,6,23,1,102.5,0,8,5.1,42.6,2
2026-01-04 23:55:00,6,23,1,84.2,0,8,4.2,42.1,2
2026-01-05 00:00:00,0,0,0,140.7,0,8,7.0,43.5,2
2026-01-05 00:05:00,0,0,0,130.5,0,8,6.5,43.3,2
2026-01-05 00:10:00,0,0,0,175.0,0,8,8.8,44.4,2
2026-01-05 00:15:00,0,0,0,165.5,0,8,8.3,44.1,2
2026-01-05 00:20:00,0,0,0,140.1,0,8,7.0,43.5,2
2026-01-05 00:25:00,0,0,0,184.2,0,8,9.2,44.6,2
2026-01-05 00:30:00,0,0,0,165.2,0,8,8.3,44.1,2
2026-01-05 00:35:00,0,0,0,145.7,0,8,7.3,43.6,2
2026-01-05 00:40:00,0,0,0,113.1,0,8,5.7,42.8,2
2026-01-05 00:45:00,0,0,0,185.0,0,8,9.2,44.6,2
2026-01-05 00:50:00,0,0,0,129.8,0,8,6.5,43.2,2
2026-01-05 00:55:00,0,0,0,126.0,0,8,6.3,43.2,2
2026-01-05 01:00:00,0,1,0,166.1,0,8,8.3,44.2,2
2026-01-05 01:05:00,0,1,0,187.4,0,8,9.4,44.7,2
2026-01-05 01:10:00,0,1,0,171.6,0,8,8.6,44.3,2
2026-01-05 01:15:00,0,1,0,159.4,0,8,8.0,44.0,2
2026-01-05 01:20:00,0,1,0,159.9,0,8,8.0,44.0,2
2026-01-05 01:25:00,0,1,0,163.9,0,8,8.2,44.1,2
2026-01-05 01:30:00,0,1,0,162.6,0,8,8.1,44.1,2
2026-01-05 01:35:00,0,1,0,155.5,0,8,7.8,43.9,2
2026-01-05 01:40:00,0,1,0,152.9,0,8,7.6,43.8,2
2026-01-05 01:45:00,0,1,0,150.5,0,8,7.5,43.8,2
2026-01-05 01:50:00,0,1,0,140.2,0,8,7.0,43.5,2
2026-01-05 01:55:00,0,1,0,147.5,0,8,7.4,43.7,2
2026-01-05 02:00:00,0,2,0,126.4,0,8,6.3,43.2,2
2026-01-05 02:05:00,0,2,0,150.4,0,8,7.5,43.8,2
2026-01-05 02:10:00,0,2,0,137.2,0,8,6.9,43.4,2
2026-01-05 02:15:00,0,2,0,135.6,0,8,6.8,43.4,2
2026-01-05 02:20:00,0,2,0,155.0,0,8,7.8,43.9,2
2026-01-05 02:25:00,0,2,0,173.4,0,8,8.7,44.3,2
2026-01-05 02:30:00,0,2,0,166.4,0,8,8.3,44.2,2
2026-01-05 02:35:00,0,2,0,129.3,0,8,6.5,43.2,2
2026-01-05 02:40:00,0,2,0,138.2,0,8,6.9,43.5,2
2026-01-05 02:45:00,0,2,0,167.3,0,8,8.4,44.2,2
2026-01-05 02:50:00,0,2,0,138.7,0,8,6.9,43.5,2
2026-01-05 02:55:00,0,2,0,150.3,0,8,7.5,43.8,2
2026-01-05 03:00:00,0,3,0,162.1,0,8,8.1,44.1,2
2026-01-05 03:05:00,0,3,0,139.6,0,8,7.0,43.5,2
2026-01-05 03:10:00,0,3,0,156.0,0,8,7.8,43.9,2
2026-01-05 03:15:00,0,3,0,134.7,0,8,6.7,43.4,2
2026-01-05 03:20:00,0,3,0,146.0,0,8,7.3,43.6,2
2026-01-05 03:25:00,0,3,0,160.1,0,8,8.0,44.0,2
2026-01-05 03:30:00,0,3,0,131.7,0,8,6.6,43.3,2
2026-01-05 03:35:00,0,3,0,162.6,0,8,8.1,44.1,2
2026-01-05 03:40:00,0,3,0,156.0,0,8,7.8,43.9,2
2026-01-05 03:45:00,0,3,0,165.0,0,8,8.2,44.1,2
2026-01-05 03:50:00,0,3,0,160.5,0,8,8.0,44.0,2
2026-01-05 03:55:00,0,3,0,178.0,0,8,8.9,44.4,2
2026-01-05 04:00:00,0,4,0,159.9,0,8,8.0,44.0,2
2026-01-05 04:05:00,0,4,0,152.0,0,8,7.6,43.8,2
2026-01-05 04:10:00,0,4,0,160.8,0,8,8.0,44.0,2
2026-01-05 04:15:00,0,4,0,167.6,0,8,8.4,44.2,2
2026-01-05 04:20:00,0,4,0,160.7,0,8,8.0,44.0,2
2026-01-05 04:25:00,0,4,0,161.2,0,8,8.1,44.0,2
2026-01-05 04:30:00,0,4,0,150.6,0,8,7.5,43.8,2
2026-01-05 04:35:00,0,4,0,151.8,0,8,7.6,43.8,2
2026-01-05 04:40:00,0,4,0,141.4,0,8,7.1,43.5,2
2026-01-05 04:45:00,0,4,0,189.4,0,8,9.5,44.7,2
2026-01-05 04:50:00,0,4,0,145.2,0,8,7.3,43.6,2
2026-01-05 04:55:00,0,4,0,154.2,0,8,7.7,43.9,2
2026-01-05 05:00:00,0,5,0,154.6,0,8,7.7,43.9,2
2026-01-05 05:05:00,0,5,0,179.6,0,8,9.0,44.5,2
2026-01-05 05:10:00,0,5,0,162.6,0,8,8.1,44.1,2
2026-01-05 05:15:00,0,5,0,186.7,0,8,9.3,44.7,2
2026-01-05 05:20:00,0,5,0,158.8,0,8,7.9,44.0,2
2026-01-05 05:25:00,0,5,0,174.0,0,8,8.7,44.4,2
2026-01-05 05:30:00,0,5,0,158.3,0,8,7.9,44.0,2
2026-01-05 05:35:00,0,5,0,204.1,0,8,10.2,45.1,2
2026-01-05 05:40:00,0,5,0,155.2,0,8,7.8,43.9,2
2026-01-05 05:45:00,0,5,0,178.8,0,8,8.9,44.5,2
2026-01-05 05:50:00,0,5,0,184.8,0,8,9.2,44.6,2
2026-01-05 05:55:00,0,5,0,182.8,0,8,9.1,44.6,2
2026-01-05 06:00:00,0,6,0,175.1,0,8,8.8,44.4,2
2026-01-05 06:05:00,0,6,0,177.2,0,8,8.9,44.4,2
2026-01-05 06:10:00,0,6,0,181.2,0,8,9.1,44.5,2
2026-01-05 06:15:00,0,6,0,179.8,0,8,9.0,44.5,2
2026-01-05 06:20:00,0,6,0,197.9,0,8,9.9,44.9,2
2026-01-05 06:25:00,0,6,0,218.2,0,8,10.9,45.5,2
2026-01-05 06:30:00,0,6,0,178.2,0,8,8.9,44.5,2
2026-01-05 06:35:00,0,6,0,167.7,0,8,8.4,44.2,2
2026-01-05 06:40:00,0,6,0,188.6,0,8,9.4,44.7,2
2026-01-05 06:45:00,0,6,0,230.4,0,8,11.5,45.8,2
2026-01-05 06:50:00,0,6,0,181.5,0,8,9.1,44.5,2
2026-01-05 06:55:00,0,6,0,220.0,0,8,11.0,45.5,2
2026-01-05 07:00:00,0,7,0,222.5,0,8,11.1,45.6,2
2026-01-05 07:05:00,0,7,0,191.1,0,8,9.6,44.8,2
2026-01-05 07:10:00,0,7,0,210.0,0,8,10.5,45.2,2
2026-01-05 07:15:00,0,7,0,228.0,0,8,11.4,45.7,2
2026-01-05 07:20:00,0,7,0,200.1,0,8,10.0,45.0,2
2026-01-05 07:25:00,0,7,0,205.0,0,8,10.2,45.1,2
2026-01-05 07:30:00,0,7,0,201.6,0,8,10.1,45.0,2
2026-01-05 07:35:00,0,7,0,197.5,0,8,9.9,44.9,2
2026-01-05 07:40:00,0,7,0,205.5,0,8,10.3,45.1,2
2026-01-05 07:45:00,0,7,0,199.4,0,8,10.0,45.0,2
2026-01-05 07:50:00,0,7,0,220.8,0,8,11.0,45.5,2
2026-01-05 07:55:00,0,7,0,211.4,0,8,10.6,45.3,2
2026-01-05 08:00:00,0,8,0,229.2,0,8,11.5,45.7,2
2026-01-05 08:05:00,0,8,0,205.1,0,8,10.3,45.1,2
2026-01-05 08:10:00,0,8,0,236.3,0,8,11.8,45.9,2
2026-01-05 08:15:00,0,8,0,246.8,0,8,12.3,46.2,2
2026-01-05 08:20:00,0,8,0,207.4,0,8,10.4,45.2,2
2026-01-05 08:25:00,0,8,0,245.9,0,8,12.3,46.1,2
2026-01-05 08:30:00,0,8,0,261.9,0,8,13.1,46.5,2
2026-01-05 08:35:00,0,8,0,228.5,0,8,11.4,45.7,2
2026-01-05 08:40:00,0,8,0,275.0,0,8,13.8,46.9,2
2026-01-05 08:45:00,0,8,0,259.5,0,8,13.0,46.5,2
2026-01-05 08:50:00,0,8,0,246.1,0,8,12.3,46.2,2
2026-01-05 08:55:00,0,8,0,259.3,0,8,13.0,46.5,2
2026-01-05 09:00:00,0,9,0,272.0,0,8,13.6,46.8,2
2026-01-05 09:05:00,0,9,0,268.3,0,8,13.4,46.7,2
2026-01-05 09:10:00,0,9,0,278.9,0,8,13.9,47.0,2
2026-01-05 09:15:00,0,9,0,260.7,0,8,13.0,46.5,2
2026-01-05 09:20:00,0,9,0,280.9,0,8,14.0,47.0,2
2026-01-05 09:25:00,0,9,0,260.9,0,8,13.0,46.5,2
2026-01-05 09:30:00,0,9,0,284.3,0,8,14.2,47.1,2
2026-01-05 09:35:00,0,9,0,276.4,0,8,13.8,46.9,2
2026-01-05 09:40:00,0,9,0,282.9,0,8,14.1,47.1,2
2026-01-05 09:45:00,0,9,0,316.5,0,8,15.8,47.9,2
2026-01-05 09:50:00,0,9,0,318.3,0,8,15.9,48.0,2
2026-01-05 09:55:00,0,9,0,315.2,0,8,15.8,47.9,2
2026-01-05 10:00:00,0,10,0,293.9,0,8,14.7,47.3,2
2026-01-05 10:05:00,0,10,0,309.7,0,8,15.5,47.7,2
2026-01-05 10:10:00,0,10,0,336.9,0,8,16.8,48.4,2
2026-01-05 10:15:00,0,10,0,325.1,0,8,16.3,48.1,2
2026-01-05 10:20:00,0,10,0,362.0,0,8,18.1,49.0,2
2026-01-05 10:25:00,0,10,0,337.4,0,8,16.9,48.4,2
2026-01-05 10:30:00,0,10,0,338.8,0,8,16.9,48.5,2
2026-01-05 10:35:00,0,10,0,335.6,0,8,16.8,48.4,2
2026-01-05 10:40:00,0,10,0,346.6,0,8,17.3,48.7,2
2026-01-05 10:45:00,0,10,0,346.7,0,8,17.3,48.7,2
2026-01-05 10:50:00,0,10,0,364.1,0,8,18.2,49.1,2
2026-01-05 10:55:00,0,10,0,372.2,0,8,18.6,49.3,2
2026-01-05 11:00:00,0,11,0,350.5,0,8,17.5,48.8,2
2026-01-05 11:05:00,0,11,0,346.7,0,8,17.3,48.7,2
2026-01-05 11:10:00,0,11,0,343.6,0,8,17.2,48.6,2
2026-01-05 11:15:00,0,11,0,383.2,0,8,19.2,49.6,3
2026-01-05 11:20:00,0,11,0,363.4,0,8,18.2,49.1,2
2026-01-05 11:25:00,0,11,0,352.0,0,8,17.6,48.8,2
2026-01-05 11:30:00,0,11,0,394.5,0,8,19.7,49.9,3
2026-01-05 11:35:00,0,11,0,430.4,0,8,21.5,50.8,3
2026-01-05 11:40:00,0,11,0,397.2,0,8,19.9,49.9,3
2026-01-05 11:45:00,0,11,0,414.2,0,8,20.7,50.4,3
2026-01-05 11:50:00,0,11,0,407.1,0,8,20.4,50.2,3
2026-01-05 11:55:00,0,11,0,408.6,0,8,20.4,50.2,3
2026-01-05 12:00:00,0,12,0,428.0,0,8,21.4,50.7,3
2026-01-05 12:05:00,0,12,0,413.9,0,8,20.7,50.3,3
2026-01-05 12:10:00,0,12,0,426.4,0,8,21.3,50.7,3
2026-01-05 12:15:00,0,12,0,431.2,0,8,21.6,50.8,3
2026-01-05 12:20:00,0,12,0,420.2,0,8,21.0,50.5,3
2026-01-05 12:25:00,0,12,0,449.0,0,8,22.4,51.2,3
2026-01-05 12:30:00,0,12,0,435.3,0,8,21.8,50.9,3
2026-01-05 12:35:00,0,12,0,430.3,0,8,21.5,50.8,3
2026-01-05 12:40:00,0,12,0,453.3,0,8,22.7,51.3,3
2026-01-05 12:45:00,0,12,0,435.3,0,8,21.8,50.9,3
2026-01-05 12:50:00,0,12,0,452.7,0,8,22.6,51.3,3
2026-01-05 12:55:00,0,12,0,455.5,0,8,22.8,51.4,3
2026-01-05 13:00:00,0,13,0,475.2,0,8,23.8,51.9,3
2026-01-05 13:05:00,0,13,0,469.2,0,8,23.5,51.7,3
2026-01-05 13:10:00,0,13,0,464.7,0,8,23.2,51.6,3
2026-01-05 13:15:00,0,13,0,480.3,0,8,24.0,52.0,3
2026-01-05 13:20:00,0,13,0,491.8,0,8,24.6,52.3,3
2026-01-05 13:25:00,0,13,0,482.0,0,8,24.1,52.0,3
2026-01-05 13:30:00,0,13,0,476.4,0,8,23.8,51.9,3
2026-01-05 13:35:00,0,13,0,459.0,0,8,23.0,51.5,3
2026-01-05 13:40:00,0,13,0,465.1,0,8,23.3,51.6,3
2026-01-05 13:45:00,0,13,0,478.7,0,8,23.9,52.0,3
2026-01-05 13:50:00,0,13,0,476.3,0,8,23.8,51.9,3
2026-01-05 13:55:00,0,13,0,484.6,0,8,24.2,52.1,3
2026-01-05 14:00:00,0,14,0,490.1,0,8,24.5,52.3,3
2026-01-05 14:05:00,0,14,0,498.9,0,8,24.9,52.5,3
2026-01-05 14:10:00,0,14,0,491.4,0,8,24.6,52.3,3
2026-01-05 14:15:00,0,14,0,501.2,0,8,25.1,52.5,3
2026-01-05 14:20:00,0,14,0,496.1,0,8,24.8,52.4,3
2026-01-05 14:25:00,0,14,0,466.7,0,8,23.3,51.7,3
2026-01-05 14:30:00,0,14,0,483.2,0,8,24.2,52.1,3
2026-01-05 14:35:00,0,14,0,495.9,0,8,24.8,52.4,3
2026-01-05 14:40:00,0,14,0,480.6,0,8,24.0,52.0,3
2026-01-05 14:45:00,0,14,0,508.3,0,8,25.4,52.7,3
2026-01-05 14:50:00,0,14,0,522.7,0,8,26.1,53.1,3
2026-01-05 14:55:00,0,14,0,518.2,0,8,25.9,53.0,3
2026-01-05 15:00:00,0,15,0,496.8,0,8,24.8,52.4,3
2026-01-05 15:05:00,0,15,0,522.3,0,8,26.1,53.1,3
2026-01-05 15:10:00,0,15,0,501.9,0,8,25.1,52.5,3
2026-01-05 15:15:00,0,15,0,494.3,0,8,24.7,52.4,3
2026-01-05 15:20:00,0,15,0,489.6,0,8,24.5,52.2,3
2026-01-05 15:25:00,0,15,0,493.6,0,8,24.7,52.3,3
2026-01-05 15:30:00,0,15,0,491.5,0,8,24.6,52.3,3
2026-01-05 15:35:00,0,15,0,498.9,0,8,24.9,52.5,3
2026-01-05 15:40:00,0,15,0,497.6,0,8,24.9,52.4,3
2026-01-05 15:45:00,0,15,0,493.9,0,8,24.7,52.3,3
2026-01-05 15:50:00,0,15,0,499.0,0,8,25.0,52.5,3
2026-01-05 15:55:00,0,15,0,508.8,0,8,25.4,52.7,3
2026-01-05 16:00:00,0,16,0,503.5,0,8,25.2,52.6,3
2026-01-05 16:05:00,0,16,0,465.1,0,8,23.3,51.6,3
2026-01-05 16:10:00,0,16,0,447.1,0,8,22.4,51.2,3
2026-01-05 16:15:00,0,16,0,497.3,0,8,24.9,52.4,3
2026-01-05 16:20:00,0,16,0,460.6,0,8,23.0,51.5,3
2026-01-05 16:25:00,0,16,0,475.4,0,8,23.8,51.9,3
2026-01-05 16:30:00,0,16,0,458.7,0,8,22.9,51.5,3
2026-01-05 16:35:00,0,16,0,446.6,0,8,22.3,51.2,3
2026-01-05 16:40:00,0,16,0,479.0,0,8,24.0,52.0,3
2026-01-05 16:45:00,0,16,0,479.4,0,8,24.0,52.0,3
2026-01-05 16:50:00,0,16,0,456.5,0,8,22.8,51.4,3
2026-01-05 16:55:00,0,16,0,423.2,0,8,21.2,50.6,3
2026-01-05 17:00:00,0,17,0,450.7,0,8,22.5,51.3,3
2026-01-05 17:05:00,0,17,0,461.5,0,8,23.1,51.5,3
2026-01-05 17:10:00,0,17,0,430.1,0,8,21.5,50.8,3
2026-01-05 17:15:00,0,17,0,451.5,0,8,22.6,51.3,3
2026-01-05 17:20:00,0,17,0,445.0,0,8,22.2,51.1,3
2026-01-05 17:25:00,0,17,0,450.3,0,8,22.5,51.3,3
2026-01-05 17:30:00,0,17,0,439.7,0,8,22.0,51.0,3
2026-01-05 17:35:00,0,17,0,419.5,0,8,21.0,50.5,3
2026-01-05 17:40:00,0,17,0,448.2,0,8,22.4,51.2,3
2026-01-05 17:45:00,0,17,0,424.0,0,8,21.2,50.6,3
2026-01-05 17:50:00,0,17,0,421.9,0,8,21.1,50.5,3
2026-01-05 17:55:00,0,17,0,404.3,0,8,20.2,50.1,3
2026-01-05 18:00:00,0,18,0,407.5,0,8,20.4,50.2,3
2026-01-05 18:05:00,0,18,0,396.8,0,8,19.8,49.9,3
2026-01-05 18:10:00,0,18,0,403.2,0,8,20.2,50.1,3
2026-01-05 18:15:00,0,18,0,427.3,0,8,21.4,50.7,3
2026-01-05 18:20:00,0,18,0,376.7,0,8,18.8,49.4,3
2026-01-05 18:25:00,0,18,0,368.8,0,8,18.4,49.2,2
2026-01-05 18:30:00,0,18,0,410.7,0,8,20.5,50.3,3
2026-01-05 18:35:00,0,18,0,381.2,0,8,19.1,49.5,3
2026-01-05 18:40:00,0,18,0,369.9,0,8,18.5,49.2,2
2026-01-05 18:45:00,0,18,0,391.1,0,8,19.6,49.8,3
2026-01-05 18:50:00,0,18,0,362.0,0,8,18.1,49.0,2
2026-01-05 18:55:00,0,18,0,394.1,0,8,19.7,49.9,3
2026-01-05 19:00:00,0,19,0,372.5,0,8,18.6,49.3,2
2026-01-05 19:05:00,0,19,0,350.5,0,8,17.5,48.8,2
2026-01-05 19:10:00,0,19,0,385.8,0,8,19.3,49.6,3
2026-01-05 19:15:00,0,19,0,339.9,0,8,17.0,48.5,2
2026-01-05 19:20:00,0,19,0,355.8,0,8,17.8,48.9,2
2026-01-05 19:25:00,0,19,0,344.7,0,8,17.2,48.6,2
2026-01-05 19:30:00,0,19,0,355.4,0,8,17.8,48.9,2
2026-01-05 19:35:00,0,19,0,355.0,0,8,17.8,48.9,2
2026-01-05 19:40:00,0,19,0,327.7,0,8,16.4,48.2,2
2026-01-05 19:45:00,0,19,0,311.6,0,8,15.6,47.8,2
2026-01-05 19:50:00,0,19,0,325.6,0,8,16.3,48.1,2
2026-01-05 19:55:00,0,19,0,304.3,0,8,15.2,47.6,2
2026-01-05 20:00:00,0,20,0,340.4,0,8,17.0,48.5,2
2026-01-05 20:05:00,0,20,0,308.1,0,8,15.4,47.7,2
2026-01-05 20:10:00,0,20,0,296.5,0,8,14.8,47.4,2
2026-01-05 20:15:00,0,20,0,300.7,0,8,15.0,47.5,2
2026-01-05 20:20:00,0,20,0,273.7,0,8,13.7,46.8,2
2026-01-05 20:25:00,0,20,0,275.3,0,8,13.8,46.9,2
2026-01-05 20:30:00,0,20,0,304.0,0,8,15.2,47.6,2
2026-01-05 20:35:00,0,20,0,272.3,0,8,13.6,46.8,2
2026-01-05 20:40:00,0,20,0,262.6,0,8,13.1,46.6,2
2026-01-05 20:45:00,0,20,0,282.6,0,8,14.1,47.1,2
2026-01-05 20:50:00,0,20,0,288.6,0,8,14.4,47.2,2
2026-01-05 20:55:00,0,20,0,278.0,0,8,13.9,47.0,2
2026-01-05 21:00:00,0,21,0,278.6,0,8,13.9,47.0,2
2026-01-05 21:05:00,0,21,0,248.8,0,8,12.4,46.2,2
2026-01-05 21:10:00,0,21,0,235.3,0,8,11.8,45.9,2
2026-01-05 21:15:00,0,21,0,275.8,0,8,13.8,46.9,2
2026-01-05 21:20:00,0,21,0,245.1,0,8,12.3,46.1,2
2026-01-05 21:25:00,0,21,0,242.9,0,8,12.1,46.1,2
2026-01-05 21:30:00,0,21,0,263.4,0,8,13.2,46.6,2
2026-01-05 21:35:00,0,21,0,248.7,0,8,12.4,46.2,2
2026-01-05 21:40:00,0,21,0,244.1,0,8,12.2,46.1,2
2026-01-05 21:45:00,0,21,0,266.8,0,8,13.3,46.7,2
2026-01-05 21:50:00,0,21,0,221.7,0,8,11.1,45.5,2
2026-01-05 21:55:00,0,21,0,242.4,0,8,12.1,46.1,2
2026-01-05 22:00:00,0,22,0,226.5,0,8,11.3,45.7,2
2026-01-05 22:05:00,0,22,0,227.0,0,8,11.4,45.7,2
2026-01-05 22:10:00,0,22,0,243.2,0,8,12.2,46.1,2
2026-01-05 22:15:00,0,22,0,225.3,0,8,11.3,45.6,2
2026-01-05 22:20:00,0,22,0,223.3,0,8,11.2,45.6,2
2026-01-05 22:25:00,0,22,0,228.8,0,8,11.4,45.7,2
2026-01-05 22:30:00,0,22,0,204.9,0,8,10.2,45.1,2
2026-01-05 22:35:00,0,22,0,195.4,0,8,9.8,44.9,2
2026-01-05 22:40:00,0,22,0,190.1,0,8,9.5,44.8,2
2026-01-05 22:45:00,0,22,0,174.1,0,8,8.7,44.4,2
2026-01-05 22:50:00,0,22,0,232.3,0,8,11.6,45.8,2
2026-01-05 22:55:00,0,22,0,182.8,0,8,9.1,44.6,2
2026-01-05 23:00:00,0,23,0,194.0,0,8,9.7,44.8,2
2026-01-05 23:05:00,0,23,0,191.3,0,8,9.6,44.8,2
2026-01-05 23:10:00,0,23,0,198.2,0,8,9.9,45.0,2
2026-01-05 23:15:00,0,23,0,204.0,0,8,10.2,45.1,2
2026-01-05 23:20:00,0,23,0,202.9,0,8,10.1,45.1,2
2026-01-05 23:25:00,0,23,0,179.5,0,8,9.0,44.5,2
2026-01-05 23:30:00,0,23,0,184.1,0,8,9.2,44.6,2
2026-01-05 23:35:00,0,23,0,189.2,0,8,9.5,44.7,2
2026-01-05 23:40:00,0,23,0,179.7,0,8,9.0,44.5,2
2026-01-05 23:45:00,0,23,0,206.1,0,8,10.3,45.2,2
2026-01-05 23:50:00,0,23,0,187.9,0,8,9.4,44.7,2
2026-01-05 23:55:00,0,23,0,190.2,0,8,9.5,44.8,2
2026-01-06 00:00:00,1,0,0,160.3,0,8,8.0,44.0,2
2026-01-06 00:05:00,1,0,0,167.9,0,8,8.4,44.2,2
2026-01-06 00:10:00,1,0,0,153.1,0,8,7.7,43.8,2
2026-01-06 00:15:00,1,0,0,130.9,0,8,6.5,43.3,2
2026-01-06 00:20:00,1,0,0,156.4,0,8,7.8,43.9,2
2026-01-06 00:25:00,1,0,0,140.7,0,8,7.0,43.5,2
2026-01-06 00:30:00,1,0,0,142.6,0,8,7.1,43.6,2
2026-01-06 00:35:00,1,0,0,159.3,0,8,8.0,44.0,2
2026-01-06 00:40:00,1,0,0,169.1,0,8,8.5,44.2,2
2026-01-06 00:45:00,1,0,0,150.9,0,8,7.5,43.8,2
2026-01-06 00:50:00,1,0,0,155.3,0,8,7.8,43.9,2
2026-01-06 00:55:00,1,0,0,176.2,0,8,8.8,44.4,2
2026-01-06 01:00:00,1,1,0,154.4,0,8,7.7,43.9,2
2026-01-06 01:05:00,1,1,0,189.8,0,8,9.5,44.7,2
2026-01-06 01:10:00,1,1,0,159.4,0,8,8.0,44.0,2
2026-01-06 01:15:00,1,1,0,124.5,0,8,6.2,43.1,2
2026-01-06 01:20:00,1,1,0,162.3,0,8,8.1,44.1,2
2026-01-06 01:25:00,1,1,0,156.8,0,8,7.8,43.9,2
2026-01-06 01:30:00,1,1,0,170.5,0,8,8.5,44.3,2
2026-01-06 01:35:00,1,1,0,161.4,0,8,8.1,44.0,2
2026-01-06 01:40:00,1,1,0,149.3,0,8,7.5,43.7,2
2026-01-06 01:45:00,1,1,0,133.1,0,8,6.7,43.3,2
2026-01-06 01:50:00,1,1,0,148.4,0,8,7.4,43.7,2
2026-01-06 01:55:00,1,1,0,138.9,0,8,6.9,43.5,2
2026-01-06 02:00:00,1,2,0,143.1,0,8,7.2,43.6,2
2026-01-06 02:05:00,1,2,0,160.7,0,8,8.0,44.0,2
2026-01-06 02:10:00,1,2,0,177.1,0,8,8.9,44.4,2
2026-01-06 02:15:00,1,2,0,158.1,0,8,7.9,44.0,2
2026-01-06 02:20:00,1,2,0,134.4,0,8,6.7,43.4,2
2026-01-06 02:25:00,1,2,0,159.2,0,8,8.0,44.0,2
2026-01-06 02:30:00,1,2,0,170.6,0,8,8.5,44.3,2
2026-01-06 02:35:00,1,2,0,143.7,0,8,7.2,43.6,2
2026-01-06 02:40:00,1,2,0,151.0,0,8,7.6,43.8,2
2026-01-06 02:45:00,1,2,0,153.4,0,8,7.7,43.8,2
2026-01-06 02:50:00,1,2,0,141.7,0,8,7.1,43.5,2
2026-01-06 02:55:00,1,2,0,163.4,0,8,8.2,44.1,2
2026-01-06 03:00:00,1,3,0,152.1,0,8,7.6,43.8,2
2026-01-06 03:05:00,1,3,0,160.4,0,8,8.0,44.0,2
2026-01-06 03:10:00,1,3,0,141.1,0,8,7.1,43.5,2
2026-01-06 03:15:00,1,3,0,148.1,0,8,7.4,43.7,2
2026-01-06 03:20:00,1,3,0,165.8,0,8,8.3,44.1,2
2026-01-06 03:25:00,1,3,0,149.7,0,8,7.5,43.7,2
2026-01-06 03:30:00,1,3,0,181.5,0,8,9.1,44.5,2
2026-01-06 03:35:00,1,3,0,150.0,0,8,7.5,43.8,2
2026-01-06 03:40:00,1,3,0,159.7,0,8,8.0,44.0,2
2026-01-06 03:45:00,1,3,0,170.7,0,8,8.5,44.3,2
2026-01-06 03:50:00,1,3,0,135.8,0,8,6.8,43.4,2
2026-01-06 03:55:00,1,3,0,131.1,0,8,6.6,43.3,2
2026-01-06 04:00:00,1,4,0,135.1,0,8,6.8,43.4,2
2026-01-06 04:05:00,1,4,0,177.4,0,8,8.9,44.4,2
2026-01-06 04:10:00,1,4,0,150.7,0,8,7.5,43.8,2
2026-01-06 04:15:00,1,4,0,197.8,0,8,9.9,44.9,2
2026-01-06 04:20:00,1,4,0,151.5,0,8,7.6,43.8,2
2026-01-06 04:25:00,1,4,0,163.3,0,8,8.2,44.1,2
2026-01-06 04:30:00,1,4,0,184.3,0,8,9.2,44.6,2
2026-01-06 04:35:00,1,4,0,191.9,0,8,9.6,44.8,2
2026-01-06 04:40:00,1,4,0,193.4,0,8,9.7,44.8,2
2026-01-06 04:45:00,1,4,0,181.3,0,8,9.1,44.5,2
2026-01-06 04:50:00,1,4,0,179.2,0,8,9.0,44.5,2
2026-01-06 04:55:00,1,4,0,173.5,0,8,8.7,44.3,2
2026-01-06 05:00:00,1,5,0,177.1,0,8,8.9,44.4,2
2026-01-06 05:05:00,1,5,0,157.9,0,8,7.9,43.9,2
2026-01-06 05:10:00,1,5,0,154.8,0,8,7.7,43.9,2
2026-01-06 05:15:00,1,5,0,167.9,0,8,8.4,44.2,2
2026-01-06 05:20:00,1,5,0,166.3,0,8,8.3,44.2,2
2026-01-06 05:25:00,1,5,0,163.0,0,8,8.2,44.1,2
2026-01-06 05:30:00,1,5,0,181.3,0,8,9.1,44.5,2
2026-01-06 05:35:00,1,5,0,186.2,0,8,9.3,44.7,2
2026-01-06 05:40:00,1,5,0,174.3,0,8,8.7,44.4,2
2026-01-06 05:45:00,1,5,0,196.3,0,8,9.8,44.9,2
2026-01-06 05:50:00,1,5,0,158.2,0,8,7.9,44.0,2
2026-01-06 05:55:00,1,5,0,173.7,0,8,8.7,44.3,2
2026-01-06 06:00:00,1,6,0,167.1,0,8,8.4,44.2,2
2026-01-06 06:05:00,1,6,0,151.2,0,8,7.6,43.8,2
2026-01-06 06:10:00,1,6,0,179.3,0,8,9.0,44.5,2
2026-01-06 06:15:00,1,6,0,180.2,0,8,9.0,44.5,2
2026-01-06 06:20:00,1,6,0,206.2,0,8,10.3,45.2,2
2026-01-06 06:25:00,1,6,0,194.5,0,8,9.7,44.9,2
2026-01-06 06:30:00,1,6,0,171.2,0,8,8.6,44.3,2
2026-01-06 06:35:00,1,6,0,216.1,0,8,10.8,45.4,2
2026-01-06 06:40:00,1,6,0,208.3,0,8,10.4,45.2,2
2026-01-06 06:45:00,1,6,0,200.5,0,8,10.0,45.0,2
2026-01-06 06:50:00,1,6,0,190.1,0,8,9.5,44.8,2
2026-01-06 06:55:00,1,6,0,181.0,0,8,9.0,44.5,2
2026-01-06 07:00:00,1,7,0,191.8,0,8,9.6,44.8,2
2026-01-06 07:05:00,1,7,0,215.7,0,8,10.8,45.4,2
2026-01-06 07:10:00,1,7,0,229.7,0,8,11.5,45.7,2
2026-01-06 07:15:00,1,7,0,226.7,0,8,11.3,45.7,2
2026-01-06 07:20:00,1,7,0,198.4,0,8,9.9,45.0,2
2026-01-06 07:25:00,1,7,0,191.2,0,8,9.6,44.8,2
2026-01-06 07:30:00,1,7,0,212.5,0,8,10.6,45.3,2
2026-01-06 07:35:00,1,7,0,186.2,0,8,9.3,44.7,2
2026-01-06 07:40:00,1,7,0,220.0,0,8,11.0,45.5,2
2026-01-06 07:45:00,1,7,0,215.5,0,8,10.8,45.4,2
2026-01-06 07:50:00,1,7,0,213.3,0,8,10.7,45.3,2
2026-01-06 07:55:00,1,7,0,199.0,0,8,10.0,45.0,2
2026-01-06 08:00:00,1,8,0,233.4,0,8,11.7,45.8,2
2026-01-06 08:05:00,1,8,0,220.5,0,8,11.0,45.5,2
2026-01-06 08:10:00,1,8,0,213.8,0,8,10.7,45.3,2
2026-01-06 08:15:00,1,8,0,191.2,0,8,9.6,44.8,2
2026-01-06 08:20:00,1,8,0,236.9,0,8,11.8,45.9,2
2026-01-06 08:25:00,1,8,0,266.9,0,8,13.3,46.7,2
2026-01-06 08:30:00,1,8,0,268.4,0,8,13.4,46.7,2
2026-01-06 08:35:00,1,8,0,239.8,0,8,12.0,46.0,2
2026-01-06 08:40:00,1,8,0,240.9,0,8,12.0,46.0,2
2026-01-06 08:45:00,1,8,0,260.3,0,8,13.0,46.5,2
2026-01-06 08:50:00,1,8,0,241.7,0,8,12.1,46.0,2
2026-01-06 08:55:00,1,8,0,264.6,0,8,13.2,46.6,2
2026-01-06 09:00:00,1,9,0,275.1,0,8,13.8,46.9,2
2026-01-06 09:05:00,1,9,0,285.6,0,8,14.3,47.1,2
2026-01-06 09:10:00,1,9,0,269.3,0,8,13.5,46.7,2
2026-01-06 09:15:00,1,9,0,271.5,0,8,13.6,46.8,2
2026-01-06 09:20:00,1,9,0,265.1,0,8,13.3,46.6,2
2026-01-06 09:25:00,1,9,0,269.7,0,8,13.5,46.7,2
2026-01-06 09:30:00,1,9,0,282.6,0,8,14.1,47.1,2
2026-01-06 09:35:00,1,9,0,295.4,0,8,14.8,47.4,2
2026-01-06 09:40:00,1,9,0,307.6,0,8,15.4,47.7,2
2026-01-06 09:45:00,1,9,0,285.9,0,8,14.3,47.1,2
2026-01-06 09:50:00,1,9,0,324.4,0,8,16.2,48.1,2
2026-01-06 09:55:00,1,9,0,302.0,0,8,15.1,47.6,2
2026-01-06 10:00:00,1,10,0,309.9,0,8,15.5,47.7,2
2026-01-06 10:05:00,1,10,0,303.2,0,8,15.2,47.6,2
2026-01-06 10:10:00,1,10,0,282.3,0,8,14.1,47.1,2
2026-01-06 10:15:00,1,10,0,336.2,0,8,16.8,48.4,2
2026-01-06 10:20:00,1,10,0,338.3,0,8,16.9,48.5,2
2026-01-06 10:25:00,1,10,0,327.3,0,8,16.4,48.2,2
2026-01-06 10:30:00,1,10,0,336.9,0,8,16.8,48.4,2
2026-01-06 10:35:00,1,10,0,348.0,0,8,17.4,48.7,2
2026-01-06 10:40:00,1,10,0,321.2,0,8,16.1,48.0,2
2026-01-06 10:45:00,1,10,0,341.1,0,8,17.1,48.5,2
2026-01-06 10:50:00,1,10,0,365.4,0,8,18.3,49.1,2
2026-01-06 10:55:00,1,10,0,339.0,0,8,17.0,48.5,2
2026-01-06 11:00:00,1,11,0,366.7,0,8,18.3,49.2,2
2026-01-06 11:05:00,1,11,0,346.4,0,8,17.3,48.7,2
2026-01-06 11:10:00,1,11,0,378.1,0,8,18.9,49.5,3
2026-01-06 11:15:00,1,11,0,375.0,0,8,18.8,49.4,2
2026-01-06 11:20:00,1,11,0,355.7,0,8,17.8,48.9,2
2026-01-06 11:25:00,1,11,0,401.8,0,8,20.1,50.0,3
2026-01-06 11:30:00,1,11,0,377.7,0,8,18.9,49.4,3
2026-01-06 11:35:00,1,11,0,380.9,0,8,19.0,49.5,3
2026-01-06 11:40:00,1,11,0,400.3,0,8,20.0,50.0,3
2026-01-06 11:45:00,1,11,0,418.8,0,8,20.9,50.5,3
2026-01-06 11:50:00,1,11,0,390.6,0,8,19.5,49.8,3
2026-01-06 11:55:00,1,11,0,411.0,0,8,20.5,50.3,3
2026-01-06 12:00:00,1,12,0,420.6,0,8,21.0,50.5,3
2026-01-06 12:05:00,1,12,0,428.7,0,8,21.4,50.7,3
2026-01-06 12:10:00,1,12,0,425.0,0,8,21.2,50.6,3
2026-01-06 12:15:00,1,12,0,420.8,0,8,21.0,50.5,3
2026-01-06 12:20:00,1,12,0,417.8,0,8,20.9,50.4,3
2026-01-06 12:25:00,1,12,0,435.4,0,8,21.8,50.9,3
2026-01-06 12:30:00,1,12,0,421.8,0,8,21.1,50.5,3
2026-01-06 12:35:00,1,12,0,397.8,0,8,19.9,49.9,3
2026-01-06 12:40:00,1,12,0,451.8,0,8,22.6,51.3,3
2026-01-06 12:45:00,1,12,0,462.3,0,8,23.1,51.6,3
2026-01-06 12:50:00,1,12,0,416.8,0,8,20.8,50.4,3
2026-01-06 12:55:00,1,12,0,440.5,0,8,22.0,51.0,3
2026-01-06 13:00:00,1,13,0,468.2,0,8,23.4,51.7,3
2026-01-06 13:05:00,1,13,0,492.9,0,8,24.6,52.3,3
2026-01-06 13:10:00,1,13,0,465.4,0,8,23.3,51.6,3
2026-01-06 13:15:00,1,13,0,457.1,0,8,22.9,51.4,3
2026-01-06 13:20:00,1,13,0,468.2,0,8,23.4,51.7,3
2026-01-06 13:25:00,1,13,0,494.2,0,8,24.7,52.4,3
2026-01-06 13:30:00,1,13,0,466.5,0,8,23.3,51.7,3
2026-01-06 13:35:00,1,13,0,466.7,0,8,23.3,51.7,3
2026-01-06 13:40:00,1,13,0,473.8,0,8,23.7,51.8,3
2026-01-06 13:45:00,1,13,0,469.0,0,8,23.4,51.7,3
2026-01-06 13:50:00,1,13,0,487.3,0,8,24.4,52.2,3
2026-01-06 13:55:00,1,13,0,511.8,0,8,25.6,52.8,3
2026-01-06 14:00:00,1,14,0,494.1,0,8,24.7,52.4,3
2026-01-06 14:05:00,1,14,0,487.1,0,8,24.4,52.2,3
2026-01-06 14:10:00,1,14,0,488.1,0,8,24.4,52.2,3
2026-01-06 14:15:00,1,14,0,470.5,0,8,23.5,51.8,3
2026-01-06 14:20:00,1,14,0,508.4,0,8,25.4,52.7,3
2026-01-06 14:25:00,1,14,0,495.1,0,8,24.8,52.4,3
2026-01-06 14:30:00,1,14,0,494.6,0,8,24.7,52.4,3
2026-01-06 14:35:00,1,14,0,546.0,0,8,27.3,53.6,3
2026-01-06 14:40:00,1,14,0,503.3,0,8,25.2,52.6,3
2026-01-06 14:45:00,1,14,0,488.0,0,8,24.4,52.2,3
2026-01-06 14:50:00,1,14,0,493.3,0,8,24.7,52.3,3
2026-01-06 14:55:00,1,14,0,517.2,0,8,25.9,52.9,3
2026-01-06 15:00:00,1,15,0,501.7,0,8,25.1,52.5,3
2026-01-06 15:05:00,1,15,0,478.3,0,8,23.9,52.0,3
2026-01-06 15:10:00,1,15,0,513.5,0,8,25.7,52.8,3
2026-01-06 15:15:00,1,15,0,489.3,0,8,24.5,52.2,3
2026-01-06 15:20:00,1,15,0,526.9,0,8,26.3,53.2,3
2026-01-06 15:25:00,1,15,0,514.3,0,8,25.7,52.9,3
2026-01-06 15:30:00,1,15,0,490.6,0,8,24.5,52.3,3
2026-01-06 15:35:00,1,15,0,515.5,0,8,25.8,52.9,3
2026-01-06 15:40:00,1,15,0,496.2,0,8,24.8,52.4,3
2026-01-06 15:45:00,1,15,0,506.7,0,8,25.3,52.7,3
2026-01-06 15:50:00,1,15,0,499.8,0,8,25.0,52.5,3
2026-01-06 15:55:00,1,15,0,478.2,0,8,23.9,52.0,3
2026-01-06 16:00:00,1,16,0,479.6,0,8,24.0,52.0,3
2026-01-06 16:05:00,1,16,0,502.8,0,8,25.1,52.6,3
2026-01-06 16:10:00,1,16,0,480.4,0,8,24.0,52.0,3
2026-01-06 16:15:00,1,16,0,477.3,0,8,23.9,51.9,3
2026-01-06 16:20:00,1,16,0,466.8,0,8,23.3,51.7,3
2026-01-06 16:25:00,1,16,0,485.1,0,8,24.3,52.1,3
2026-01-06 16:30:00,1,16,0,507.2,0,8,25.4,52.7,3
2026-01-06 16:35:00,1,16,0,457.6,0,8,22.9,51.4,3
2026-01-06 16:40:00,1,16,0,471.3,0,8,23.6,51.8,3
2026-01-06 16:45:00,1,16,0,489.2,0,8,24.5,52.2,3
2026-01-06 16:50:00,1,16,0,463.9,0,8,23.2,51.6,3
2026-01-06 16:55:00,1,16,0,468.8,0,8,23.4,51.7,3
2026-01-06 17:00:00,1,17,0,442.9,0,8,22.1,51.1,3
2026-01-06 17:05:00,1,17,0,462.0,0,8,23.1,51.6,3
2026-01-06 17:10:00,1,17,0,449.4,0,8,22.5,51.2,3
2026-01-06 17:15:00,1,17,0,463.6,0,8,23.2,51.6,3
2026-01-06 17:20:00,1,17,0,463.1,0,8,23.2,51.6,3
2026-01-06 17:25:00,1,17,0,480.5,0,8,24.0,52.0,3
2026-01-06 17:30:00,1,17,0,446.6,0,8,22.3,51.2,3
2026-01-06 17:35:00,1,17,0,439.0,0,8,22.0,51.0,3
2026-01-06 17:40:00,1,17,0,433.2,0,8,21.7,50.8,3
2026-01-06 17:45:00,1,17,0,421.0,0,8,21.0,50.5,3
2026-01-06 17:50:00,1,17,0,427.4,0,8,21.4,50.7,3
2026-01-06 17:55:00,1,17,0,413.9,0,8,20.7,50.3,3
2026-01-06 18:00:00,1,18,0,416.7,0,8,20.8,50.4,3
2026-01-06 18:05:00,1,18,0,429.8,0,8,21.5,50.7,3
2026-01-06 18:10:00,1,18,0,390.7,0,8,19.5,49.8,3
2026-01-06 18:15:00,1,18,0,418.7,0,8,20.9,50.5,3
2026-01-06 18:20:00,1,18,0,417.1,0,8,20.9,50.4,3
2026-01-06 18:25:00,1,18,0,391.2,0,8,19.6,49.8,3
2026-01-06 18:30:00,1,18,0,356.9,0,8,17.8,48.9,2
2026-01-06 18:35:00,1,18,0,375.2,0,8,18.8,49.4,3
2026-01-06 18:40:00,1,18,0,399.4,0,8,20.0,50.0,3
2026-01-06 18:45:00,1,18,0,375.2,0,8,18.8,49.4,3
2026-01-06 18:50:00,1,18,0,356.1,0,8,17.8,48.9,2
2026-01-06 18:55:00,1,18,0,359.1,0,8,18.0,49.0,2
2026-01-06 19:00:00,1,19,0,374.9,0,8,18.7,49.4,2
2026-01-06 19:05:00,1,19,0,366.1,0,8,18.3,49.2,2
2026-01-06 19:10:00,1,19,0,349.9,0,8,17.5,48.7,2
2026-01-06 19:15:00,1,19,0,343.5,0,8,17.2,48.6,2
2026-01-06 19:20:00,1,19,0,338.8,0,8,16.9,48.5,2
2026-01-06 19:25:00,1,19,0,326.4,0,8,16.3,48.2,2
2026-01-06 19:30:00,1,19,0,360.1,0,8,18.0,49.0,2
2026-01-06 19:35:00,1,19,0,326.7,0,8,16.3,48.2,2
2026-01-06 19:40:00,1,19,0,345.5,0,8,17.3,48.6,2
2026-01-06 19:45:00,1,19,0,345.7,0,8,17.3,48.6,2
2026-01-06 19:50:00,1,19,0,333.6,0,8,16.7,48.3,2
2026-01-06 19:55:00,1,19,0,308.0,0,8,15.4,47.7,2
2026-01-06 20:00:00,1,20,0,316.3,0,8,15.8,47.9,2
2026-01-06 20:05:00,1,20,0,305.7,0,8,15.3,47.6,2
2026-01-06 20:10:00,1,20,0,288.4,0,8,14.4,47.2,2
2026-01-06 20:15:00,1,20,0,302.8,0,8,15.1,47.6,2
2026-01-06 20:20:00,1,20,0,276.2,0,8,13.8,46.9,2
2026-01-06 20:25:00,1,20,0,307.7,0,8,15.4,47.7,2
2026-01-06 20:30:00,1,20,0,279.0,0,8,14.0,47.0,2
2026-01-06 20:35:00,1,20,0,285.1,0,8,14.3,47.1,2
2026-01-06 20:40:00,1,20,0,282.6,0,8,14.1,47.1,2
2026-01-06 20:45:00,1,20,0,270.7,0,8,13.5,46.8,2
2026-01-06 20:50:00,1,20,0,279.7,0,8,14.0,47.0,2
2026-01-06 20:55:00,1,20,0,260.1,0,8,13.0,46.5,2
2026-01-06 21:00:00,1,21,0,276.7,0,8,13.8,46.9,2
2026-01-06 21:05:00,1,21,0,239.9,0,8,12.0,46.0,2
2026-01-06 21:10:00,1,21,0,258.5,0,8,12.9,46.5,2
2026-01-06 21:15:00,1,21,0,282.3,0,8,14.1,47.1,2
2026-01-06 21:20:00,1,21,0,234.9,0,8,11.7,45.9,2
2026-01-06 21:25:00,1,21,0,236.5,0,8,11.8,45.9,2
2026-01-06 21:30:00,1,21,0,251.2,0,8,12.6,46.3,2
2026-01-06 21:35:00,1,21,0,243.0,0,8,12.2,46.1,2
2026-01-06 21:40:00,1,21,0,242.5,0,8,12.1,46.1,2
2026-01-06 21:45:00,1,21,0,241.6,0,8,12.1,46.0,2
2026-01-06 21:50:00,1,21,0,240.9,0,8,12.0,46.0,2
2026-01-06 21:55:00,1,21,0,245.1,0,8,12.3,46.1,2
2026-01-06 22:00:00,1,22,0,231.8,0,8,11.6,45.8,2
2026-01-06 22:05:00,1,22,0,219.3,0,8,11.0,45.5,2
2026-01-06 22:10:00,1,22,0,230.4,0,8,11.5,45.8,2
2026-01-06 22:15:00,1,22,0,246.2,0,8,12.3,46.2,2
2026-01-06 22:20:00,1,22,0,213.2,0,8,10.7,45.3,2
2026-01-06 22:25:00,1,22,0,198.1,0,8,9.9,45.0,2
2026-01-06 22:30:00,1,22,0,227.0,0,8,11.4,45.7,2
2026-01-06 22:35:00,1,22,0,206.2,0,8,10.3,45.2,2
2026-01-06 22:40:00,1,22,0,173.2,0,8,8.7,44.3,2
2026-01-06 22:45:00,1,22,0,216.3,0,8,10.8,45.4,2
2026-01-06 22:50:00,1,22,0,193.4,0,8,9.7,44.8,2
2026-01-06 22:55:00,1,22,0,198.0,0,8,9.9,45.0,2
2026-01-06 23:00:00,1,23,0,202.3,0,8,10.1,45.1,2
2026-01-06 23:05:00,1,23,0,198.3,0,8,9.9,45.0,2
2026-01-06 23:10:00,1,23,0,204.2,0,8,10.2,45.1,2
2026-01-06 23:15:00,1,23,0,185.2,0,8,9.3,44.6,2
2026-01-06 23:20:00,1,23,0,197.7,0,8,9.9,44.9,2
2026-01-06 23:25:00,1,23,0,184.4,0,8,9.2,44.6,2
2026-01-06 23:30:00,1,23,0,197.7,0,8,9.9,44.9,2
2026-01-06 23:35:00,1,23,0,194.2,0,8,9.7,44.9,2
2026-01-06 23:40:00,1,23,0,169.4,0,8,8.5,44.2,2
2026-01-06 23:45:00,1,23,0,198.3,0,8,9.9,45.0,2
2026-01-06 23:50:00,1,23,0,172.5,0,8,8.6,44.3,2
2026-01-06 23:55:00,1,23,0,191.3,0,8,9.6,44.8,2
2026-01-07 00:00:00,2,0,0,155.8,0,8,7.8,43.9,2
2026-01-07 00:05:00,2,0,0,177.9,0,8,8.9,44.4,2
2026-01-07 00:10:00,2,0,0,147.0,0,8,7.4,43.7,2
2026-01-07 00:15:00,2,0,0,145.2,0,8,7.3,43.6,2
2026-01-07 00:20:00,2,0,0,150.1,0,8,7.5,43.8,2
2026-01-07 00:25:00,2,0,0,145.9,0,8,7.3,43.6,2
2026-01-07 00:30:00,2,0,0,162.5,0,8,8.1,44.1,2
2026-01-07 00:35:00,2,0,0,126.3,0,8,6.3,43.2,2
2026-01-07 00:40:00,2,0,0,134.8,0,8,6.7,43.4,2
2026-01-07 00:45:00,2,0,0,134.6,0,8,6.7,43.4,2
2026-01-07 00:50:00,2,0,0,164.9,0,8,8.2,44.1,2
2026-01-07 00:55:00,2,0,0,176.4,0,8,8.8,44.4,2
2026-01-07 01:00:00,2,1,0,149.2,0,8,7.5,43.7,2
2026-01-07 01:05:00,2,1,0,148.3,0,8,7.4,43.7,2
2026-01-07 01:10:00,2,1,0,151.9,0,8,7.6,43.8,2
2026-01-07 01:15:00,2,1,0,168.4,0,8,8.4,44.2,2
2026-01-07 01:20:00,2,1,0,137.1,0,8,6.9,43.4,2
2026-01-07 01:25:00,2,1,0,154.7,0,8,7.7,43.9,2
2026-01-07 01:30:00,2,1,0,165.8,0,8,8.3,44.1,2
2026-01-07 01:35:00,2,1,0,158.8,0,8,7.9,44.0,2
2026-01-07 01:40:00,2,1,0,154.2,0,8,7.7,43.9,2
2026-01-07 01:45:00,2,1,0,166.5,0,8,8.3,44.2,2
2026-01-07 01:50:00,2,1,0,111.0,0,8,5.6,42.8,2
2026-01-07 01:55:00,2,1,0,161.8,0,8,8.1,44.0,2
2026-01-07 02:00:00,2,2,0,142.0,0,8,7.1,43.6,2
2026-01-07 02:05:00,2,2,0,124.4,0,8,6.2,43.1,2
2026-01-07 02:10:00,2,2,0,159.7,0,8,8.0,44.0,2
2026-01-07 02:15:00,2,2,0,172.8,0,8,8.6,44.3,2
2026-01-07 02:20:00,2,2,0,150.3,0,8,7.5,43.8,2
2026-01-07 02:25:00,2,2,0,166.8,0,8,8.3,44.2,2
2026-01-07 02:30:00,2,2,0,176.8,0,8,8.8,44.4,2
2026-01-07 02:35:00,2,2,0,172.6,0,8,8.6,44.3,2
2026-01-07 02:40:00,2,2,0,177.6,0,8,8.9,44.4,2
2026-01-07 02:45:00,2,2,0,164.3,0,8,8.2,44.1,2
2026-01-07 02:50:00,2,2,0,154.6,0,8,7.7,43.9,2
2026-01-07 02:55:00,2,2,0,129.6,0,8,6.5,43.2,2
2026-01-07 03:00:00,2,3,0,150.2,0,8,7.5,43.8,2
2026-01-07 03:05:00,2,3,0,141.5,0,8,7.1,43.5,2
2026-01-07 03:10:00,2,3,0,187.0,0,8,9.4,44.7,2
2026-01-07 03:15:00,2,3,0,152.0,0,8,7.6,43.8,2
2026-01-07 03:20:00,2,3,0,156.8,0,8,7.8,43.9,2
2026-01-07 03:25:00,2,3,0,163.6,0,8,8.2,44.1,2
2026-01-07 03:30:00,2,3,0,156.3,0,8,7.8,43.9,2
2026-01-07 03:35:00,2,3,0,181.4,0,8,9.1,44.5,2
2026-01-07 03:40:00,2,3,0,147.0,0,8,7.4,43.7,2
2026-01-07 03:45:00,2,3,0,159.6,0,8,8.0,44.0,2
2026-01-07 03:50:00,2,3,0,146.0,0,8,7.3,43.6,2
2026-01-07 03:55:00,2,3,0,137.7,0,8,6.9,43.4,2
2026-01-07 04:00:00,2,4,0,148.8,0,8,7.4,43.7,2
2026-01-07 04:05:00,2,4,0,157.9,0,8,7.9,43.9,2
2026-01-07 04:10:00,2,4,0,152.5,0,8,7.6,43.8,2
2026-01-07 04:15:00,2,4,0,149.1,0,8,7.5,43.7,2
2026-01-07 04:20:00,2,4,0,138.9,0,8,6.9,43.5,2
2026-01-07 04:25:00,2,4,0,159.3,0,8,8.0,44.0,2
2026-01-07 04:30:00,2,4,0,138.6,0,8,6.9,43.5,2
2026-01-07 04:35:00,2,4,0,173.2,0,8,8.7,44.3,2
2026-01-07 04:40:00,2,4,0,163.7,0,8,8.2,44.1,2
2026-01-07 04:45:00,2,4,0,141.3,0,8,7.1,43.5,2
2026-01-07 04:50:00,2,4,0,159.2,0,8,8.0,44.0,2
2026-01-07 04:55:00,2,4,0,153.3,0,8,7.7,43.8,2
2026-01-07 05:00:00,2,5,0,170.2,0,8,8.5,44.3,2
2026-01-07 05:05:00,2,5,0,186.3,0,8,9.3,44.7,2
2026-01-07 05:10:00,2,5,0,138.9,0,8,6.9,43.5,2
2026-01-07 05:15:00,2,5,0,169.7,0,8,8.5,44.2,2
2026-01-07 05:20:00,2,5,0,166.5,0,8,8.3,44.2,2
2026-01-07 05:25:00,2,5,0,179.9,0,8,9.0,44.5,2
2026-01-07 05:30:00,2,5,0,174.1,0,8,8.7,44.4,2
2026-01-07 05:35:00,2,5,0,160.6,0,8,8.0,44.0,2
2026-01-07 05:40:00,2,5,0,168.2,0,8,8.4,44.2,2
2026-01-07 05:45:00,2,5,0,162.2,0,8,8.1,44.1,2
2026-01-07 05:50:00,2,5,0,191.5,0,8,9.6,44.8,2
2026-01-07 05:55:00,2,5,0,176.9,0,8,8.8,44.4,2
2026-01-07 06:00:00,2,6,0,206.4,0,8,10.3,45.2,2
2026-01-07 06:05:00,2,6,0,178.3,0,8,8.9,44.5,2
2026-01-07 06:10:00,2,6,0,169.9,0,8,8.5,44.2,2
2026-01-07 06:15:00,2,6,0,159.3,0,8,8.0,44.0,2
2026-01-07 06:20:00,2,6,0,156.4,0,8,7.8,43.9,2
2026-01-07 06:25:00,2,6,0,161.2,0,8,8.1,44.0,2
2026-01-07 06:30:00,2,6,0,190.6,0,8,9.5,44.8,2
2026-01-07 06:35:00,2,6,0,195.9,0,8,9.8,44.9,2
2026-01-07 06:40:00,2,6,0,166.2,0,8,8.3,44.2,2
2026-01-07 06:45:00,2,6,0,205.1,0,8,10.3,45.1,2
2026-01-07 06:50:00,2,6,0,186.3,0,8,9.3,44.7,2
2026-01-07 06:55:00,2,6,0,197.6,0,8,9.9,44.9,2
2026-01-07 07:00:00,2,7,0,221.6,0,8,11.1,45.5,2
2026-01-07 07:05:00,2,7,0,212.8,0,8,10.6,45.3,2
2026-01-07 07:10:00,2,7,0,197.4,0,8,9.9,44.9,2
2026-01-07 07:15:00,2,7,0,190.2,0,8,9.5,44.8,2
2026-01-07 07:20:00,2,7,0,173.5,0,8,8.7,44.3,2
2026-01-07 07:25:00,2,7,0,197.2,0,8,9.9,44.9,2
2026-01-07 07:30:00,2,7,0,207.2,0,8,10.4,45.2,2
2026-01-07 07:35:00,2,7,0,197.9,0,8,9.9,44.9,2
2026-01-07 07:40:00,2,7,0,213.2,0,8,10.7,45.3,2
2026-01-07 07:45:00,2,7,0,218.9,0,8,10.9,45.5,2
2026-01-07 07:50:00,2,7,0,216.9,0,8,10.8,45.4,2
2026-01-07 07:55:00,2,7,0,213.2,0,8,10.7,45.3,2
2026-01-07 08:00:00,2,8,0,228.2,0,8,11.4,45.7,2
2026-01-07 08:05:00,2,8,0,235.1,0,8,11.8,45.9,2
2026-01-07 08:10:00,2,8,0,215.0,0,8,10.8,45.4,2
2026-01-07 08:15:00,2,8,0,255.4,0,8,12.8,46.4,2
2026-01-07 08:20:00,2,8,0,235.8,0,8,11.8,45.9,2
2026-01-07 08:25:00,2,8,0,240.6,0,8,12.0,46.0,2
2026-01-07 08:30:00,2,8,0,254.1,0,8,12.7,46.4,2
2026-01-07 08:35:00,2,8,0,250.2,0,8,12.5,46.3,2
2026-01-07 08:40:00,2,8,0,264.2,0,8,13.2,46.6,2
2026-01-07 08:45:00,2,8,0,257.6,0,8,12.9,46.4,2
2026-01-07 08:50:00,2,8,0,247.5,0,8,12.4,46.2,2
2026-01-07 08:55:00,2,8,0,265.5,0,8,13.3,46.6,2
2026-01-07 09:00:00,2,9,0,246.5,0,8,12.3,46.2,2
2026-01-07 09:05:00,2,9,0,268.8,0,8,13.4,46.7,2
2026-01-07 09:10:00,2,9,0,270.4,0,8,13.5,46.8,2
2026-01-07 09:15:00,2,9,0,271.4,0,8,13.6,46.8,2
2026-01-07 09:20:00,2,9,0,276.4,0,8,13.8,46.9,2
2026-01-07 09:25:00,2,9,0,253.9,0,8,12.7,46.3,2
2026-01-07 09:30:00,2,9,0,277.8,0,8,13.9,46.9,2
2026-01-07 09:35:00,2,9,0,291.3,0,8,14.6,47.3,2
2026-01-07 09:40:00,2,9,0,296.3,0,8,14.8,47.4,2
2026-01-07 09:45:00,2,9,0,282.5,0,8,14.1,47.1,2
2026-01-07 09:50:00,2,9,0,321.0,0,8,16.0,48.0,2
2026-01-07 09:55:00,2,9,0,293.1,0,8,14.7,47.3,2
2026-01-07 10:00:00,2,10,0,324.8,0,8,16.2,48.1,2
2026-01-07 10:05:00,2,10,0,320.8,0,8,16.0,48.0,2
2026-01-07 10:10:00,2,10,0,309.0,0,8,15.4,47.7,2
2026-01-07 10:15:00,2,10,0,349.6,0,8,17.5,48.7,2
2026-01-07 10:20:00,2,10,0,309.3,0,8,15.5,47.7,2
2026-01-07 10:25:00,2,10,0,345.3,0,8,17.3,48.6,2
2026-01-07 10:30:00,2,10,0,350.9,0,8,17.5,48.8,2
2026-01-07 10:35:00,2,10,0,330.2,0,8,16.5,48.3,2
2026-01-07 10:40:00,2,10,0,365.5,0,8,18.3,49.1,2
2026-01-07 10:45:00,2,10,0,345.3,0,8,17.3,48.6,2
2026-01-07 10:50:00,2,10,0,357.8,0,8,17.9,48.9,2
2026-01-07 10:55:00,2,10,0,361.8,0,8,18.1,49.0,2
2026-01-07 11:00:00,2,11,0,360.3,0,8,18.0,49.0,2
2026-01-07 11:05:00,2,11,0,378.9,0,8,18.9,49.5,3
2026-01-07 11:10:00,2,11,0,383.0,0,8,19.2,49.6,3
2026-01-07 11:15:00,2,11,0,349.3,0,8,17.5,48.7,2
2026-01-07 11:20:00,2,11,0,399.5,0,8,20.0,50.0,3
2026-01-07 11:25:00,2,11,0,359.4,0,8,18.0,49.0,2
2026-01-07 11:30:00,2,11,0,404.2,0,8,20.2,50.1,3
2026-01-07 11:35:00,2,11,0,409.9,0,8,20.5,50.2,3
2026-01-07 11:40:00,2,11,0,381.0,0,8,19.0,49.5,3
2026-01-07 11:45:00,2,11,0,395.4,0,8,19.8,49.9,3
2026-01-07 11:50:00,2,11,0,389.3,0,8,19.5,49.7,3
2026-01-07 11:55:00,2,11,0,406.8,0,8,20.3,50.2,3
2026-01-07 12:00:00,2,12,0,409.6,0,8,20.5,50.2,3
2026-01-07 12:05:00,2,12,0,430.0,0,8,21.5,50.8,3
2026-01-07 12:10:00,2,12,0,442.0,0,8,22.1,51.0,3
2026-01-07 12:15:00,2,12,0,447.3,0,8,22.4,51.2,3
2026-01-07 12:20:00,2,12,0,421.8,0,8,21.1,50.5,3
2026-01-07 12:25:00,2,12,0,431.0,0,8,21.6,50.8,3
2026-01-07 12:30:00,2,12,0,412.7,0,8,20.6,50.3,3
2026-01-07 12:35:00,2,12,0,429.5,0,8,21.5,50.7,3
2026-01-07 12:40:00,2,12,0,459.7,0,8,23.0,51.5,3
2026-01-07 12:45:00,2,12,0,473.0,0,8,23.6,51.8,3
2026-01-07 12:50:00,2,12,0,433.7,0,8,21.7,50.8,3
2026-01-07 12:55:00,2,12,0,446.7,0,8,22.3,51.2,3
2026-01-07 13:00:00,2,13,0,458.5,0,8,22.9,51.5,3
2026-01-07 13:05:00,2,13,0,466.2,0,8,23.3,51.7,3
2026-01-07 13:10:00,2,13,0,453.0,0,8,22.7,51.3,3
2026-01-07 13:15:00,2,13,0,474.4,0,8,23.7,51.9,3
2026-01-07 13:20:00,2,13,0,463.8,0,8,23.2,51.6,3
2026-01-07 13:25:00,2,13,0,473.4,0,8,23.7,51.8,3
2026-01-07 13:30:00,2,13,0,484.4,0,8,24.2,52.1,3
2026-01-07 13:35:00,2,13,0,478.8,0,8,23.9,52.0,3
2026-01-07 13:40:00,2,13,0,474.5,0,8,23.7,51.9,3
2026-01-07 13:45:00,2,13,0,481.7,0,8,24.1,52.0,3
2026-01-07 13:50:00,2,13,0,484.1,0,8,24.2,52.1,3
2026-01-07 13:55:00,2,13,0,481.8,0,8,24.1,52.0,3
2026-01-07 14:00:00,2,14,0,485.3,0,8,24.3,52.1,3
2026-01-07 14:05:00,2,14,0,514.9,0,8,25.7,52.9,3
2026-01-07 14:10:00,2,14,0,500.9,0,8,25.0,52.5,3
2026-01-07 14:15:00,2,14,0,489.5,0,8,24.5,52.2,3
2026-01-07 14:20:00,2,14,0,505.6,0,8,25.3,52.6,3
2026-01-07 14:25:00,2,14,0,491.3,0,8,24.6,52.3,3
2026-01-07 14:30:00,2,14,0,514.9,0,8,25.7,52.9,3
2026-01-07 14:35:00,2,14,0,503.7,0,8,25.2,52.6,3
2026-01-07 14:40:00,2,14,0,497.2,0,8,24.9,52.4,3
2026-01-07 14:45:00,2,14,0,506.0,0,8,25.3,52.6,3
2026-01-07 14:50:00,2,14,0,476.1,0,8,23.8,51.9,3
2026-01-07 14:55:00,2,14,0,483.0,0,8,24.2,52.1,3
2026-01-07 15:00:00,2,15,0,482.1,0,8,24.1,52.1,3
2026-01-07 15:05:00,2,15,0,502.1,0,8,25.1,52.6,3
2026-01-07 15:10:00,2,15,0,525.7,0,8,26.3,53.1,3
2026-01-07 15:15:00,2,15,0,532.8,0,8,26.6,53.3,3
2026-01-07 15:20:00,2,15,0,508.4,0,8,25.4,52.7,3
2026-01-07 15:25:00,2,15,0,505.6,0,8,25.3,52.6,3
2026-01-07 15:30:00,2,15,0,470.3,0,8,23.5,51.8,3
2026-01-07 15:35:00,2,15,0,488.2,0,8,24.4,52.2,3
2026-01-07 15:40:00,2,15,0,483.4,0,8,24.2,52.1,3
2026-01-07 15:45:00,2,15,0,484.6,0,8,24.2,52.1,3
2026-01-07 15:50:00,2,15,0,490.0,0,8,24.5,52.2,3
2026-01-07 15:55:00,2,15,0,483.8,0,8,24.2,52.1,3
2026-01-07 16:00:00,2,16,0,459.5,0,8,23.0,51.5,3
2026-01-07 16:05:00,2,16,0,498.6,0,8,24.9,52.5,3
2026-01-07 16:10:00,2,16,0,469.3,0,8,23.5,51.7,3
2026-01-07 16:15:00,2,16,0,486.9,0,8,24.3,52.2,3
2026-01-07 16:20:00,2,16,0,512.2,0,8,25.6,52.8,3
2026-01-07 16:25:00,2,16,0,464.9,0,8,23.2,51.6,3
2026-01-07 16:30:00,2,16,0,438.3,0,8,21.9,51.0,3
2026-01-07 16:35:00,2,16,0,469.3,0,8,23.5,51.7,3
2026-01-07 16:40:00,2,16,0,487.4,0,8,24.4,52.2,3
2026-01-07 16:45:00,2,16,0,497.4,0,8,24.9,52.4,3
2026-01-07 16:50:00,2,16,0,446.7,0,8,22.3,51.2,3
2026-01-07 16:55:00,2,16,0,469.5,0,8,23.5,51.7,3
2026-01-07 17:00:00,2,17,0,451.9,0,8,22.6,51.3,3
2026-01-07 17:05:00,2,17,0,454.0,0,8,22.7,51.4,3
2026-01-07 17:10:00,2,17,0,491.9,0,8,24.6,52.3,3
2026-01-07 17:15:00,2,17,0,426.2,0,8,21.3,50.7,3
2026-01-07 17:20:00,2,17,0,449.0,0,8,22.4,51.2,3
2026-01-07 17:25:00,2,17,0,448.6,0,8,22.4,51.2,3
2026-01-07 17:30:00,2,17,0,454.2,0,8,22.7,51.4,3
2026-01-07 17:35:00,2,17,0,435.6,0,8,21.8,50.9,3
2026-01-07 17:40:00,2,17,0,434.9,0,8,21.7,50.9,3
2026-01-07 17:45:00,2,17,0,420.5,0,8,21.0,50.5,3
2026-01-07 17:50:00,2,17,0,426.4,0,8,21.3,50.7,3
2026-01-07 17:55:00,2,17,0,413.1,0,8,20.7,50.3,3
2026-01-07 18:00:00,2,18,0,423.5,0,8,21.2,50.6,3
2026-01-07 18:05:00,2,18,0,404.5,0,8,20.2,50.1,3
2026-01-07 18:10:00,2,18,0,411.5,0,8,20.6,50.3,3
2026-01-07 18:15:00,2,18,0,401.2,0,8,20.1,50.0,3
2026-01-07 18:20:00,2,18,0,414.2,0,8,20.7,50.4,3
2026-01-07 18:25:00,2,18,0,392.2,0,8,19.6,49.8,3
2026-01-07 18:30:00,2,18,0,362.1,0,8,18.1,49.1,2
2026-01-07 18:35:00,2,18,0,403.2,0,8,20.2,50.1,3
2026-01-07 18:40:00,2,18,0,366.3,0,8,18.3,49.2,2
2026-01-07 18:45:00,2,18,0,365.7,0,8,18.3,49.1,2
2026-01-07 18:50:00,2,18,0,362.2,0,8,18.1,49.1,2
2026-01-07 18:55:00,2,18,0,387.3,0,8,19.4,49.7,3
2026-01-07 19:00:00,2,19,0,330.3,0,8,16.5,48.3,2
2026-01-07 19:05:00,2,19,0,404.9,0,8,20.2,50.1,3
2026-01-07 19:10:00,2,19,0,369.3,0,8,18.5,49.2,2
2026-01-07 19:15:00,2,19,0,352.4,0,8,17.6,48.8,2
2026-01-07 19:20:00,2,19,0,343.8,0,8,17.2,48.6,2
2026-01-07 19:25:00,2,19,0,344.5,0,8,17.2,48.6,2
2026-01-07 19:30:00,2,19,0,343.7,0,8,17.2,48.6,2
2026-01-07 19:35:00,2,19,0,341.2,0,8,17.1,48.5,2
2026-01-07 19:40:00,2,19,0,335.6,0,8,16.8,48.4,2
2026-01-07 19:45:00,2,19,0,324.3,0,8,16.2,48.1,2
2026-01-07 19:50:00,2,19,0,315.7,0,8,15.8,47.9,2
2026-01-07 19:55:00,2,19,0,312.2,0,8,15.6,47.8,2
2026-01-07 20:00:00,2,20,0,307.3,0,8,15.4,47.7,2
2026-01-07 20:05:00,2,20,0,323.1,0,8,16.2,48.1,2
2026-01-07 20:10:00,2,20,0,310.9,0,8,15.5,47.8,2
2026-01-07 20:15:00,2,20,0,253.8,0,8,12.7,46.3,2
2026-01-07 20:20:00,2,20,0,303.7,0,8,15.2,47.6,2
2026-01-07 20:25:00,2,20,0,292.8,0,8,14.6,47.3,2
2026-01-07 20:30:00,2,20,0,285.7,0,8,14.3,47.1,2
2026-01-07 20:35:00,2,20,0,276.3,0,8,13.8,46.9,2
2026-01-07 20:40:00,2,20,0,295.2,0,8,14.8,47.4,2
2026-01-07 20:45:00,2,20,0,288.8,0,8,14.4,47.2,2
2026-01-07 20:50:00,2,20,0,259.3,0,8,13.0,46.5,2
2026-01-07 20:55:00,2,20,0,273.3,0,8,13.7,46.8,2
2026-01-07 21:00:00,2,21,0,249.1,0,8,12.5,46.2,2
2026-01-07 21:05:00,2,21,0,239.4,0,8,12.0,46.0,2
2026-01-07 21:10:00,2,21,0,247.3,0,8,12.4,46.2,2
2026-01-07 21:15:00,2,21,0,266.2,0,8,13.3,46.7,2
2026-01-07 21:20:00,2,21,0,264.2,0,8,13.2,46.6,2
2026-01-07 21:25:00,2,21,0,254.4,0,8,12.7,46.4,2
2026-01-07 21:30:00,2,21,0,254.3,0,8,12.7,46.4,2
2026-01-07 21:35:00,2,21,0,248.1,0,8,12.4,46.2,2
2026-01-07 21:40:00,2,21,0,227.7,0,8,11.4,45.7,2
2026-01-07 21:45:00,2,21,0,240.8,0,8,12.0,46.0,2
2026-01-07 21:50:00,2,21,0,243.4,0,8,12.2,46.1,2
2026-01-07 21:55:00,2,21,0,239.8,0,8,12.0,46.0,2
2026-01-07 22:00:00,2,22,0,243.5,0,8,12.2,46.1,2
2026-01-07 22:05:00,2,22,0,233.6,0,8,11.7,45.8,2
2026-01-07 22:10:00,2,22,0,225.6,0,8,11.3,45.6,2
2026-01-07 22:15:00,2,22,0,233.8,0,8,11.7,45.8,2
2026-01-07 22:20:00,2,22,0,214.8,0,8,10.7,45.4,2
2026-01-07 22:25:00,2,22,0,199.5,0,8,10.0,45.0,2
2026-01-07 22:30:00,2,22,0,207.9,0,8,10.4,45.2,2
2026-01-07 22:35:00,2,22,0,196.8,0,8,9.8,44.9,2
2026-01-07 22:40:00,2,22,0,195.6,0,8,9.8,44.9,2
2026-01-07 22:45:00,2,22,0,201.4,0,8,10.1,45.0,2
2026-01-07 22:50:00,2,22,0,189.6,0,8,9.5,44.7,2
2026-01-07 22:55:00,2,22,0,194.8,0,8,9.7,44.9,2
2026-01-07 23:00:00,2,23,0,169.0,0,8,8.5,44.2,2
2026-01-07 23:05:00,2,23,0,198.6,0,8,9.9,45.0,2
2026-01-07 23:10:00,2,23,0,193.6,0,8,9.7,44.8,2
2026-01-07 23:15:00,2,23,0,179.5,0,8,9.0,44.5,2
2026-01-07 23:20:00,2,23,0,199.8,0,8,10.0,45.0,2
2026-01-07 23:25:00,2,23,0,202.3,0,8,10.1,45.1,2
2026-01-07 23:30:00,2,23,0,162.5,0,8,8.1,44.1,2
2026-01-07 23:35:00,2,23,0,173.6,0,8,8.7,44.3,2
2026-01-07 23:40:00,2,23,0,171.9,0,8,8.6,44.3,2
2026-01-07 23:45:00,2,23,0,167.9,0,8,8.4,44.2,2
2026-01-07 23:50:00,2,23,0,193.0,0,8,9.6,44.8,2
2026-01-07 23:55:00,2,23,0,176.3,0,8,8.8,44.4,2
2026-01-08 00:00:00,3,0,0,146.3,0,8,7.3,43.7,2
2026-01-08 00:05:00,3,0,0,120.3,0,8,6.0,43.0,2
2026-01-08 00:10:00,3,0,0,159.9,0,8,8.0,44.0,2
2026-01-08 00:15:00,3,0,0,131.8,0,8,6.6,43.3,2
2026-01-08 00:20:00,3,0,0,151.3,0,8,7.6,43.8,2
2026-01-08 00:25:00,3,0,0,154.6,0,8,7.7,43.9,2
2026-01-08 00:30:00,3,0,0,170.9,0,8,8.5,44.3,2
2026-01-08 00:35:00,3,0,0,130.9,0,8,6.5,43.3,2
2026-01-08 00:40:00,3,0,0,105.3,0,8,5.3,42.6,2
2026-01-08 00:45:00,3,0,0,153.4,0,8,7.7,43.8,2
2026-01-08 00:50:00,3,0,0,177.7,0,8,8.9,44.4,2
2026-01-08 00:55:00,3,0,0,169.3,0,8,8.5,44.2,2
2026-01-08 01:00:00,3,1,0,153.9,0,8,7.7,43.8,2
2026-01-08 01:05:00,3,1,0,143.4,0,8,7.2,43.6,2
2026-01-08 01:10:00,3,1,0,163.0,0,8,8.2,44.1,2
2026-01-08 01:15:00,3,1,0,136.3,0,8,6.8,43.4,2
2026-01-08 01:20:00,3,1,0,158.2,0,8,7.9,44.0,2
2026-01-08 01:25:00,3,1,0,158.7,0,8,7.9,44.0,2
2026-01-08 01:30:00,3,1,0,167.1,0,8,8.4,44.2,2
2026-01-08 01:35:00,3,1,0,192.7,0,8,9.6,44.8,2
2026-01-08 01:40:00,3,1,0,157.2,0,8,7.9,43.9,2
2026-01-08 01:45:00,3,1,0,143.8,0,8,7.2,43.6,2
2026-01-08 01:50:00,3,1,0,151.2,0,8,7.6,43.8,2
2026-01-08 01:55:00,3,1,0,125.1,0,8,6.3,43.1,2
2026-01-08 02:00:00,3,2,0,141.4,0,8,7.1,43.5,2
2026-01-08 02:05:00,3,2,0,145.8,0,8,7.3,43.6,2
2026-01-08 02:10:00,3,2,0,144.2,0,8,7.2,43.6,2
2026-01-08 02:15:00,3,2,0,154.5,0,8,7.7,43.9,2
2026-01-08 02:20:00,3,2,0,140.0,0,8,7.0,43.5,2
2026-01-08 02:25:00,3,2,0,169.3,0,8,8.5,44.2,2
2026-01-08 02:30:00,3,2,0,152.7,0,8,7.6,43.8,2
2026-01-08 02:35:00,3,2,0,152.7,0,8,7.6,43.8,2
2026-01-08 02:40:00,3,2,0,148.1,0,8,7.4,43.7,2
2026-01-08 02:45:00,3,2,0,155.5,0,8,7.8,43.9,2
2026-01-08 02:50:00,3,2,0,165.8,0,8,8.3,44.1,2
2026-01-08 02:55:00,3,2,0,140.6,0,8,7.0,43.5,2
2026-01-08 03:00:00,3,3,0,144.0,0,8,7.2,43.6,2
2026-01-08 03:05:00,3,3,0,149.6,0,8,7.5,43.7,2
2026-01-08 03:10:00,3,3,0,134.2,0,8,6.7,43.4,2
2026-01-08 03:15:00,3,3,0,142.4,0,8,7.1,43.6,2
2026-01-08 03:20:00,3,3,0,147.8,0,8,7.4,43.7,2
2026-01-08 03:25:00,3,3,0,168.4,0,8,8.4,44.2,2
2026-01-08 03:30:00,3,3,0,159.6,0,8,8.0,44.0,2
2026-01-08 03:35:00,3,3,0,158.9,0,8,7.9,44.0,2
2026-01-08 03:40:00,3,3,0,169.1,0,8,8.5,44.2,2
2026-01-08 03:45:00,3,3,0,154.6,0,8,7.7,43.9,2
2026-01-08 03:50:00,3,3,0,163.0,0,8,8.2,44.1,2
2026-01-08 03:55:00,3,3,0,156.0,0,8,7.8,43.9,2
2026-01-08 04:00:00,3,4,0,162.0,0,8,8.1,44.0,2
2026-01-08 04:05:00,3,4,0,149.7,0,8,7.5,43.7,2
2026-01-08 04:10:00,3,4,0,122.4,0,8,6.1,43.1,2
2026-01-08 04:15:00,3,4,0,157.4,0,8,7.9,43.9,2
2026-01-08 04:20:00,3,4,0,181.3,0,8,9.1,44.5,2
2026-01-08 04:25:00,3,4,0,174.5,0,8,8.7,44.4,2
2026-01-08 04:30:00,3,4,0,175.6,0,8,8.8,44.4,2
2026-01-08 04:35:00,3,4,0,180.3,0,8,9.0,44.5,2
2026-01-08 04:40:00,3,4,0,163.8,0,8,8.2,44.1,2
2026-01-08 04:45:00,3,4,0,166.1,0,8,8.3,44.2,2
2026-01-08 04:50:00,3,4,0,154.6,0,8,7.7,43.9,2
2026-01-08 04:55:00,3,4,0,159.9,0,8,8.0,44.0,2
2026-01-08 05:00:00,3,5,0,174.6,0,8,8.7,44.4,2
2026-01-08 05:05:00,3,5,0,184.3,0,8,9.2,44.6,2
2026-01-08 05:10:00,3,5,0,165.0,0,8,8.2,44.1,2
2026-01-08 05:15:00,3,5,0,161.2,0,8,8.1,44.0,2
2026-01-08 05:20:00,3,5,0,168.9,0,8,8.4,44.2,2
2026-01-08 05:25:00,3,5,0,178.9,0,8,8.9,44.5,2
2026-01-08 05:30:00,3,5,0,149.2,0,8,7.5,43.7,2
2026-01-08 05:35:00,3,5,0,137.5,0,8,6.9,43.4,2
2026-01-08 05:40:00,3,5,0,164.7,0,8,8.2,44.1,2
2026-01-08 05:45:00,3,5,0,155.8,0,8,7.8,43.9,2
2026-01-08 05:50:00,3,5,0,167.7,0,8,8.4,44.2,2
2026-01-08 05:55:00,3,5,0,174.3,0,8,8.7,44.4,2
2026-01-08 06:00:00,3,6,0,171.0,0,8,8.6,44.3,2
2026-01-08 06:05:00,3,6,0,201.0,0,8,10.0,45.0,2
2026-01-08 06:10:00,3,6,0,185.5,0,8,9.3,44.6,2
2026-01-08 06:15:00,3,6,0,186.5,0,8,9.3,44.7,2
2026-01-08 06:20:00,3,6,0,192.8,0,8,9.6,44.8,2
2026-01-08 06:25:00,3,6,0,167.9,0,8,8.4,44.2,2
2026-01-08 06:30:00,3,6,0,202.2,0,8,10.1,45.1,2
2026-01-08 06:35:00,3,6,0,187.1,0,8,9.4,44.7,2
2026-01-08 06:40:00,3,6,0,200.0,0,8,10.0,45.0,2
2026-01-08 06:45:00,3,6,0,175.6,0,8,8.8,44.4,2
2026-01-08 06:50:00,3,6,0,170.2,0,8,8.5,44.3,2
2026-01-08 06:55:00,3,6,0,207.7,0,8,10.4,45.2,2
2026-01-08 07:00:00,3,7,0,203.0,0,8,10.2,45.1,2
2026-01-08 07:05:00,3,7,0,185.8,0,8,9.3,44.6,2
2026-01-08 07:10:00,3,7,0,188.4,0,8,9.4,44.7,2
2026-01-08 07:15:00,3,7,0,220.5,0,8,11.0,45.5,2
2026-01-08 07:20:00,3,7,0,187.9,0,8,9.4,44.7,2
2026-01-08 07:25:00,3,7,0,232.7,0,8,11.6,45.8,2
2026-01-08 07:30:00,3,7,0,196.8,0,8,9.8,44.9,2
2026-01-08 07:35:00,3,7,0,222.3,0,8,11.1,45.6,2
2026-01-08 07:40:00,3,7,0,210.3,0,8,10.5,45.3,2
2026-01-08 07:45:00,3,7,0,226.8,0,8,11.3,45.7,2
2026-01-08 07:50:00,3,7,0,212.1,0,8,10.6,45.3,2
2026-01-08 07:55:00,3,7,0,220.5,0,8,11.0,45.5,2
2026-01-08 08:00:00,3,8,0,226.3,0,8,11.3,45.7,2
2026-01-08 08:05:00,3,8,0,213.5,0,8,10.7,45.3,2
2026-01-08 08:10:00,3,8,0,242.5,0,8,12.1,46.1,2
2026-01-08 08:15:00,3,8,0,226.6,0,8,11.3,45.7,2
2026-01-08 08:20:00,3,8,0,233.8,0,8,11.7,45.8,2
2026-01-08 08:25:00,3,8,0,225.4,0,8,11.3,45.6,2
2026-01-08 08:30:00,3,8,0,205.0,0,8,10.2,45.1,2
2026-01-08 08:35:00,3,8,0,243.8,0,8,12.2,46.1,2
2026-01-08 08:40:00,3,8,0,286.1,0,8,14.3,47.2,2
2026-01-08 08:45:00,3,8,0,265.0,0,8,13.2,46.6,2
2026-01-08 08:50:00,3,8,0,256.4,0,8,12.8,46.4,2
2026-01-08 08:55:00,3,8,0,256.2,0,8,12.8,46.4,2
2026-01-08 09:00:00,3,9,0,264.0,0,8,13.2,46.6,2
2026-01-08 09:05:00,3,9,0,275.4,0,8,13.8,46.9,2
2026-01-08 09:10:00,3,9,0,253.1,0,8,12.7,46.3,2
2026-01-08 09:15:00,3,9,0,291.3,0,8,14.6,47.3,2
2026-01-08 09:20:00,3,9,0,289.0,0,8,14.4,47.2,2
2026-01-08 09:25:00,3,9,0,292.9,0,8,14.6,47.3,2
2026-01-08 09:30:00,3,9,0,292.6,0,8,14.6,47.3,2
2026-01-08 09:35:00,3,9,0,290.2,0,8,14.5,47.3,2
2026-01-08 09:40:00,3,9,0,304.0,0,8,15.2,47.6,2
2026-01-08 09:45:00,3,9,0,306.8,0,8,15.3,47.7,2
2026-01-08 09:50:00,3,9,0,296.7,0,8,14.8,47.4,2
2026-01-08 09:55:00,3,9,0,297.5,0,8,14.9,47.4,2
2026-01-08 10:00:00,3,10,0,311.8,0,8,15.6,47.8,2
2026-01-08 10:05:00,3,10,0,337.7,0,8,16.9,48.4,2
2026-01-08 10:10:00,3,10,0,300.1,0,8,15.0,47.5,2
2026-01-08 10:15:00,3,10,0,300.9,0,8,15.0,47.5,2
2026-01-08 10:20:00,3,10,0,329.7,0,8,16.5,48.2,2
2026-01-08 10:25:00,3,10,0,332.3,0,8,16.6,48.3,2
2026-01-08 10:30:00,3,10,0,338.5,0,8,16.9,48.5,2
2026-01-08 10:35:00,3,10,0,343.9,0,8,17.2,48.6,2
2026-01-08 10:40:00,3,10,0,341.3,0,8,17.1,48.5,2
2026-01-08 10:45:00,3,10,0,371.4,0,8,18.6,49.3,2
2026-01-08 10:50:00,3,10,0,329.4,0,8,16.5,48.2,2
2026-01-08 10:55:00,3,10,0,345.4,0,8,17.3,48.6,2
2026-01-08 11:00:00,3,11,0,360.7,0,8,18.0,49.0,2
2026-01-08 11:05:00,3,11,0,342.1,0,8,17.1,48.6,2
2026-01-08 11:10:00,3,11,0,368.5,0,8,18.4,49.2,2
2026-01-08 11:15:00,3,11,0,400.5,0,8,20.0,50.0,3
2026-01-08 11:20:00,3,11,0,380.2,0,8,19.0,49.5,3
2026-01-08 11:25:00,3,11,0,387.8,0,8,19.4,49.7,3
2026-01-08 11:30:00,3,11,0,369.8,0,8,18.5,49.2,2
2026-01-08 11:35:00,3,11,0,383.8,0,8,19.2,49.6,3
2026-01-08 11:40:00,3,11,0,391.7,0,8,19.6,49.8,3
2026-01-08 11:45:00,3,11,0,396.8,0,8,19.8,49.9,3
2026-01-08 11:50:00,3,11,0,425.1,0,8,21.3,50.6,3
2026-01-08 11:55:00,3,11,0,418.4,0,8,20.9,50.5,3
2026-01-08 12:00:00,3,12,0,397.5,0,8,19.9,49.9,3
2026-01-08 12:05:00,3,12,0,422.0,0,8,21.1,50.6,3
2026-01-08 12:10:00,3,12,0,429.8,0,8,21.5,50.7,3
2026-01-08 12:15:00,3,12,0,443.4,0,8,22.2,51.1,3
2026-01-08 12:20:00,3,12,0,454.0,0,8,22.7,51.4,3
2026-01-08 12:25:00,3,12,0,418.9,0,8,20.9,50.5,3
2026-01-08 12:30:00,3,12,0,425.7,0,8,21.3,50.6,3
2026-01-08 12:35:00,3,12,0,422.7,0,8,21.1,50.6,3
2026-01-08 12:40:00,3,12,0,441.7,0,8,22.1,51.0,3
2026-01-08 12:45:00,3,12,0,455.8,0,8,22.8,51.4,3
2026-01-08 12:50:00,3,12,0,467.1,0,8,23.4,51.7,3
2026-01-08 12:55:00,3,12,0,454.5,0,8,22.7,51.4,3
2026-01-08 13:00:00,3,13,0,454.1,0,8,22.7,51.4,3
2026-01-08 13:05:00,3,13,0,464.3,0,8,23.2,51.6,3
2026-01-08 13:10:00,3,13,0,452.6,0,8,22.6,51.3,3
2026-01-08 13:15:00,3,13,0,499.4,0,8,25.0,52.5,3
2026-01-08 13:20:00,3,13,0,446.8,0,8,22.3,51.2,3
2026-01-08 13:25:00,3,13,0,476.4,0,8,23.8,51.9,3
2026-01-08 13:30:00,3,13,0,506.6,0,8,25.3,52.7,3
2026-01-08 13:35:00,3,13,0,478.8,0,8,23.9,52.0,3
2026-01-08 13:40:00,3,13,0,478.2,0,8,23.9,52.0,3
2026-01-08 13:45:00,3,13,0,478.0,0,8,23.9,52.0,3
2026-01-08 13:50:00,3,13,0,482.7,0,8,24.1,52.1,3
2026-01-08 13:55:00,3,13,0,508.0,0,8,25.4,52.7,3
2026-01-08 14:00:00,3,14,0,456.1,0,8,22.8,51.4,3
2026-01-08 14:05:00,3,14,0,513.9,0,8,25.7,52.8,3
2026-01-08 14:10:00,3,14,0,471.1,0,8,23.6,51.8,3
2026-01-08 14:15:00,3,14,0,489.9,0,8,24.5,52.2,3
2026-01-08 14:20:00,3,14,0,488.7,0,8,24.4,52.2,3
2026-01-08 14:25:00,3,14,0,505.1,0,8,25.3,52.6,3
2026-01-08 14:30:00,3,14,0,473.3,0,8,23.7,51.8,3
2026-01-08 14:35:00,3,14,0,505.0,0,8,25.2,52.6,3
2026-01-08 14:40:00,3,14,0,529.2,0,8,26.5,53.2,3
2026-01-08 14:45:00,3,14,0,478.9,0,8,23.9,52.0,3
2026-01-08 14:50:00,3,14,0,502.5,0,8,25.1,52.6,3
2026-01-08 14:55:00,3,14,0,490.0,0,8,24.5,52.2,3
2026-01-08 15:00:00,3,15,0,506.4,0,8,25.3,52.7,3
2026-01-08 15:05:00,3,15,0,500.2,0,8,25.0,52.5,3
2026-01-08 15:10:00,3,15,0,490.1,0,8,24.5,52.3,3
2026-01-08 15:15:00,3,15,0,506.6,0,8,25.3,52.7,3
2026-01-08 15:20:00,3,15,0,525.9,1,8,26.3,53.1,3
2026-01-08 15:25:00,3,15,0,1872.9,1,8,93.6,300.8,10
2026-01-08 15:30:00,3,15,0,2956.0,1,8,147.8,4035.9,16
2026-01-08 15:35:00,3,15,0,3130.1,1,8,156.5,4996.7,17
2026-01-08 15:40:00,3,15,0,2797.5,1,8,139.9,3242.8,15
2026-01-08 15:45:00,3,15,0,1894.6,1,8,94.7,333.4,11
2026-01-08 15:50:00,3,15,0,514.7,0,8,25.7,52.9,3
2026-01-08 15:55:00,3,15,0,496.3,0,8,24.8,52.4,3
2026-01-08 16:00:00,3,16,0,484.5,0,8,24.2,52.1,3
2026-01-08 16:05:00,3,16,0,487.4,0,8,24.4,52.2,3
2026-01-08 16:10:00,3,16,0,466.7,0,8,23.3,51.7,3
2026-01-08 16:15:00,3,16,0,492.4,0,8,24.6,52.3,3
2026-01-08 16:20:00,3,16,0,494.3,0,8,24.7,52.4,3
2026-01-08 16:25:00,3,16,0,471.9,0,8,23.6,51.8,3
2026-01-08 16:30:00,3,16,0,469.2,0,8,23.5,51.7,3
2026-01-08 16:35:00,3,16,0,477.6,0,8,23.9,51.9,3
2026-01-08 16:40:00,3,16,0,464.3,0,8,23.2,51.6,3
2026-01-08 16:45:00,3,16,0,467.1,0,8,23.4,51.7,3
2026-01-08 16:50:00,3,16,0,496.6,0,8,24.8,52.4,3
2026-01-08 16:55:00,3,16,0,458.3,0,8,22.9,51.5,3
2026-01-08 17:00:00,3,17,0,453.5,0,8,22.7,51.3,3
2026-01-08 17:05:00,3,17,0,445.9,0,8,22.3,51.1,3
2026-01-08 17:10:00,3,17,0,463.4,0,8,23.2,51.6,3
2026-01-08 17:15:00,3,17,0,446.1,0,8,22.3,51.2,3
2026-01-08 17:20:00,3,17,0,435.5,0,8,21.8,50.9,3
2026-01-08 17:25:00,3,17,0,461.4,0,8,23.1,51.5,3
2026-01-08 17:30:00,3,17,0,459.2,0,8,23.0,51.5,3
2026-01-08 17:35:00,3,17,0,425.1,0,8,21.3,50.6,3
2026-01-08 17:40:00,3,17,0,402.3,0,8,20.1,50.1,3
2026-01-08 17:45:00,3,17,0,441.4,0,8,22.1,51.0,3
2026-01-08 17:50:00,3,17,0,412.1,0,8,20.6,50.3,3
2026-01-08 17:55:00,3,17,0,430.2,0,8,21.5,50.8,3
2026-01-08 18:00:00,3,18,0,384.6,0,8,19.2,49.6,3
2026-01-08 18:05:00,3,18,0,423.4,0,8,21.2,50.6,3
2026-01-08 18:10:00,3,18,0,387.7,0,8,19.4,49.7,3
2026-01-08 18:15:00,3,18,0,412.6,0,8,20.6,50.3,3
2026-01-08 18:20:00,3,18,0,397.5,0,8,19.9,49.9,3
2026-01-08 18:25:00,3,18,0,378.7,0,8,18.9,49.5,3
2026-01-08 18:30:00,3,18,0,382.6,0,8,19.1,49.6,3
2026-01-08 18:35:00,3,18,0,394.6,0,8,19.7,49.9,3
2026-01-08 18:40:00,3,18,0,381.5,0,8,19.1,49.5,3
2026-01-08 18:45:00,3,18,0,384.3,0,8,19.2,49.6,3
2026-01-08 18:50:00,3,18,0,400.8,0,8,20.0,50.0,3
2026-01-08 18:55:00,3,18,0,343.2,0,8,17.2,48.6,2
2026-01-08 19:00:00,3,19,0,386.5,0,8,19.3,49.7,3
2026-01-08 19:05:00,3,19,0,359.4,0,8,18.0,49.0,2
2026-01-08 19:10:00,3,19,0,340.0,0,8,17.0,48.5,2
2026-01-08 19:15:00,3,19,0,329.1,0,8,16.5,48.2,2
2026-01-08 19:20:00,3,19,0,341.8,0,8,17.1,48.5,2
2026-01-08 19:25:00,3,19,0,354.1,0,8,17.7,48.9,2
2026-01-08 19:30:00,3,19,0,334.0,0,8,16.7,48.4,2
2026-01-08 19:35:00,3,19,0,354.2,0,8,17.7,48.9,2
2026-01-08 19:40:00,3,19,0,305.4,0,8,15.3,47.6,2
2026-01-08 19:45:00,3,19,0,322.7,0,8,16.1,48.1,2
2026-01-08 19:50:00,3,19,0,299.9,0,8,15.0,47.5,2
2026-01-08 19:55:00,3,19,0,319.9,0,8,16.0,48.0,2
2026-01-08 20:00:00,3,20,0,323.5,0,8,16.2,48.1,2
2026-01-08 20:05:00,3,20,0,299.8,0,8,15.0,47.5,2
2026-01-08 20:10:00,3,20,0,262.9,0,8,13.1,46.6,2
2026-01-08 20:15:00,3,20,0,300.9,0,8,15.0,47.5,2
2026-01-08 20:20:00,3,20,0,300.4,0,8,15.0,47.5,2
2026-01-08 20:25:00,3,20,0,296.0,0,8,14.8,47.4,2
2026-01-08 20:30:00,3,20,0,304.5,0,8,15.2,47.6,2
2026-01-08 20:35:00,3,20,0,266.1,0,8,13.3,46.7,2
2026-01-08 20:40:00,3,20,0,288.5,0,8,14.4,47.2,2
2026-01-08 20:45:00,3,20,0,292.4,0,8,14.6,47.3,2
2026-01-08 20:50:00,3,20,0,244.2,0,8,12.2,46.1,2
2026-01-08 20:55:00,3,20,0,272.0,0,8,13.6,46.8,2
2026-01-08 21:00:00,3,21,0,256.1,0,8,12.8,46.4,2
2026-01-08 21:05:00,3,21,0,258.9,0,8,12.9,46.5,2
2026-01-08 21:10:00,3,21,0,261.9,0,8,13.1,46.5,2
2026-01-08 21:15:00,3,21,0,245.9,0,8,12.3,46.1,2
2026-01-08 21:20:00,3,21,0,239.8,0,8,12.0,46.0,2
2026-01-08 21:25:00,3,21,0,247.2,0,8,12.4,46.2,2
2026-01-08 21:30:00,3,21,0,227.2,0,8,11.4,45.7,2
2026-01-08 21:35:00,3,21,0,224.0,0,8,11.2,45.6,2
2026-01-08 21:40:00,3,21,0,247.5,0,8,12.4,46.2,2
2026-01-08 21:45:00,3,21,0,217.0,0,8,10.8,45.4,2
2026-01-08 21:50:00,3,21,0,241.3,0,8,12.1,46.0,2
2026-01-08 21:55:00,3,21,0,235.4,0,8,11.8,45.9,2
2026-01-08 22:00:00,3,22,0,199.8,0,8,10.0,45.0,2
2026-01-08 22:05:00,3,22,0,212.8,0,8,10.6,45.3,2
2026-01-08 22:10:00,3,22,0,238.2,0,8,11.9,46.0,2
2026-01-08 22:15:00,3,22,0,203.0,0,8,10.2,45.1,2
2026-01-08 22:20:00,3,22,0,208.2,0,8,10.4,45.2,2
2026-01-08 22:25:00,3,22,0,219.7,0,8,11.0,45.5,2
2026-01-08 22:30:00,3,22,0,222.1,0,8,11.1,45.6,2
2026-01-08 22:35:00,3,22,0,204.3,0,8,10.2,45.1,2
2026-01-08 22:40:00,3,22,0,196.8,0,8,9.8,44.9,2
2026-01-08 22:45:00,3,22,0,224.9,0,8,11.2,45.6,2
2026-01-08 22:50:00,3,22,0,227.5,0,8,11.4,45.7,2
2026-01-08 22:55:00,3,22,0,214.1,0,8,10.7,45.4,2
2026-01-08 23:00:00,3,23,0,198.6,0,8,9.9,45.0,2
2026-01-08 23:05:00,3,23,0,183.3,0,8,9.2,44.6,2
2026-01-08 23:10:00,3,23,0,181.1,0,8,9.1,44.5,2
2026-01-08 23:15:00,3,23,0,199.6,0,8,10.0,45.0,2
2026-01-08 23:20:00,3,23,0,196.2,0,8,9.8,44.9,2
2026-01-08 23:25:00,3,23,0,209.3,1,8,10.5,45.2,2
2026-01-08 23:30:00,3,23,0,629.5,1,8,31.5,55.7,4
2026-01-08 23:35:00,3,23,0,836.0,1,8,41.8,60.9,5
2026-01-08 23:40:00,3,23,0,1312.1,1,8,65.6,72.8,7
2026-01-08 23:45:00,3,23,0,1227.8,1,8,61.4,70.7,7
2026-01-08 23:50:00,3,23,0,1285.0,1,8,64.2,72.1,7
2026-01-08 23:55:00,3,23,0,1204.7,1,8,60.2,70.1,7
2026-01-09 00:00:00,4,0,0,927.5,1,8,46.4,63.2,5
2026-01-09 00:05:00,4,0,0,631.5,1,8,31.6,55.8,4
2026-01-09 00:10:00,4,0,0,159.5,0,8,8.0,44.0,2
2026-01-09 00:15:00,4,0,0,147.6,0,8,7.4,43.7,2
2026-01-09 00:20:00,4,0,0,158.4,0,8,7.9,44.0,2
2026-01-09 00:25:00,4,0,0,163.8,0,8,8.2,44.1,2
2026-01-09 00:30:00,4,0,0,145.7,0,8,7.3,43.6,2
2026-01-09 00:35:00,4,0,0,177.5,0,8,8.9,44.4,2
2026-01-09 00:40:00,4,0,0,154.0,0,8,7.7,43.8,2
2026-01-09 00:45:00,4,0,0,158.1,0,8,7.9,44.0,2
2026-01-09 00:50:00,4,0,0,160.7,0,8,8.0,44.0,2
2026-01-09 00:55:00,4,0,0,157.0,0,8,7.8,43.9,2
2026-01-09 01:00:00,4,1,0,163.3,0,8,8.2,44.1,2
2026-01-09 01:05:00,4,1,0,141.6,0,8,7.1,43.5,2
2026-01-09 01:10:00,4,1,0,142.5,0,8,7.1,43.6,2
2026-01-09 01:15:00,4,1,0,134.4,0,8,6.7,43.4,2
2026-01-09 01:20:00,4,1,0,157.6,0,8,7.9,43.9,2
2026-01-09 01:25:00,4,1,0,162.8,0,8,8.1,44.1,2
2026-01-09 01:30:00,4,1,0,158.0,0,8,7.9,44.0,2
2026-01-09 01:35:00,4,1,0,176.4,0,8,8.8,44.4,2
2026-01-09 01:40:00,4,1,0,151.3,0,8,7.6,43.8,2
2026-01-09 01:45:00,4,1,0,161.5,0,8,8.1,44.0,2
2026-01-09 01:50:00,4,1,0,135.2,0,8,6.8,43.4,2
2026-01-09 01:55:00,4,1,0,145.9,0,8,7.3,43.6,2
2026-01-09 02:00:00,4,2,0,162.2,0,8,8.1,44.1,2
2026-01-09 02:05:00,4,2,0,164.6,0,8,8.2,44.1,2
2026-01-09 02:10:00,4,2,0,147.6,0,8,7.4,43.7,2
2026-01-09 02:15:00,4,2,0,151.1,0,8,7.6,43.8,2
2026-01-09 02:20:00,4,2,0,129.6,0,8,6.5,43.2,2
2026-01-09 02:25:00,4,2,0,147.1,0,8,7.4,43.7,2
2026-01-09 02:30:00,4,2,0,166.0,0,8,8.3,44.2,2
2026-01-09 02:35:00,4,2,0,161.5,0,8,8.1,44.0,2
2026-01-09 02:40:00,4,2,0,160.5,0,8,8.0,44.0,2
2026-01-09 02:45:00,4,2,0,154.0,0,8,7.7,43.8,2
2026-01-09 02:50:00,4,2,0,153.5,0,8,7.7,43.8,2
2026-01-09 02:55:00,4,2,0,143.7,0,8,7.2,43.6,2
2026-01-09 03:00:00,4,3,0,164.4,0,8,8.2,44.1,2
2026-01-09 03:05:00,4,3,0,160.5,0,8,8.0,44.0,2
2026-01-09 03:10:00,4,3,0,161.8,0,8,8.1,44.0,2
2026-01-09 03:15:00,4,3,0,146.8,0,8,7.3,43.7,2
2026-01-09 03:20:00,4,3,0,122.7,0,8,6.1,43.1,2
2026-01-09 03:25:00,4,3,0,171.7,0,8,8.6,44.3,2
2026-01-09 03:30:00,4,3,0,148.4,0,8,7.4,43.7,2
2026-01-09 03:35:00,4,3,0,143.0,0,8,7.2,43.6,2
2026-01-09 03:40:00,4,3,0,166.7,0,8,8.3,44.2,2
2026-01-09 03:45:00,4,3,0,150.8,0,8,7.5,43.8,2
2026-01-09 03:50:00,4,3,0,173.0,0,8,8.6,44.3,2
2026-01-09 03:55:00,4,3,0,166.8,0,8,8.3,44.2,2
2026-01-09 04:00:00,4,4,0,168.2,0,8,8.4,44.2,2
2026-01-09 04:05:00,4,4,0,138.0,0,8,6.9,43.4,2
2026-01-09 04:10:00,4,4,0,177.1,0,8,8.9,44.4,2
2026-01-09 04:15:00,4,4,0,163.4,1,8,8.2,44.1,2
2026-01-09 04:20:00,4,4,0,509.0,1,8,25.4,52.7,3
2026-01-09 04:25:00,4,4,0,835.7,1,8,41.8,60.9,5
2026-01-09 04:30:00,4,4,0,828.2,1,8,41.4,60.7,5
2026-01-09 04:35:00,4,4,0,1033.9,1,8,51.7,65.8,6
2026-01-09 04:40:00,4,4,0,754.9,1,8,37.7,58.9,5
2026-01-09 04:45:00,4,4,0,470.7,1,8,23.5,51.8,3
2026-01-09 04:50:00,4,4,0,141.0,0,8,7.0,43.5,2
2026-01-09 04:55:00,4,4,0,181.3,0,8,9.1,44.5,2
2026-01-09 05:00:00,4,5,0,155.9,0,8,7.8,43.9,2
2026-01-09 05:05:00,4,5,0,189.2,0,8,9.5,44.7,2
2026-01-09 05:10:00,4,5,0,159.0,0,8,8.0,44.0,2
2026-01-09 05:15:00,4,5,0,142.3,0,8,7.1,43.6,2
2026-01-09 05:20:00,4,5,0,152.1,0,8,7.6,43.8,2
2026-01-09 05:25:00,4,5,0,188.4,0,8,9.4,44.7,2
2026-01-09 05:30:00,4,5,0,168.5,0,8,8.4,44.2,2
2026-01-09 05:35:00,4,5,0,163.7,0,8,8.2,44.1,2
2026-01-09 05:40:00,4,5,0,175.4,0,8,8.8,44.4,2
2026-01-09 05:45:00,4,5,0,181.7,0,8,9.1,44.5,2
2026-01-09 05:50:00,4,5,0,192.1,0,8,9.6,44.8,2
2026-01-09 05:55:00,4,5,0,198.3,0,8,9.9,45.0,2
2026-01-09 06:00:00,4,6,0,172.4,0,8,8.6,44.3,2
2026-01-09 06:05:00,4,6,0,159.3,0,8,8.0,44.0,2
2026-01-09 06:10:00,4,6,0,174.4,0,8,8.7,44.4,2
2026-01-09 06:15:00,4,6,0,185.9,0,8,9.3,44.6,2
2026-01-09 06:20:00,4,6,0,169.0,0,8,8.5,44.2,2
2026-01-09 06:25:00,4,6,0,170.7,0,8,8.5,44.3,2
2026-01-09 06:30:00,4,6,0,191.8,0,8,9.6,44.8,2
2026-01-09 06:35:00,4,6,0,187.5,0,8,9.4,44.7,2
2026-01-09 06:40:00,4,6,0,190.4,0,8,9.5,44.8,2
2026-01-09 06:45:00,4,6,0,180.3,0,8,9.0,44.5,2
2026-01-09 06:50:00,4,6,0,190.1,0,8,9.5,44.8,2
2026-01-09 06:55:00,4,6,0,181.6,0,8,9.1,44.5,2
2026-01-09 07:00:00,4,7,0,210.7,0,8,10.5,45.3,2
2026-01-09 07:05:00,4,7,0,214.9,0,8,10.7,45.4,2
2026-01-09 07:10:00,4,7,0,173.7,0,8,8.7,44.3,2
2026-01-09 07:15:00,4,7,0,189.6,0,8,9.5,44.7,2
2026-01-09 07:20:00,4,7,0,183.3,0,8,9.2,44.6,2
2026-01-09 07:25:00,4,7,0,198.3,0,8,9.9,45.0,2
2026-01-09 07:30:00,4,7,0,209.1,0,8,10.5,45.2,2
2026-01-09 07:35:00,4,7,0,191.0,0,8,9.6,44.8,2
2026-01-09 07:40:00,4,7,0,201.4,0,8,10.1,45.0,2
2026-01-09 07:45:00,4,7,0,202.7,0,8,10.1,45.1,2
2026-01-09 07:50:00,4,7,0,223.4,0,8,11.2,45.6,2
2026-01-09 07:55:00,4,7,0,224.0,0,8,11.2,45.6,2
2026-01-09 08:00:00,4,8,0,214.9,0,8,10.7,45.4,2
2026-01-09 08:05:00,4,8,0,231.1,0,8,11.6,45.8,2
2026-01-09 08:10:00,4,8,0,223.1,0,8,11.2,45.6,2
2026-01-09 08:15:00,4,8,0,230.2,0,8,11.5,45.8,2
2026-01-09 08:20:00,4,8,0,262.4,0,8,13.1,46.6,2
2026-01-09 08:25:00,4,8,0,260.4,0,8,13.0,46.5,2
2026-01-09 08:30:00,4,8,0,224.0,0,8,11.2,45.6,2
2026-01-09 08:35:00,4,8,0,259.1,0,8,13.0,46.5,2
2026-01-09 08:40:00,4,8,0,262.1,0,8,13.1,46.6,2
2026-01-09 08:45:00,4,8,0,236.0,0,8,11.8,45.9,2
2026-01-09 08:50:00,4,8,0,268.9,0,8,13.4,46.7,2
2026-01-09 08:55:00,4,8,0,283.2,0,8,14.2,47.1,2
2026-01-09 09:00:00,4,9,0,246.8,0,8,12.3,46.2,2
2026-01-09 09:05:00,4,9,0,253.4,0,8,12.7,46.3,2
2026-01-09 09:10:00,4,9,0,286.1,0,8,14.3,47.2,2
2026-01-09 09:15:00,4,9,0,278.6,0,8,13.9,47.0,2
2026-01-09 09:20:00,4,9,0,286.6,0,8,14.3,47.2,2
2026-01-09 09:25:00,4,9,0,287.2,0,8,14.4,47.2,2
2026-01-09 09:30:00,4,9,0,291.9,0,8,14.6,47.3,2
2026-01-09 09:35:00,4,9,0,270.0,0,8,13.5,46.8,2
2026-01-09 09:40:00,4,9,0,309.6,0,8,15.5,47.7,2
2026-01-09 09:45:00,4,9,0,315.5,0,8,15.8,47.9,2
2026-01-09 09:50:00,4,9,0,298.5,0,8,14.9,47.5,2
2026-01-09 09:55:00,4,9,0,305.4,0,8,15.3,47.6,2
2026-01-09 10:00:00,4,10,0,287.3,0,8,14.4,47.2,2
2026-01-09 10:05:00,4,10,0,322.1,0,8,16.1,48.1,2
2026-01-09 10:10:00,4,10,0,327.2,0,8,16.4,48.2,2
2026-01-09 10:15:00,4,10,0,322.0,0,8,16.1,48.0,2
2026-01-09 10:20:00,4,10,0,344.1,0,8,17.2,48.6,2
2026-01-09 10:25:00,4,10,0,326.5,0,8,16.3,48.2,2
2026-01-09 10:30:00,4,10,0,344.4,0,8,17.2,48.6,2
2026-01-09 10:35:00,4,10,0,325.0,0,8,16.2,48.1,2
2026-01-09 10:40:00,4,10,0,344.3,0,8,17.2,48.6,2
2026-01-09 10:45:00,4,10,0,346.4,0,8,17.3,48.7,2
2026-01-09 10:50:00,4,10,0,356.8,0,8,17.8,48.9,2
2026-01-09 10:55:00,4,10,0,352.3,0,8,17.6,48.8,2
2026-01-09 11:00:00,4,11,0,360.3,0,8,18.0,49.0,2
2026-01-09 11:05:00,4,11,0,379.1,0,8,19.0,49.5,3
2026-01-09 11:10:00,4,11,0,364.6,0,8,18.2,49.1,2
2026-01-09 11:15:00,4,11,0,351.4,0,8,17.6,48.8,2
2026-01-09 11:20:00,4,11,0,406.2,0,8,20.3,50.2,3
2026-01-09 11:25:00,4,11,0,405.0,0,8,20.2,50.1,3
2026-01-09 11:30:00,4,11,0,369.3,0,8,18.5,49.2,2
2026-01-09 11:35:00,4,11,0,403.4,0,8,20.2,50.1,3
2026-01-09 11:40:00,4,11,0,389.8,0,8,19.5,49.7,3
2026-01-09 11:45:00,4,11,0,405.6,0,8,20.3,50.1,3
2026-01-09 11:50:00,4,11,0,410.3,0,8,20.5,50.3,3
2026-01-09 11:55:00,4,11,0,406.5,0,8,20.3,50.2,3
2026-01-09 12:00:00,4,12,0,402.4,0,8,20.1,50.1,3
2026-01-09 12:05:00,4,12,0,407.9,0,8,20.4,50.2,3
2026-01-09 12:10:00,4,12,0,408.6,0,8,20.4,50.2,3
2026-01-09 12:15:00,4,12,0,413.9,0,8,20.7,50.3,3
2026-01-09 12:20:00,4,12,0,429.3,0,8,21.5,50.7,3
2026-01-09 12:25:00,4,12,0,423.4,0,8,21.2,50.6,3
2026-01-09 12:30:00,4,12,0,448.1,0,8,22.4,51.2,3
2026-01-09 12:35:00,4,12,0,463.9,0,8,23.2,51.6,3
2026-01-09 12:40:00,4,12,0,436.5,0,8,21.8,50.9,3
2026-01-09 12:45:00,4,12,0,452.4,0,8,22.6,51.3,3
2026-01-09 12:50:00,4,12,0,459.7,0,8,23.0,51.5,3
2026-01-09 12:55:00,4,12,0,462.7,0,8,23.1,51.6,3
2026-01-09 13:00:00,4,13,0,460.0,0,8,23.0,51.5,3
2026-01-09 13:05:00,4,13,0,473.2,0,8,23.7,51.8,3
2026-01-09 13:10:00,4,13,0,472.3,0,8,23.6,51.8,3
2026-01-09 13:15:00,4,13,0,449.5,0,8,22.5,51.2,3
2026-01-09 13:20:00,4,13,0,483.9,0,8,24.2,52.1,3
2026-01-09 13:25:00,4,13,0,486.9,0,8,24.3,52.2,3
2026-01-09 13:30:00,4,13,0,464.8,0,8,23.2,51.6,3
2026-01-09 13:35:00,4,13,0,479.3,0,8,24.0,52.0,3
2026-01-09 13:40:00,4,13,0,491.3,0,8,24.6,52.3,3
2026-01-09 13:45:00,4,13,0,480.2,0,8,24.0,52.0,3
2026-01-09 13:50:00,4,13,0,501.5,0,8,25.1,52.5,3
2026-01-09 13:55:00,4,13,0,522.9,0,8,26.1,53.1,3
2026-01-09 14:00:00,4,14,0,477.4,0,8,23.9,51.9,3
2026-01-09 14:05:00,4,14,0,470.2,0,8,23.5,51.8,3
2026-01-09 14:10:00,4,14,0,497.0,0,8,24.8,52.4,3
2026-01-09 14:15:00,4,14,0,504.7,0,8,25.2,52.6,3
2026-01-09 14:20:00,4,14,0,491.7,0,8,24.6,52.3,3
2026-01-09 14:25:00,4,14,0,518.1,0,8,25.9,53.0,3
2026-01-09 14:30:00,4,14,0,477.2,0,8,23.9,51.9,3
2026-01-09 14:35:00,4,14,0,508.5,0,8,25.4,52.7,3
2026-01-09 14:40:00,4,14,0,489.7,0,8,24.5,52.2,3
2026-01-09 14:45:00,4,14,0,525.1,0,8,26.3,53.1,3
2026-01-09 14:50:00,4,14,0,529.6,0,8,26.5,53.2,3
2026-01-09 14:55:00,4,14,0,488.4,0,8,24.4,52.2,3
2026-01-09 15:00:00,4,15,0,491.8,0,8,24.6,52.3,3
2026-01-09 15:05:00,4,15,0,512.8,0,8,25.6,52.8,3
2026-01-09 15:10:00,4,15,0,493.9,0,8,24.7,52.3,3
2026-01-09 15:15:00,4,15,0,498.6,0,8,24.9,52.5,3
2026-01-09 15:20:00,4,15,0,499.2,0,8,25.0,52.5,3
2026-01-09 15:25:00,4,15,0,469.3,0,8,23.5,51.7,3
2026-01-09 15:30:00,4,15,0,497.1,0,8,24.9,52.4,3
2026-01-09 15:35:00,4,15,0,486.0,0,8,24.3,52.2,3
2026-01-09 15:40:00,4,15,0,487.8,0,8,24.4,52.2,3
2026-01-09 15:45:00,4,15,0,515.6,0,8,25.8,52.9,3
2026-01-09 15:50:00,4,15,0,473.6,0,8,23.7,51.8,3
2026-01-09 15:55:00,4,15,0,503.1,0,8,25.2,52.6,3
2026-01-09 16:00:00,4,16,0,485.0,0,8,24.2,52.1,3
2026-01-09 16:05:00,4,16,0,483.2,0,8,24.2,52.1,3
2026-01-09 16:10:00,4,16,0,497.3,0,8,24.9,52.4,3
2026-01-09 16:15:00,4,16,0,488.4,0,8,24.4,52.2,3
2026-01-09 16:20:00,4,16,0,489.6,0,8,24.5,52.2,3
2026-01-09 16:25:00,4,16,0,493.2,0,8,24.7,52.3,3
2026-01-09 16:30:00,4,16,0,471.3,0,8,23.6,51.8,3
2026-01-09 16:35:00,4,16,0,464.4,0,8,23.2,51.6,3
2026-01-09 16:40:00,4,16,0,454.6,0,8,22.7,51.4,3
2026-01-09 16:45:00,4,16,0,455.7,0,8,22.8,51.4,3
2026-01-09 16:50:00,4,16,0,509.3,0,8,25.5,52.7,3
2026-01-09 16:55:00,4,16,0,480.7,0,8,24.0,52.0,3
2026-01-09 17:00:00,4,17,0,438.6,0,8,21.9,51.0,3
2026-01-09 17:05:00,4,17,0,435.8,0,8,21.8,50.9,3
2026-01-09 17:10:00,4,17,0,459.5,0,8,23.0,51.5,3
2026-01-09 17:15:00,4,17,0,457.0,0,8,22.8,51.4,3
2026-01-09 17:20:00,4,17,0,453.5,0,8,22.7,51.3,3
2026-01-09 17:25:00,4,17,0,437.8,0,8,21.9,50.9,3
2026-01-09 17:30:00,4,17,0,436.0,0,8,21.8,50.9,3
2026-01-09 17:35:00,4,17,0,439.0,0,8,22.0,51.0,3
2026-01-09 17:40:00,4,17,0,431.5,0,8,21.6,50.8,3
2026-01-09 17:45:00,4,17,0,393.0,0,8,19.7,49.8,3
2026-01-09 17:50:00,4,17,0,418.9,0,8,20.9,50.5,3
2026-01-09 17:55:00,4,17,0,405.5,0,8,20.3,50.1,3
2026-01-09 18:00:00,4,18,0,416.8,0,8,20.8,50.4,3
2026-01-09 18:05:00,4,18,0,454.8,0,8,22.7,51.4,3
2026-01-09 18:10:00,4,18,0,411.4,0,8,20.6,50.3,3
2026-01-09 18:15:00,4,18,0,396.9,0,8,19.8,49.9,3
2026-01-09 18:20:00,4,18,0,411.2,0,8,20.6,50.3,3
2026-01-09 18:25:00,4,18,0,400.3,1,8,20.0,50.0,3
2026-01-09 18:30:00,4,18,0,825.4,1,8,41.3,60.6,5
2026-01-09 18:35:00,4,18,0,1216.1,1,8,60.8,70.4,7
2026-01-09 18:40:00,4,18,0,1611.5,1,8,80.6,80.7,9
2026-01-09 18:45:00,4,18,0,1620.1,1,8,81.0,82.0,9
2026-01-09 18:50:00,4,18,0,1826.3,1,8,91.3,237.6,10
2026-01-09 18:55:00,4,18,0,1703.5,1,8,85.2,118.6,10
2026-01-09 19:00:00,4,19,0,1674.6,1,8,83.7,101.4,9
2026-01-09 19:05:00,4,19,0,1349.9,1,8,67.5,73.7,8
2026-01-09 19:10:00,4,19,0,1073.2,1,8,53.7,66.8,6
2026-01-09 19:15:00,4,19,0,720.1,1,8,36.0,58.0,4
2026-01-09 19:20:00,4,19,0,359.3,0,8,18.0,49.0,2
2026-01-09 19:25:00,4,19,0,354.0,0,8,17.7,48.8,2
2026-01-09 19:30:00,4,19,0,317.2,0,8,15.9,47.9,2
2026-01-09 19:35:00,4,19,0,332.4,0,8,16.6,48.3,2
2026-01-09 19:40:00,4,19,0,316.6,0,8,15.8,47.9,2
2026-01-09 19:45:00,4,19,0,304.0,0,8,15.2,47.6,2
2026-01-09 19:50:00,4,19,0,315.4,0,8,15.8,47.9,2
2026-01-09 19:55:00,4,19,0,309.8,0,8,15.5,47.7,2
2026-01-09 20:00:00,4,20,0,346.6,0,8,17.3,48.7,2
2026-01-09 20:05:00,4,20,0,312.6,0,8,15.6,47.8,2
2026-01-09 20:10:00,4,20,0,281.3,0,8,14.1,47.0,2
2026-01-09 20:15:00,4,20,0,289.4,0,8,14.5,47.2,2
2026-01-09 20:20:00,4,20,0,309.2,0,8,15.5,47.7,2
2026-01-09 20:25:00,4,20,0,321.2,0,8,16.1,48.0,2
2026-01-09 20:30:00,4,20,0,262.2,0,8,13.1,46.6,2
2026-01-09 20:35:00,4,20,0,253.9,0,8,12.7,46.3,2
2026-01-09 20:40:00,4,20,0,306.4,0,8,15.3,47.7,2
2026-01-09 20:45:00,4,20,0,280.4,0,8,14.0,47.0,2
2026-01-09 20:50:00,4,20,0,257.8,0,8,12.9,46.4,2
2026-01-09 20:55:00,4,20,0,275.2,0,8,13.8,46.9,2
2026-01-09 21:00:00,4,21,0,224.1,0,8,11.2,45.6,2
2026-01-09 21:05:00,4,21,0,260.2,0,8,13.0,46.5,2
2026-01-09 21:10:00,4,21,0,261.6,0,8,13.1,46.5,2
2026-01-09 21:15:00,4,21,0,267.1,0,8,13.4,46.7,2
2026-01-09 21:20:00,4,21,0,234.7,0,8,11.7,45.9,2
2026-01-09 21:25:00,4,21,0,248.0,0,8,12.4,46.2,2
2026-01-09 21:30:00,4,21,0,229.6,0,8,11.5,45.7,2
2026-01-09 21:35:00,4,21,0,244.2,0,8,12.2,46.1,2
2026-01-09 21:40:00,4,21,0,223.8,0,8,11.2,45.6,2
2026-01-09 21:45:00,4,21,0,228.2,0,8,11.4,45.7,2
2026-01-09 21:50:00,4,21,0,216.4,0,8,10.8,45.4,2
2026-01-09 21:55:00,4,21,0,238.3,0,8,11.9,46.0,2
2026-01-09 22:00:00,4,22,0,238.6,0,8,11.9,46.0,2
2026-01-09 22:05:00,4,22,0,219.4,0,8,11.0,45.5,2
2026-01-09 22:10:00,4,22,0,220.9,0,8,11.0,45.5,2
2026-01-09 22:15:00,4,22,0,196.0,0,8,9.8,44.9,2
2026-01-09 22:20:00,4,22,0,210.7,0,8,10.5,45.3,2
2026-01-09 22:25:00,4,22,0,212.0,0,8,10.6,45.3,2
2026-01-09 22:30:00,4,22,0,249.7,0,8,12.5,46.2,2
2026-01-09 22:35:00,4,22,0,191.3,0,8,9.6,44.8,2
2026-01-09 22:40:00,4,22,0,227.7,0,8,11.4,45.7,2
2026-01-09 22:45:00,4,22,0,218.5,0,8,10.9,45.5,2
2026-01-09 22:50:00,4,22,0,205.6,0,8,10.3,45.1,2
2026-01-09 22:55:00,4,22,0,225.8,0,8,11.3,45.6,2
2026-01-09 23:00:00,4,23,0,202.9,0,8,10.1,45.1,2
2026-01-09 23:05:00,4,23,0,201.3,0,8,10.1,45.0,2
2026-01-09 23:10:00,4,23,0,192.7,0,8,9.6,44.8,2
2026-01-09 23:15:00,4,23,0,210.1,0,8,10.5,45.3,2
2026-01-09 23:20:00,4,23,0,206.4,0,8,10.3,45.2,2
2026-01-09 23:25:00,4,23,0,178.9,0,8,8.9,44.5,2
2026-01-09 23:30:00,4,23,0,166.8,0,8,8.3,44.2,2
2026-01-09 23:35:00,4,23,0,182.0,0,8,9.1,44.6,2
2026-01-09 23:40:00,4,23,0,171.5,0,8,8.6,44.3,2
2026-01-09 23:45:00,4,23,0,181.0,0,8,9.0,44.5,2
2026-01-09 23:50:00,4,23,0,199.1,0,8,10.0,45.0,2
2026-01-09 23:55:00,4,23,0,172.3,0,8,8.6,44.3,2
2026-01-10 00:00:00,5,0,1,97.1,0,8,4.9,42.4,2
2026-01-10 00:05:00,5,0,1,98.6,0,8,4.9,42.5,2
2026-01-10 00:10:00,5,0,1,110.5,0,8,5.5,42.8,2
2026-01-10 00:15:00,5,0,1,64.1,0,8,3.2,41.6,2
2026-01-10 00:20:00,5,0,1,88.7,0,8,4.4,42.2,2
2026-01-10 00:25:00,5,0,1,101.0,0,8,5.1,42.5,2
2026-01-10 00:30:00,5,0,1,115.8,0,8,5.8,42.9,2
2026-01-10 00:35:00,5,0,1,90.5,0,8,4.5,42.3,2
2026-01-10 00:40:00,5,0,1,69.7,0,8,3.5,41.7,2
2026-01-10 00:45:00,5,0,1,107.2,0,8,5.4,42.7,2
2026-01-10 00:50:00,5,0,1,88.4,0,8,4.4,42.2,2
2026-01-10 00:55:00,5,0,1,80.1,0,8,4.0,42.0,2
2026-01-10 01:00:00,5,1,1,88.6,0,8,4.4,42.2,2
2026-01-10 01:05:00,5,1,1,95.3,0,8,4.8,42.4,2
2026-01-10 01:10:00,5,1,1,89.0,0,8,4.4,42.2,2
2026-01-10 01:15:00,5,1,1,65.0,0,8,3.2,41.6,2
2026-01-10 01:20:00,5,1,1,111.6,0,8,5.6,42.8,2
2026-01-10 01:25:00,5,1,1,117.3,0,8,5.9,42.9,2
2026-01-10 01:30:00,5,1,1,108.0,0,8,5.4,42.7,2
2026-01-10 01:35:00,5,1,1,81.3,0,8,4.1,42.0,2
2026-01-10 01:40:00,5,1,1,95.4,0,8,4.8,42.4,2
2026-01-10 01:45:00,5,1,1,98.3,0,8,4.9,42.5,2
2026-01-10 01:50:00,5,1,1,107.5,0,8,5.4,42.7,2
2026-01-10 01:55:00,5,1,1,108.6,0,8,5.4,42.7,2
2026-01-10 02:00:00,5,2,1,87.6,0,8,4.4,42.2,2
2026-01-10 02:05:00,5,2,1,100.0,0,8,5.0,42.5,2
2026-01-10 02:10:00,5,2,1,105.7,0,8,5.3,42.6,2
2026-01-10 02:15:00,5,2,1,120.8,0,8,6.0,43.0,2
2026-01-10 02:20:00,5,2,1,109.6,0,8,5.5,42.7,2
2026-01-10 02:25:00,5,2,1,111.0,0,8,5.6,42.8,2
2026-01-10 02:30:00,5,2,1,100.5,0,8,5.0,42.5,2
2026-01-10 02:35:00,5,2,1,120.5,0,8,6.0,43.0,2
2026-01-10 02:40:00,5,2,1,105.6,0,8,5.3,42.6,2
2026-01-10 02:45:00,5,2,1,86.7,0,8,4.3,42.2,2
2026-01-10 02:50:00,5,2,1,120.8,0,8,6.0,43.0,2
2026-01-10 02:55:00,5,2,1,110.3,0,8,5.5,42.8,2
2026-01-10 03:00:00,5,3,1,93.4,0,8,4.7,42.3,2
2026-01-10 03:05:00,5,3,1,93.0,0,8,4.6,42.3,2
2026-01-10 03:10:00,5,3,1,104.8,0,8,5.2,42.6,2
2026-01-10 03:15:00,5,3,1,107.5,0,8,5.4,42.7,2
2026-01-10 03:20:00,5,3,1,103.7,0,8,5.2,42.6,2
2026-01-10 03:25:00,5,3,1,105.6,0,8,5.3,42.6,2
2026-01-10 03:30:00,5,3,1,126.6,0,8,6.3,43.2,2
2026-01-10 03:35:00,5,3,1,117.4,0,8,5.9,42.9,2
2026-01-10 03:40:00,5,3,1,104.5,0,8,5.2,42.6,2
2026-01-10 03:45:00,5,3,1,116.0,0,8,5.8,42.9,2
2026-01-10 03:50:00,5,3,1,86.6,0,8,4.3,42.2,2
2026-01-10 03:55:00,5,3,1,108.4,0,8,5.4,42.7,2
2026-01-10 04:00:00,5,4,1,129.8,0,8,6.5,43.2,2
2026-01-10 04:05:00,5,4,1,99.7,0,8,5.0,42.5,2
2026-01-10 04:10:00,5,4,1,90.6,0,8,4.5,42.3,2
2026-01-10 04:15:00,5,4,1,93.9,0,8,4.7,42.3,2
2026-01-10 04:20:00,5,4,1,87.7,0,8,4.4,42.2,2
2026-01-10 04:25:00,5,4,1,92.6,0,8,4.6,42.3,2
2026-01-10 04:30:00,5,4,1,99.2,0,8,5.0,42.5,2
2026-01-10 04:35:00,5,4,1,84.1,0,8,4.2,42.1,2
2026-01-10 04:40:00,5,4,1,105.8,0,8,5.3,42.6,2
2026-01-10 04:45:00,5,4,1,119.6,0,8,6.0,43.0,2
2026-01-10 04:50:00,5,4,1,92.9,0,8,4.6,42.3,2
2026-01-10 04:55:00,5,4,1,129.8,0,8,6.5,43.2,2
2026-01-10 05:00:00,5,5,1,115.2,0,8,5.8,42.9,2
2026-01-10 05:05:00,5,5,1,123.5,0,8,6.2,43.1,2
2026-01-10 05:10:00,5,5,1,98.7,0,8,4.9,42.5,2
2026-01-10 05:15:00,5,5,1,122.0,0,8,6.1,43.0,2
2026-01-10 05:20:00,5,5,1,93.4,0,8,4.7,42.3,2
2026-01-10 05:25:00,5,5,1,123.8,0,8,6.2,43.1,2
2026-01-10 05:30:00,5,5,1,113.6,0,8,5.7,42.8,2
2026-01-10 05:35:00,5,5,1,120.0,0,8,6.0,43.0,2
2026-01-10 05:40:00,5,5,1,94.8,0,8,4.7,42.4,2
2026-01-10 05:45:00,5,5,1,99.8,0,8,5.0,42.5,2
2026-01-10 05:50:00,5,5,1,122.9,0,8,6.1,43.1,2
2026-01-10 05:55:00,5,5,1,100.5,0,8,5.0,42.5,2
2026-01-10 06:00:00,5,6,1,122.5,0,8,6.1,43.1,2
2026-01-10 06:05:00,5,6,1,96.0,0,8,4.8,42.4,2
2026-01-10 06:10:00,5,6,1,130.1,0,8,6.5,43.3,2
2026-01-10 06:15:00,5,6,1,99.8,0,8,5.0,42.5,2
2026-01-10 06:20:00,5,6,1,127.5,0,8,6.4,43.2,2
2026-01-10 06:25:00,5,6,1,129.6,0,8,6.5,43.2,2
2026-01-10 06:30:00,5,6,1,110.8,0,8,5.5,42.8,2
2026-01-10 06:35:00,5,6,1,131.1,0,8,6.6,43.3,2
2026-01-10 06:40:00,5,6,1,127.4,0,8,6.4,43.2,2
2026-01-10 06:45:00,5,6,1,116.5,0,8,5.8,42.9,2
2026-01-10 06:50:00,5,6,1,110.7,0,8,5.5,42.8,2
2026-01-10 06:55:00,5,6,1,97.6,0,8,4.9,42.4,2
2026-01-10 07:00:00,5,7,1,133.5,0,8,6.7,43.3,2
2026-01-10 07:05:00,5,7,1,106.1,0,8,5.3,42.7,2
2026-01-10 07:10:00,5,7,1,132.4,0,8,6.6,43.3,2
2026-01-10 07:15:00,5,7,1,128.4,0,8,6.4,43.2,2
2026-01-10 07:20:00,5,7,1,143.9,0,8,7.2,43.6,2
2026-01-10 07:25:00,5,7,1,130.7,0,8,6.5,43.3,2
2026-01-10 07:30:00,5,7,1,131.8,0,8,6.6,43.3,2
2026-01-10 07:35:00,5,7,1,149.3,0,8,7.5,43.7,2
2026-01-10 07:40:00,5,7,1,144.9,0,8,7.2,43.6,2
2026-01-10 07:45:00,5,7,1,146.3,0,8,7.3,43.7,2
2026-01-10 07:50:00,5,7,1,150.2,1,8,7.5,43.8,2
2026-01-10 07:55:00,5,7,1,244.8,1,8,12.2,46.1,2
2026-01-10 08:00:00,5,8,1,461.1,1,8,23.1,51.5,3
2026-01-10 08:05:00,5,8,1,573.9,1,8,28.7,54.3,4
2026-01-10 08:10:00,5,8,1,554.3,1,8,27.7,53.9,3
2026-01-10 08:15:00,5,8,1,633.4,1,8,31.7,55.8,4
2026-01-10 08:20:00,5,8,1,630.2,1,8,31.5,55.8,4
2026-01-10 08:25:00,5,8,1,561.1,1,8,28.1,54.0,3
2026-01-10 08:30:00,5,8,1,476.3,1,8,23.8,51.9,3
2026-01-10 08:35:00,5,8,1,365.0,1,8,18.2,49.1,2
2026-01-10 08:40:00,5,8,1,178.7,0,8,8.9,44.5,2
2026-01-10 08:45:00,5,8,1,144.9,0,8,7.2,43.6,2
2026-01-10 08:50:00,5,8,1,176.2,0,8,8.8,44.4,2
2026-01-10 08:55:00,5,8,1,189.0,0,8,9.4,44.7,2
2026-01-10 09:00:00,5,9,1,177.2,0,8,8.9,44.4,2
2026-01-10 09:05:00,5,9,1,190.1,0,8,9.5,44.8,2
2026-01-10 09:10:00,5,9,1,206.2,0,8,10.3,45.2,2
2026-01-10 09:15:00,5,9,1,193.8,0,8,9.7,44.8,2
2026-01-10 09:20:00,5,9,1,184.6,0,8,9.2,44.6,2
2026-01-10 09:25:00,5,9,1,199.1,0,8,10.0,45.0,2
2026-01-10 09:30:00,5,9,1,188.1,0,8,9.4,44.7,2
2026-01-10 09:35:00,5,9,1,188.8,0,8,9.4,44.7,2
2026-01-10 09:40:00,5,9,1,185.8,0,8,9.3,44.6,2
2026-01-10 09:45:00,5,9,1,217.1,0,8,10.9,45.4,2
2026-01-10 09:50:00,5,9,1,184.0,0,8,9.2,44.6,2
2026-01-10 09:55:00,5,9,1,221.9,0,8,11.1,45.5,2
2026-01-10 10:00:00,5,10,1,209.2,0,8,10.5,45.2,2
2026-01-10 10:05:00,5,10,1,183.4,0,8,9.2,44.6,2
2026-01-10 10:10:00,5,10,1,212.6,0,8,10.6,45.3,2
2026-01-10 10:15:00,5,10,1,178.4,0,8,8.9,44.5,2
2026-01-10 10:20:00,5,10,1,222.1,0,8,11.1,45.6,2
2026-01-10 10:25:00,5,10,1,228.8,0,8,11.4,45.7,2
2026-01-10 10:30:00,5,10,1,209.4,0,8,10.5,45.2,2
2026-01-10 10:35:00,5,10,1,223.0,0,8,11.2,45.6,2
2026-01-10 10:40:00,5,10,1,253.3,0,8,12.7,46.3,2
2026-01-10 10:45:00,5,10,1,219.3,0,8,11.0,45.5,2
2026-01-10 10:50:00,5,10,1,213.9,0,8,10.7,45.3,2
2026-01-10 10:55:00,5,10,1,254.8,0,8,12.7,46.4,2
2026-01-10 11:00:00,5,11,1,264.9,0,8,13.2,46.6,2
2026-01-10 11:05:00,5,11,1,238.4,0,8,11.9,46.0,2
2026-01-10 11:10:00,5,11,1,256.4,0,8,12.8,46.4,2
2026-01-10 11:15:00,5,11,1,264.2,0,8,13.2,46.6,2
2026-01-10 11:20:00,5,11,1,235.8,0,8,11.8,45.9,2
2026-01-10 11:25:00,5,11,1,242.5,0,8,12.1,46.1,2
2026-01-10 11:30:00,5,11,1,271.1,0,8,13.6,46.8,2
2026-01-10 11:35:00,5,11,1,280.7,0,8,14.0,47.0,2
2026-01-10 11:40:00,5,11,1,266.7,0,8,13.3,46.7,2
2026-01-10 11:45:00,5,11,1,247.8,0,8,12.4,46.2,2
2026-01-10 11:50:00,5,11,1,293.6,0,8,14.7,47.3,2
2026-01-10 11:55:00,5,11,1,258.6,0,8,12.9,46.5,2
2026-01-10 12:00:00,5,12,1,264.2,0,8,13.2,46.6,2
2026-01-10 12:05:00,5,12,1,277.0,0,8,13.8,46.9,2
2026-01-10 12:10:00,5,12,1,297.8,0,8,14.9,47.4,2
2026-01-10 12:15:00,5,12,1,289.9,0,8,14.5,47.2,2
2026-01-10 12:20:00,5,12,1,285.9,0,8,14.3,47.1,2
2026-01-10 12:25:00,5,12,1,289.1,0,8,14.5,47.2,2
2026-01-10 12:30:00,5,12,1,285.3,0,8,14.3,47.1,2
2026-01-10 12:35:00,5,12,1,295.4,0,8,14.8,47.4,2
2026-01-10 12:40:00,5,12,1,251.5,0,8,12.6,46.3,2
2026-01-10 12:45:00,5,12,1,287.3,0,8,14.4,47.2,2
2026-01-10 12:50:00,5,12,1,297.6,0,8,14.9,47.4,2
2026-01-10 12:55:00,5,12,1,278.9,0,8,13.9,47.0,2
2026-01-10 13:00:00,5,13,1,304.1,0,8,15.2,47.6,2
2026-01-10 13:05:00,5,13,1,297.3,0,8,14.9,47.4,2
2026-01-10 13:10:00,5,13,1,328.6,0,8,16.4,48.2,2
2026-01-10 13:15:00,5,13,1,327.8,0,8,16.4,48.2,2
2026-01-10 13:20:00,5,13,1,299.1,0,8,15.0,47.5,2
2026-01-10 13:25:00,5,13,1,305.6,0,8,15.3,47.6,2
2026-01-10 13:30:00,5,13,1,308.4,0,8,15.4,47.7,2
2026-01-10 13:35:00,5,13,1,304.4,0,8,15.2,47.6,2
2026-01-10 13:40:00,5,13,1,315.6,0,8,15.8,47.9,2
2026-01-10 13:45:00,5,13,1,302.8,0,8,15.1,47.6,2
2026-01-10 13:50:00,5,13,1,298.6,0,8,14.9,47.5,2
2026-01-10 13:55:00,5,13,1,326.1,0,8,16.3,48.2,2
2026-01-10 14:00:00,5,14,1,327.4,0,8,16.4,48.2,2
2026-01-10 14:05:00,5,14,1,307.0,0,8,15.4,47.7,2
2026-01-10 14:10:00,5,14,1,333.5,0,8,16.7,48.3,2
2026-01-10 14:15:00,5,14,1,311.6,0,8,15.6,47.8,2
2026-01-10 14:20:00,5,14,1,325.7,0,8,16.3,48.1,2
2026-01-10 14:25:00,5,14,1,334.9,0,8,16.7,48.4,2
2026-01-10 14:30:00,5,14,1,322.7,0,8,16.1,48.1,2
2026-01-10 14:35:00,5,14,1,330.6,0,8,16.5,48.3,2
2026-01-10 14:40:00,5,14,1,316.5,0,8,15.8,47.9,2
2026-01-10 14:45:00,5,14,1,321.6,0,8,16.1,48.0,2
2026-01-10 14:50:00,5,14,1,321.7,0,8,16.1,48.0,2
2026-01-10 14:55:00,5,14,1,313.8,0,8,15.7,47.8,2
2026-01-10 15:00:00,5,15,1,322.3,0,8,16.1,48.1,2
2026-01-10 15:05:00,5,15,1,301.7,0,8,15.1,47.5,2
2026-01-10 15:10:00,5,15,1,317.4,0,8,15.9,47.9,2
2026-01-10 15:15:00,5,15,1,320.3,0,8,16.0,48.0,2
2026-01-10 15:20:00,5,15,1,320.4,0,8,16.0,48.0,2
2026-01-10 15:25:00,5,15,1,320.1,0,8,16.0,48.0,2
2026-01-10 15:30:00,5,15,1,322.3,0,8,16.1,48.1,2
2026-01-10 15:35:00,5,15,1,329.8,0,8,16.5,48.2,2
2026-01-10 15:40:00,5,15,1,335.0,0,8,16.8,48.4,2
2026-01-10 15:45:00,5,15,1,311.3,0,8,15.6,47.8,2
2026-01-10 15:50:00,5,15,1,302.1,0,8,15.1,47.6,2
2026-01-10 15:55:00,5,15,1,303.5,0,8,15.2,47.6,2
2026-01-10 16:00:00,5,16,1,310.7,0,8,15.5,47.8,2
2026-01-10 16:05:00,5,16,1,311.5,0,8,15.6,47.8,2
2026-01-10 16:10:00,5,16,1,304.0,0,8,15.2,47.6,2
2026-01-10 16:15:00,5,16,1,294.7,0,8,14.7,47.4,2
2026-01-10 16:20:00,5,16,1,305.9,0,8,15.3,47.6,2
2026-01-10 16:25:00,5,16,1,313.9,0,8,15.7,47.8,2
2026-01-10 16:30:00,5,16,1,318.5,0,8,15.9,48.0,2
2026-01-10 16:35:00,5,16,1,299.5,0,8,15.0,47.5,2
2026-01-10 16:40:00,5,16,1,299.9,0,8,15.0,47.5,2
2026-01-10 16:45:00,5,16,1,290.3,0,8,14.5,47.3,2
2026-01-10 16:50:00,5,16,1,301.8,0,8,15.1,47.5,2
2026-01-10 16:55:00,5,16,1,287.6,0,8,14.4,47.2,2
2026-01-10 17:00:00,5,17,1,306.9,0,8,15.3,47.7,2
2026-01-10 17:05:00,5,17,1,269.4,0,8,13.5,46.7,2
2026-01-10 17:10:00,5,17,1,288.6,0,8,14.4,47.2,2
2026-01-10 17:15:00,5,17,1,296.2,0,8,14.8,47.4,2
2026-01-10 17:20:00,5,17,1,292.2,0,8,14.6,47.3,2
2026-01-10 17:25:00,5,17,1,327.4,0,8,16.4,48.2,2
2026-01-10 17:30:00,5,17,1,289.9,0,8,14.5,47.2,2
2026-01-10 17:35:00,5,17,1,267.1,0,8,13.4,46.7,2
2026-01-10 17:40:00,5,17,1,278.2,0,8,13.9,47.0,2
2026-01-10 17:45:00,5,17,1,250.5,0,8,12.5,46.3,2
2026-01-10 17:50:00,5,17,1,273.3,0,8,13.7,46.8,2
2026-01-10 17:55:00,5,17,1,259.4,0,8,13.0,46.5,2
2026-01-10 18:00:00,5,18,1,283.0,0,8,14.2,47.1,2
2026-01-10 18:05:00,5,18,1,258.3,0,8,12.9,46.5,2
2026-01-10 18:10:00,5,18,1,262.0,0,8,13.1,46.6,2
2026-01-10 18:15:00,5,18,1,251.5,0,8,12.6,46.3,2
2026-01-10 18:20:00,5,18,1,284.3,0,8,14.2,47.1,2
2026-01-10 18:25:00,5,18,1,250.6,0,8,12.5,46.3,2
2026-01-10 18:30:00,5,18,1,280.1,0,8,14.0,47.0,2
2026-01-10 18:35:00,5,18,1,262.0,0,8,13.1,46.6,2
2026-01-10 18:40:00,5,18,1,254.2,0,8,12.7,46.4,2
2026-01-10 18:45:00,5,18,1,249.6,0,8,12.5,46.2,2
2026-01-10 18:50:00,5,18,1,247.1,0,8,12.4,46.2,2
2026-01-10 18:55:00,5,18,1,209.4,0,8,10.5,45.2,2
2026-01-10 19:00:00,5,19,1,231.3,0,8,11.6,45.8,2
2026-01-10 19:05:00,5,19,1,245.3,0,8,12.3,46.1,2
2026-01-10 19:10:00,5,19,1,229.0,0,8,11.5,45.7,2
2026-01-10 19:15:00,5,19,1,205.8,0,8,10.3,45.1,2
2026-01-10 19:20:00,5,19,1,223.2,0,8,11.2,45.6,2
2026-01-10 19:25:00,5,19,1,246.7,0,8,12.3,46.2,2
2026-01-10 19:30:00,5,19,1,237.0,0,8,11.8,45.9,2
2026-01-10 19:35:00,5,19,1,214.6,0,8,10.7,45.4,2
2026-01-10 19:40:00,5,19,1,227.0,0,8,11.4,45.7,2
2026-01-10 19:45:00,5,19,1,204.4,0,8,10.2,45.1,2
2026-01-10 19:50:00,5,19,1,181.6,0,8,9.1,44.5,2
2026-01-10 19:55:00,5,19,1,190.5,0,8,9.5,44.8,2
2026-01-10 20:00:00,5,20,1,225.1,0,8,11.3,45.6,2
2026-01-10 20:05:00,5,20,1,194.8,0,8,9.7,44.9,2
2026-01-10 20:10:00,5,20,1,192.6,0,8,9.6,44.8,2
2026-01-10 20:15:00,5,20,1,189.1,0,8,9.5,44.7,2
2026-01-10 20:20:00,5,20,1,219.6,1,8,11.0,45.5,2
2026-01-10 20:25:00,5,20,1,482.7,1,8,24.1,52.1,3
2026-01-10 20:30:00,5,20,1,752.5,1,8,37.6,58.8,5
2026-01-10 20:35:00,5,20,1,796.7,1,8,39.8,59.9,5
2026-01-10 20:40:00,5,20,1,944.2,1,8,47.2,63.6,6
2026-01-10 20:45:00,5,20,1,849.4,1,8,42.5,61.2,5
2026-01-10 20:50:00,5,20,1,1081.3,1,8,54.1,67.0,6
2026-01-10 20:55:00,5,20,1,795.6,1,8,39.8,59.9,5
2026-01-10 21:00:00,5,21,1,768.6,1,8,38.4,59.2,5
2026-01-10 21:05:00,5,21,1,524.0,1,8,26.2,53.1,3
2026-01-10 21:10:00,5,21,1,358.3,1,8,17.9,49.0,2
2026-01-10 21:15:00,5,21,1,152.1,0,8,7.6,43.8,2
2026-01-10 21:20:00,5,21,1,153.3,0,8,7.7,43.8,2
2026-01-10 21:25:00,5,21,1,152.2,0,8,7.6,43.8,2
2026-01-10 21:30:00,5,21,1,150.0,0,8,7.5,43.8,2
2026-01-10 21:35:00,5,21,1,168.7,0,8,8.4,44.2,2
2026-01-10 21:40:00,5,21,1,137.7,0,8,6.9,43.4,2
2026-01-10 21:45:00,5,21,1,155.6,0,8,7.8,43.9,2
2026-01-10 21:50:00,5,21,1,168.6,0,8,8.4,44.2,2
2026-01-10 21:55:00,5,21,1,140.8,0,8,7.0,43.5,2
2026-01-10 22:00:00,5,22,1,135.9,0,8,6.8,43.4,2
2026-01-10 22:05:00,5,22,1,141.5,0,8,7.1,43.5,2
2026-01-10 22:10:00,5,22,1,160.9,0,8,8.0,44.0,2
2026-01-10 22:15:00,5,22,1,144.4,0,8,7.2,43.6,2
2026-01-10 22:20:00,5,22,1,131.9,0,8,6.6,43.3,2
2026-01-10 22:25:00,5,22,1,145.5,0,8,7.3,43.6,2
2026-01-10 22:30:00,5,22,1,120.2,0,8,6.0,43.0,2
2026-01-10 22:35:00,5,22,1,145.4,0,8,7.3,43.6,2
2026-01-10 22:40:00,5,22,1,139.9,0,8,7.0,43.5,2
2026-01-10 22:45:00,5,22,1,127.7,0,8,6.4,43.2,2
2026-01-10 22:50:00,5,22,1,118.4,0,8,5.9,43.0,2
2026-01-10 22:55:00,5,22,1,116.3,0,8,5.8,42.9,2
2026-01-10 23:00:00,5,23,1,136.3,0,8,6.8,43.4,2
2026-01-10 23:05:00,5,23,1,145.5,0,8,7.3,43.6,2
2026-01-10 23:10:00,5,23,1,116.2,0,8,5.8,42.9,2
2026-01-10 23:15:00,5,23,1,131.5,0,8,6.6,43.3,2
2026-01-10 23:20:00,5,23,1,92.2,0,8,4.6,42.3,2
2026-01-10 23:25:00,5,23,1,113.6,0,8,5.7,42.8,2
2026-01-10 23:30:00,5,23,1,120.8,0,8,6.0,43.0,2
2026-01-10 23:35:00,5,23,1,106.6,0,8,5.3,42.7,2
2026-01-10 23:40:00,5,23,1,105.2,0,8,5.3,42.6,2
2026-01-10 23:45:00,5,23,1,108.3,0,8,5.4,42.7,2
2026-01-10 23:50:00,5,23,1,121.7,0,8,6.1,43.0,2
2026-01-10 23:55:00,5,23,1,113.7,0,8,5.7,42.8,2
2026-01-11 00:00:00,6,0,1,64.1,0,8,3.2,41.6,2
2026-01-11 00:05:00,6,0,1,65.9,0,8,3.3,41.6,2
2026-01-11 00:10:00,6,0,1,88.6,0,8,4.4,42.2,2
2026-01-11 00:15:00,6,0,1,104.6,0,8,5.2,42.6,2
2026-01-11 00:20:00,6,0,1,56.6,0,8,2.8,41.4,2
2026-01-11 00:25:00,6,0,1,90.3,0,8,4.5,42.3,2
2026-01-11 00:30:00,6,0,1,89.9,0,8,4.5,42.2,2
2026-01-11 00:35:00,6,0,1,118.7,0,8,5.9,43.0,2
2026-01-11 00:40:00,6,0,1,92.1,0,8,4.6,42.3,2
2026-01-11 00:45:00,6,0,1,103.6,0,8,5.2,42.6,2
2026-01-11 00:50:00,6,0,1,100.0,0,8,5.0,42.5,2
2026-01-11 00:55:00,6,0,1,66.0,0,8,3.3,41.6,2
2026-01-11 01:00:00,6,1,1,109.5,0,8,5.5,42.7,2
2026-01-11 01:05:00,6,1,1,101.3,0,8,5.1,42.5,2
2026-01-11 01:10:00,6,1,1,105.7,0,8,5.3,42.6,2
2026-01-11 01:15:00,6,1,1,157.0,0,8,7.8,43.9,2
2026-01-11 01:20:00,6,1,1,66.9,0,8,3.3,41.7,2
2026-01-11 01:25:00,6,1,1,124.1,0,8,6.2,43.1,2
2026-01-11 01:30:00,6,1,1,94.0,0,8,4.7,42.4,2
2026-01-11 01:35:00,6,1,1,102.6,0,8,5.1,42.6,2
2026-01-11 01:40:00,6,1,1,97.7,0,8,4.9,42.4,2
2026-01-11 01:45:00,6,1,1,92.1,0,8,4.6,42.3,2
2026-01-11 01:50:00,6,1,1,90.0,0,8,4.5,42.2,2
2026-01-11 01:55:00,6,1,1,103.5,0,8,5.2,42.6,2
2026-01-11 02:00:00,6,2,1,75.9,0,8,3.8,41.9,2
2026-01-11 02:05:00,6,2,1,110.0,0,8,5.5,42.8,2
2026-01-11 02:10:00,6,2,1,92.6,0,8,4.6,42.3,2
2026-01-11 02:15:00,6,2,1,82.0,0,8,4.1,42.0,2
2026-01-11 02:20:00,6,2,1,92.3,0,8,4.6,42.3,2
2026-01-11 02:25:00,6,2,1,118.0,0,8,5.9,43.0,2
2026-01-11 02:30:00,6,2,1,91.2,0,8,4.6,42.3,2
2026-01-11 02:35:00,6,2,1,104.7,0,8,5.2,42.6,2
2026-01-11 02:40:00,6,2,1,88.5,0,8,4.4,42.2,2
2026-01-11 02:45:00,6,2,1,111.0,0,8,5.6,42.8,2
2026-01-11 02:50:00,6,2,1,110.0,0,8,5.5,42.8,2
2026-01-11 02:55:00,6,2,1,127.6,0,8,6.4,43.2,2
2026-01-11 03:00:00,6,3,1,97.4,0,8,4.9,42.4,2
2026-01-11 03:05:00,6,3,1,110.2,0,8,5.5,42.8,2
2026-01-11 03:10:00,6,3,1,101.8,0,8,5.1,42.5,2
2026-01-11 03:15:00,6,3,1,120.0,0,8,6.0,43.0,2
2026-01-11 03:20:00,6,3,1,90.0,0,8,4.5,42.2,2
2026-01-11 03:25:00,6,3,1,112.1,0,8,5.6,42.8,2
2026-01-11 03:30:00,6,3,1,98.2,0,8,4.9,42.5,2
2026-01-11 03:35:00,6,3,1,100.4,0,8,5.0,42.5,2
2026-01-11 03:40:00,6,3,1,103.0,0,8,5.1,42.6,2
2026-01-11 03:45:00,6,3,1,105.6,0,8,5.3,42.6,2
2026-01-11 03:50:00,6,3,1,100.4,0,8,5.0,42.5,2
2026-01-11 03:55:00,6,3,1,105.6,0,8,5.3,42.6,2
2026-01-11 04:00:00,6,4,1,126.4,0,8,6.3,43.2,2
2026-01-11 04:05:00,6,4,1,117.8,0,8,5.9,42.9,2
2026-01-11 04:10:00,6,4,1,116.3,0,8,5.8,42.9,2
2026-01-11 04:15:00,6,4,1,96.8,0,8,4.8,42.4,2
2026-01-11 04:20:00,6,4,1,90.7,0,8,4.5,42.3,2
2026-01-11 04:25:00,6,4,1,118.7,0,8,5.9,43.0,2
2026-01-11 04:30:00,6,4,1,117.9,0,8,5.9,42.9,2
2026-01-11 04:35:00,6,4,1,127.3,0,8,6.4,43.2,2
2026-01-11 04:40:00,6,4,1,96.5,0,8,4.8,42.4,2
2026-01-11 04:45:00,6,4,1,102.6,0,8,5.1,42.6,2
2026-01-11 04:50:00,6,4,1,81.9,0,8,4.1,42.0,2
2026-01-11 04:55:00,6,4,1,101.1,0,8,5.1,42.5,2
2026-01-11 05:00:00,6,5,1,122.4,0,8,6.1,43.1,2
2026-01-11 05:05:00,6,5,1,101.0,0,8,5.1,42.5,2
2026-01-11 05:10:00,6,5,1,118.2,0,8,5.9,43.0,2
2026-01-11 05:15:00,6,5,1,106.3,0,8,5.3,42.7,2
2026-01-11 05:20:00,6,5,1,114.6,0,8,5.7,42.9,2
2026-01-11 05:25:00,6,5,1,93.2,0,8,4.7,42.3,2
2026-01-11 05:30:00,6,5,1,112.3,0,8,5.6,42.8,2
2026-01-11 05:35:00,6,5,1,66.9,0,8,3.3,41.7,2
2026-01-11 05:40:00,6,5,1,109.6,0,8,5.5,42.7,2
2026-01-11 05:45:00,6,5,1,88.7,0,8,4.4,42.2,2
2026-01-11 05:50:00,6,5,1,132.1,0,8,6.6,43.3,2
2026-01-11 05:55:00,6,5,1,126.4,0,8,6.3,43.2,2
2026-01-11 06:00:00,6,6,1,122.6,0,8,6.1,43.1,2
2026-01-11 06:05:00,6,6,1,139.3,0,8,7.0,43.5,2
2026-01-11 06:10:00,6,6,1,103.1,0,8,5.2,42.6,2
2026-01-11 06:15:00,6,6,1,144.5,0,8,7.2,43.6,2
2026-01-11 06:20:00,6,6,1,133.2,0,8,6.7,43.3,2
2026-01-11 06:25:00,6,6,1,116.7,0,8,5.8,42.9,2
2026-01-11 06:30:00,6,6,1,138.3,0,8,6.9,43.5,2
2026-01-11 06:35:00,6,6,1,105.8,0,8,5.3,42.6,2
2026-01-11 06:40:00,6,6,1,111.1,0,8,5.6,42.8,2
2026-01-11 06:45:00,6,6,1,115.5,0,8,5.8,42.9,2
2026-01-11 06:50:00,6,6,1,117.9,0,8,5.9,42.9,2
2026-01-11 06:55:00,6,6,1,111.2,0,8,5.6,42.8,2
2026-01-11 07:00:00,6,7,1,146.6,0,8,7.3,43.7,2
2026-01-11 07:05:00,6,7,1,125.7,0,8,6.3,43.1,2
2026-01-11 07:10:00,6,7,1,136.2,0,8,6.8,43.4,2
2026-01-11 07:15:00,6,7,1,123.8,0,8,6.2,43.1,2
2026-01-11 07:20:00,6,7,1,106.4,0,8,5.3,42.7,2
2026-01-11 07:25:00,6,7,1,139.3,0,8,7.0,43.5,2
2026-01-11 07:30:00,6,7,1,108.0,0,8,5.4,42.7,2
2026-01-11 07:35:00,6,7,1,137.3,0,8,6.9,43.4,2
2026-01-11 07:40:00,6,7,1,119.4,0,8,6.0,43.0,2
2026-01-11 07:45:00,6,7,1,171.3,0,8,8.6,44.3,2
2026-01-11 07:50:00,6,7,1,156.9,0,8,7.8,43.9,2
2026-01-11 07:55:00,6,7,1,146.5,0,8,7.3,43.7,2
2026-01-11 08:00:00,6,8,1,165.7,0,8,8.3,44.1,2
2026-01-11 08:05:00,6,8,1,135.8,0,8,6.8,43.4,2
2026-01-11 08:10:00,6,8,1,158.5,0,8,7.9,44.0,2
2026-01-11 08:15:00,6,8,1,155.3,0,8,7.8,43.9,2
2026-01-11 08:20:00,6,8,1,158.2,0,8,7.9,44.0,2
2026-01-11 08:25:00,6,8,1,175.3,0,8,8.8,44.4,2
2026-01-11 08:30:00,6,8,1,169.2,0,8,8.5,44.2,2
2026-01-11 08:35:00,6,8,1,164.7,0,8,8.2,44.1,2
2026-01-11 08:40:00,6,8,1,137.6,0,8,6.9,43.4,2
2026-01-11 08:45:00,6,8,1,150.2,0,8,7.5,43.8,2
2026-01-11 08:50:00,6,8,1,165.0,0,8,8.2,44.1,2
2026-01-11 08:55:00,6,8,1,170.5,0,8,8.5,44.3,2
2026-01-11 09:00:00,6,9,1,154.4,0,8,7.7,43.9,2
2026-01-11 09:05:00,6,9,1,209.9,0,8,10.5,45.2,2
2026-01-11 09:10:00,6,9,1,198.8,0,8,9.9,45.0,2
2026-01-11 09:15:00,6,9,1,187.5,0,8,9.4,44.7,2
2026-01-11 09:20:00,6,9,1,182.0,0,8,9.1,44.6,2
2026-01-11 09:25:00,6,9,1,180.2,0,8,9.0,44.5,2
2026-01-11 09:30:00,6,9,1,171.6,0,8,8.6,44.3,2
2026-01-11 09:35:00,6,9,1,189.6,0,8,9.5,44.7,2
2026-01-11 09:40:00,6,9,1,194.9,0,8,9.7,44.9,2
2026-01-11 09:45:00,6,9,1,175.0,0,8,8.8,44.4,2
2026-01-11 09:50:00,6,9,1,201.3,0,8,10.1,45.0,2
2026-01-11 09:55:00,6,9,1,196.6,0,8,9.8,44.9,2
2026-01-11 10:00:00,6,10,1,173.0,0,8,8.6,44.3,2
2026-01-11 10:05:00,6,10,1,191.5,0,8,9.6,44.8,2
2026-01-11 10:10:00,6,10,1,200.9,0,8,10.0,45.0,2
2026-01-11 10:15:00,6,10,1,238.2,0,8,11.9,46.0,2
2026-01-11 10:20:00,6,10,1,221.0,0,8,11.0,45.5,2
2026-01-11 10:25:00,6,10,1,195.5,0,8,9.8,44.9,2
2026-01-11 10:30:00,6,10,1,225.6,0,8,11.3,45.6,2
2026-01-11 10:35:00,6,10,1,198.0,0,8,9.9,45.0,2
2026-01-11 10:40:00,6,10,1,240.3,0,8,12.0,46.0,2
2026-01-11 10:45:00,6,10,1,219.8,0,8,11.0,45.5,2
2026-01-11 10:50:00,6,10,1,228.3,0,8,11.4,45.7,2
2026-01-11 10:55:00,6,10,1,252.5,0,8,12.6,46.3,2
2026-01-11 11:00:00,6,11,1,216.2,0,8,10.8,45.4,2
2026-01-11 11:05:00,6,11,1,217.4,0,8,10.9,45.4,2
2026-01-11 11:10:00,6,11,1,232.5,0,8,11.6,45.8,2
2026-01-11 11:15:00,6,11,1,259.7,0,8,13.0,46.5,2
2026-01-11 11:20:00,6,11,1,224.2,0,8,11.2,45.6,2
2026-01-11 11:25:00,6,11,1,207.3,0,8,10.4,45.2,2
2026-01-11 11:30:00,6,11,1,245.9,0,8,12.3,46.1,2
2026-01-11 11:35:00,6,11,1,263.7,0,8,13.2,46.6,2
2026-01-11 11:40:00,6,11,1,276.3,0,8,13.8,46.9,2
2026-01-11 11:45:00,6,11,1,254.1,0,8,12.7,46.4,2
2026-01-11 11:50:00,6,11,1,257.6,0,8,12.9,46.4,2
2026-01-11 11:55:00,6,11,1,283.8,0,8,14.2,47.1,2
2026-01-11 12:00:00,6,12,1,241.2,0,8,12.1,46.0,2
2026-01-11 12:05:00,6,12,1,266.1,0,8,13.3,46.7,2
2026-01-11 12:10:00,6,12,1,277.4,0,8,13.9,46.9,2
2026-01-11 12:15:00,6,12,1,283.9,0,8,14.2,47.1,2
2026-01-11 12:20:00,6,12,1,272.0,0,8,13.6,46.8,2
2026-01-11 12:25:00,6,12,1,282.7,0,8,14.1,47.1,2
2026-01-11 12:30:00,6,12,1,247.3,0,8,12.4,46.2,2
2026-01-11 12:35:00,6,12,1,277.2,0,8,13.9,46.9,2
2026-01-11 12:40:00,6,12,1,296.2,0,8,14.8,47.4,2
2026-01-11 12:45:00,6,12,1,277.0,0,8,13.8,46.9,2
2026-01-11 12:50:00,6,12,1,294.8,0,8,14.7,47.4,2
2026-01-11 12:55:00,6,12,1,302.8,0,8,15.1,47.6,2
2026-01-11 13:00:00,6,13,1,293.1,0,8,14.7,47.3,2
2026-01-11 13:05:00,6,13,1,302.9,0,8,15.1,47.6,2
2026-01-11 13:10:00,6,13,1,287.9,0,8,14.4,47.2,2
2026-01-11 13:15:00,6,13,1,301.1,0,8,15.1,47.5,2
2026-01-11 13:20:00,6,13,1,315.2,0,8,15.8,47.9,2
2026-01-11 13:25:00,6,13,1,310.2,0,8,15.5,47.8,2
2026-01-11 13:30:00,6,13,1,300.8,0,8,15.0,47.5,2
2026-01-11 13:35:00,6,13,1,314.5,0,8,15.7,47.9,2
2026-01-11 13:40:00,6,13,1,323.4,0,8,16.2,48.1,2
2026-01-11 13:45:00,6,13,1,283.4,0,8,14.2,47.1,2
2026-01-11 13:50:00,6,13,1,332.9,0,8,16.6,48.3,2
2026-01-11 13:55:00,6,13,1,311.8,0,8,15.6,47.8,2
2026-01-11 14:00:00,6,14,1,324.4,0,8,16.2,48.1,2
2026-01-11 14:05:00,6,14,1,337.1,0,8,16.9,48.4,2
2026-01-11 14:10:00,6,14,1,299.5,0,8,15.0,47.5,2
2026-01-11 14:15:00,6,14,1,310.4,0,8,15.5,47.8,2
2026-01-11 14:20:00,6,14,1,317.5,0,8,15.9,47.9,2
2026-01-11 14:25:00,6,14,1,310.8,0,8,15.5,47.8,2
2026-01-11 14:30:00,6,14,1,349.3,0,8,17.5,48.7,2
2026-01-11 14:35:00,6,14,1,310.9,0,8,15.5,47.8,2
2026-01-11 14:40:00,6,14,1,315.9,0,8,15.8,47.9,2
2026-01-11 14:45:00,6,14,1,327.6,0,8,16.4,48.2,2
2026-01-11 14:50:00,6,14,1,306.8,0,8,15.3,47.7,2
2026-01-11 14:55:00,6,14,1,319.0,0,8,16.0,48.0,2
2026-01-11 15:00:00,6,15,1,329.8,0,8,16.5,48.2,2
2026-01-11 15:05:00,6,15,1,320.0,0,8,16.0,48.0,2
2026-01-11 15:10:00,6,15,1,323.4,0,8,16.2,48.1,2
2026-01-11 15:15:00,6,15,1,316.6,0,8,15.8,47.9,2
2026-01-11 15:20:00,6,15,1,301.5,0,8,15.1,47.5,2
2026-01-11 15:25:00,6,15,1,328.6,0,8,16.4,48.2,2
2026-01-11 15:30:00,6,15,1,349.6,0,8,17.5,48.7,2
2026-01-11 15:35:00,6,15,1,322.9,0,8,16.1,48.1,2
2026-01-11 15:40:00,6,15,1,325.2,0,8,16.3,48.1,2
2026-01-11 15:45:00,6,15,1,331.4,0,8,16.6,48.3,2
2026-01-11 15:50:00,6,15,1,301.1,0,8,15.1,47.5,2
2026-01-11 15:55:00,6,15,1,344.6,0,8,17.2,48.6,2
2026-01-11 16:00:00,6,16,1,321.0,0,8,16.0,48.0,2
2026-01-11 16:05:00,6,16,1,341.3,0,8,17.1,48.5,2
2026-01-11 16:10:00,6,16,1,304.5,0,8,15.2,47.6,2
2026-01-11 16:15:00,6,16,1,341.4,0,8,17.1,48.5,2
2026-01-11 16:20:00,6,16,1,324.3,0,8,16.2,48.1,2
2026-01-11 16:25:00,6,16,1,319.5,0,8,16.0,48.0,2
2026-01-11 16:30:00,6,16,1,313.1,0,8,15.7,47.8,2
2026-01-11 16:35:00,6,16,1,304.1,0,8,15.2,47.6,2
2026-01-11 16:40:00,6,16,1,324.1,0,8,16.2,48.1,2
2026-01-11 16:45:00,6,16,1,306.3,0,8,15.3,47.7,2
2026-01-11 16:50:00,6,16,1,272.8,0,8,13.6,46.8,2
2026-01-11 16:55:00,6,16,1,283.6,0,8,14.2,47.1,2
2026-01-11 17:00:00,6,17,1,295.5,0,8,14.8,47.4,2
2026-01-11 17:05:00,6,17,1,300.8,0,8,15.0,47.5,2
2026-01-11 17:10:00,6,17,1,293.1,0,8,14.7,47.3,2
2026-01-11 17:15:00,6,17,1,310.0,0,8,15.5,47.8,2
2026-01-11 17:20:00,6,17,1,260.1,0,8,13.0,46.5,2
2026-01-11 17:25:00,6,17,1,289.2,0,8,14.5,47.2,2
2026-01-11 17:30:00,6,17,1,257.4,0,8,12.9,46.4,2
2026-01-11 17:35:00,6,17,1,293.6,0,8,14.7,47.3,2
2026-01-11 17:40:00,6,17,1,278.3,0,8,13.9,47.0,2
2026-01-11 17:45:00,6,17,1,283.4,0,8,14.2,47.1,2
2026-01-11 17:50:00,6,17,1,261.6,0,8,13.1,46.5,2
2026-01-11 17:55:00,6,17,1,291.1,0,8,14.6,47.3,2
2026-01-11 18:00:00,6,18,1,284.9,0,8,14.2,47.1,2
2026-01-11 18:05:00,6,18,1,275.3,0,8,13.8,46.9,2
2026-01-11 18:10:00,6,18,1,261.9,0,8,13.1,46.5,2
2026-01-11 18:15:00,6,18,1,269.7,0,8,13.5,46.7,2
2026-01-11 18:20:00,6,18,1,247.7,0,8,12.4,46.2,2
2026-01-11 18:25:00,6,18,1,268.3,0,8,13.4,46.7,2
2026-01-11 18:30:00,6,18,1,277.4,0,8,13.9,46.9,2
2026-01-11 18:35:00,6,18,1,265.9,0,8,13.3,46.6,2
2026-01-11 18:40:00,6,18,1,236.0,0,8,11.8,45.9,2
2026-01-11 18:45:00,6,18,1,249.5,0,8,12.5,46.2,2
2026-01-11 18:50:00,6,18,1,221.8,0,8,11.1,45.5,2
2026-01-11 18:55:00,6,18,1,246.9,0,8,12.3,46.2,2
2026-01-11 19:00:00,6,19,1,242.2,0,8,12.1,46.1,2
2026-01-11 19:05:00,6,19,1,204.6,0,8,10.2,45.1,2
2026-01-11 19:10:00,6,19,1,212.3,0,8,10.6,45.3,2
2026-01-11 19:15:00,6,19,1,222.6,0,8,11.1,45.6,2
2026-01-11 19:20:00,6,19,1,219.5,0,8,11.0,45.5,2
2026-01-11 19:25:00,6,19,1,203.0,0,8,10.2,45.1,2
2026-01-11 19:30:00,6,19,1,224.2,0,8,11.2,45.6,2
2026-01-11 19:35:00,6,19,1,219.3,0,8,11.0,45.5,2
2026-01-11 19:40:00,6,19,1,209.8,0,8,10.5,45.2,2
2026-01-11 19:45:00,6,19,1,198.6,0,8,9.9,45.0,2
2026-01-11 19:50:00,6,19,1,222.9,0,8,11.1,45.6,2
2026-01-11 19:55:00,6,19,1,229.2,0,8,11.5,45.7,2
2026-01-11 20:00:00,6,20,1,194.4,0,8,9.7,44.9,2
2026-01-11 20:05:00,6,20,1,189.8,0,8,9.5,44.7,2
2026-01-11 20:10:00,6,20,1,203.7,0,8,10.2,45.1,2
2026-01-11 20:15:00,6,20,1,188.3,0,8,9.4,44.7,2
2026-01-11 20:20:00,6,20,1,188.9,0,8,9.4,44.7,2
2026-01-11 20:25:00,6,20,1,199.5,0,8,10.0,45.0,2
2026-01-11 20:30:00,6,20,1,157.3,0,8,7.9,43.9,2
2026-01-11 20:35:00,6,20,1,203.2,0,8,10.2,45.1,2
2026-01-11 20:40:00,6,20,1,182.0,0,8,9.1,44.6,2
2026-01-11 20:45:00,6,20,1,172.3,0,8,8.6,44.3,2
2026-01-11 20:50:00,6,20,1,174.7,0,8,8.7,44.4,2
2026-01-11 20:55:00,6,20,1,173.1,0,8,8.7,44.3,2
2026-01-11 21:00:00,6,21,1,145.4,0,8,7.3,43.6,2
2026-01-11 21:05:00,6,21,1,191.5,0,8,9.6,44.8,2
2026-01-11 21:10:00,6,21,1,167.4,0,8,8.4,44.2,2
2026-01-11 21:15:00,6,21,1,171.3,0,8,8.6,44.3,2
2026-01-11 21:20:00,6,21,1,176.7,0,8,8.8,44.4,2
2026-01-11 21:25:00,6,21,1,145.0,0,8,7.2,43.6,2
2026-01-11 21:30:00,6,21,1,165.4,0,8,8.3,44.1,2
2026-01-11 21:35:00,6,21,1,152.2,0,8,7.6,43.8,2
2026-01-11 21:40:00,6,21,1,166.9,0,8,8.3,44.2,2
2026-01-11 21:45:00,6,21,1,120.4,0,8,6.0,43.0,2
2026-01-11 21:50:00,6,21,1,148.9,0,8,7.4,43.7,2
2026-01-11 21:55:00,6,21,1,139.5,0,8,7.0,43.5,2
2026-01-11 22:00:00,6,22,1,153.2,0,8,7.7,43.8,2
2026-01-11 22:05:00,6,22,1,152.0,0,8,7.6,43.8,2
2026-01-11 22:10:00,6,22,1,132.6,0,8,6.6,43.3,2
2026-01-11 22:15:00,6,22,1,130.8,0,8,6.5,43.3,2
2026-01-11 22:20:00,6,22,1,138.2,0,8,6.9,43.5,2
2026-01-11 22:25:00,6,22,1,124.8,0,8,6.2,43.1,2
2026-01-11 22:30:00,6,22,1,149.4,0,8,7.5,43.7,2
2026-01-11 22:35:00,6,22,1,129.7,0,8,6.5,43.2,2
2026-01-11 22:40:00,6,22,1,90.1,0,8,4.5,42.3,2
2026-01-11 22:45:00,6,22,1,126.7,0,8,6.3,43.2,2
2026-01-11 22:50:00,6,22,1,115.4,0,8,5.8,42.9,2
2026-01-11 22:55:00,6,22,1,105.1,0,8,5.3,42.6,2
2026-01-11 23:00:00,6,23,1,109.7,0,8,5.5,42.7,2
2026-01-11 23:05:00,6,23,1,128.7,0,8,6.4,43.2,2
2026-01-11 23:10:00,6,23,1,145.7,0,8,7.3,43.6,2
2026-01-11 23:15:00,6,23,1,129.3,0,8,6.5,43.2,2
2026-01-11 23:20:00,6,23,1,114.4,0,8,5.7,42.9,2
2026-01-11 23:25:00,6,23,1,129.2,0,8,6.5,43.2,2
2026-01-11 23:30:00,6,23,1,114.4,0,8,5.7,42.9,2
2026-01-11 23:35:00,6,23,1,109.8,0,8,5.5,42.7,2
2026-01-11 23:40:00,6,23,1,101.9,0,8,5.1,42.5,2
2026-01-11 23:45:00,6,23,1,92.0,0,8,4.6,42.3,2
2026-01-11 23:50:00,6,23,1,111.5,0,8,5.6,42.8,2
2026-01-11 23:55:00,6,23,1,118.8,0,8,5.9,43.0,2
2026-01-12 00:00:00,0,0,0,148.9,0,8,7.4,43.7,2
2026-01-12 00:05:00,0,0,0,144.1,0,8,7.2,43.6,2
2026-01-12 00:10:00,0,0,0,136.2,0,8,6.8,43.4,2
2026-01-12 00:15:00,0,0,0,159.5,0,8,8.0,44.0,2
2026-01-12 00:20:00,0,0,0,130.7,0,8,6.5,43.3,2
2026-01-12 00:25:00,0,0,0,162.1,0,8,8.1,44.1,2
2026-01-12 00:30:00,0,0,0,135.5,0,8,6.8,43.4,2
2026-01-12 00:35:00,0,0,0,139.2,0,8,7.0,43.5,2
2026-01-12 00:40:00,0,0,0,128.6,0,8,6.4,43.2,2
2026-01-12 00:45:00,0,0,0,143.1,0,8,7.2,43.6,2
2026-01-12 00:50:00,0,0,0,165.3,0,8,8.3,44.1,2
2026-01-12 00:55:00,0,0,0,158.4,0,8,7.9,44.0,2
2026-01-12 01:00:00,0,1,0,165.4,0,8,8.3,44.1,2
2026-01-12 01:05:00,0,1,0,158.7,0,8,7.9,44.0,2
2026-01-12 01:10:00,0,1,0,134.3,0,8,6.7,43.4,2
2026-01-12 01:15:00,0,1,0,146.0,0,8,7.3,43.6,2
2026-01-12 01:20:00,0,1,0,139.3,0,8,7.0,43.5,2
2026-01-12 01:25:00,0,1,0,171.1,0,8,8.6,44.3,2
2026-01-12 01:30:00,0,1,0,133.2,0,8,6.7,43.3,2
2026-01-12 01:35:00,0,1,0,164.7,0,8,8.2,44.1,2
2026-01-12 01:40:00,0,1,0,164.7,0,8,8.2,44.1,2
2026-01-12 01:45:00,0,1,0,178.9,0,8,8.9,44.5,2
2026-01-12 01:50:00,0,1,0,145.4,0,8,7.3,43.6,2
2026-01-12 01:55:00,0,1,0,162.3,0,8,8.1,44.1,2
2026-01-12 02:00:00,0,2,0,186.0,0,8,9.3,44.6,2
2026-01-12 02:05:00,0,2,0,142.6,0,8,7.1,43.6,2
2026-01-12 02:10:00,0,2,0,129.0,0,8,6.4,43.2,2
2026-01-12 02:15:00,0,2,0,124.0,0,8,6.2,43.1,2
2026-01-12 02:20:00,0,2,0,163.0,0,8,8.2,44.1,2
2026-01-12 02:25:00,0,2,0,124.2,0,8,6.2,43.1,2
2026-01-12 02:30:00,0,2,0,147.1,0,8,7.4,43.7,2
2026-01-12 02:35:00,0,2,0,159.4,0,8,8.0,44.0,2
2026-01-12 02:40:00,0,2,0,155.8,0,8,7.8,43.9,2
2026-01-12 02:45:00,0,2,0,159.6,0,8,8.0,44.0,2
2026-01-12 02:50:00,0,2,0,156.8,0,8,7.8,43.9,2
2026-01-12 02:55:00,0,2,0,172.8,0,8,8.6,44.3,2
2026-01-12 03:00:00,0,3,0,139.6,0,8,7.0,43.5,2
2026-01-12 03:05:00,0,3,0,144.0,0,8,7.2,43.6,2
2026-01-12 03:10:00,0,3,0,142.8,0,8,7.1,43.6,2
2026-01-12 03:15:00,0,3,0,167.1,0,8,8.4,44.2,2
2026-01-12 03:20:00,0,3,0,168.5,0,8,8.4,44.2,2
2026-01-12 03:25:00,0,3,0,162.1,0,8,8.1,44.1,2
2026-01-12 03:30:00,0,3,0,173.4,0,8,8.7,44.3,2
2026-01-12 03:35:00,0,3,0,138.3,0,8,6.9,43.5,2
2026-01-12 03:40:00,0,3,0,181.3,0,8,9.1,44.5,2
2026-01-12 03:45:00,0,3,0,179.6,0,8,9.0,44.5,2
2026-01-12 03:50:00,0,3,0,168.1,0,8,8.4,44.2,2
2026-01-12 03:55:00,0,3,0,184.3,0,8,9.2,44.6,2
2026-01-12 04:00:00,0,4,0,133.1,0,8,6.7,43.3,2
2026-01-12 04:05:00,0,4,0,150.6,0,8,7.5,43.8,2
2026-01-12 04:10:00,0,4,0,147.9,0,8,7.4,43.7,2
2026-01-12 04:15:00,0,4,0,170.3,0,8,8.5,44.3,2
2026-01-12 04:20:00,0,4,0,144.2,0,8,7.2,43.6,2
2026-01-12 04:25:00,0,4,0,171.9,0,8,8.6,44.3,2
2026-01-12 04:30:00,0,4,0,181.7,0,8,9.1,44.5,2
2026-01-12 04:35:00,0,4,0,172.2,0,8,8.6,44.3,2
2026-01-12 04:40:00,0,4,0,166.7,0,8,8.3,44.2,2
2026-01-12 04:45:00,0,4,0,148.3,0,8,7.4,43.7,2
2026-01-12 04:50:00,0,4,0,151.1,0,8,7.6,43.8,2
2026-01-12 04:55:00,0,4,0,183.3,0,8,9.2,44.6,2
2026-01-12 05:00:00,0,5,0,177.1,0,8,8.9,44.4,2
2026-01-12 05:05:00,0,5,0,165.6,0,8,8.3,44.1,2
2026-01-12 05:10:00,0,5,0,160.8,0,8,8.0,44.0,2
2026-01-12 05:15:00,0,5,0,137.6,0,8,6.9,43.4,2
2026-01-12 05:20:00,0,5,0,152.8,0,8,7.6,43.8,2
2026-01-12 05:25:00,0,5,0,198.5,0,8,9.9,45.0,2
2026-01-12 05:30:00,0,5,0,151.6,0,8,7.6,43.8,2
2026-01-12 05:35:00,0,5,0,174.8,0,8,8.7,44.4,2
2026-01-12 05:40:00,0,5,0,188.1,0,8,9.4,44.7,2
2026-01-12 05:45:00,0,5,0,155.3,0,8,7.8,43.9,2
2026-01-12 05:50:00,0,5,0,178.1,0,8,8.9,44.5,2
2026-01-12 05:55:00,0,5,0,190.6,0,8,9.5,44.8,2
2026-01-12 06:00:00,0,6,0,178.0,0,8,8.9,44.4,2
2026-01-12 06:05:00,0,6,0,222.2,0,8,11.1,45.6,2
2026-01-12 06:10:00,0,6,0,155.5,0,8,7.8,43.9,2
2026-01-12 06:15:00,0,6,0,197.9,0,8,9.9,44.9,2
2026-01-12 06:20:00,0,6,0,180.9,0,8,9.0,44.5,2
2026-01-12 06:25:00,0,6,0,196.6,0,8,9.8,44.9,2
2026-01-12 06:30:00,0,6,0,193.2,0,8,9.7,44.8,2
2026-01-12 06:35:00,0,6,0,177.3,0,8,8.9,44.4,2
2026-01-12 06:40:00,0,6,0,193.4,0,8,9.7,44.8,2
2026-01-12 06:45:00,0,6,0,163.9,0,8,8.2,44.1,2
2026-01-12 06:50:00,0,6,0,202.6,0,8,10.1,45.1,2
2026-01-12 06:55:00,0,6,0,199.9,0,8,10.0,45.0,2
2026-01-12 07:00:00,0,7,0,206.9,0,8,10.3,45.2,2
2026-01-12 07:05:00,0,7,0,215.2,0,8,10.8,45.4,2
2026-01-12 07:10:00,0,7,0,207.0,0,8,10.4,45.2,2
2026-01-12 07:15:00,0,7,0,205.8,0,8,10.3,45.1,2
2026-01-12 07:20:00,0,7,0,192.5,0,8,9.6,44.8,2
2026-01-12 07:25:00,0,7,0,197.3,0,8,9.9,44.9,2
2026-01-12 07:30:00,0,7,0,228.1,0,8,11.4,45.7,2
2026-01-12 07:35:00,0,7,0,234.3,0,8,11.7,45.9,2
2026-01-12 07:40:00,0,7,0,211.6,0,8,10.6,45.3,2
2026-01-12 07:45:00,0,7,0,218.4,0,8,10.9,45.5,2
2026-01-12 07:50:00,0,7,0,206.7,0,8,10.3,45.2,2
2026-01-12 07:55:00,0,7,0,240.6,0,8,12.0,46.0,2
2026-01-12 08:00:00,0,8,0,235.7,0,8,11.8,45.9,2
2026-01-12 08:05:00,0,8,0,257.6,0,8,12.9,46.4,2
2026-01-12 08:10:00,0,8,0,218.2,0,8,10.9,45.5,2
2026-01-12 08:15:00,0,8,0,228.6,0,8,11.4,45.7,2
2026-01-12 08:20:00,0,8,0,240.7,0,8,12.0,46.0,2
2026-01-12 08:25:00,0,8,0,250.0,0,8,12.5,46.2,2
2026-01-12 08:30:00,0,8,0,240.2,0,8,12.0,46.0,2
2026-01-12 08:35:00,0,8,0,233.6,0,8,11.7,45.8,2
2026-01-12 08:40:00,0,8,0,263.2,0,8,13.2,46.6,2
2026-01-12 08:45:00,0,8,0,264.1,0,8,13.2,46.6,2
2026-01-12 08:50:00,0,8,0,242.9,0,8,12.1,46.1,2
2026-01-12 08:55:00,0,8,0,280.4,0,8,14.0,47.0,2
2026-01-12 09:00:00,0,9,0,281.2,0,8,14.1,47.0,2
2026-01-12 09:05:00,0,9,0,269.2,0,8,13.5,46.7,2
2026-01-12 09:10:00,0,9,0,272.0,0,8,13.6,46.8,2
2026-01-12 09:15:00,0,9,0,282.9,0,8,14.1,47.1,2
2026-01-12 09:20:00,0,9,0,265.4,0,8,13.3,46.6,2
2026-01-12 09:25:00,0,9,0,282.6,0,8,14.1,47.1,2
2026-01-12 09:30:00,0,9,0,253.7,0,8,12.7,46.3,2
2026-01-12 09:35:00,0,9,0,303.1,0,8,15.2,47.6,2
2026-01-12 09:40:00,0,9,0,270.5,0,8,13.5,46.8,2
2026-01-12 09:45:00,0,9,0,320.5,0,8,16.0,48.0,2
2026-01-12 09:50:00,0,9,0,297.0,0,8,14.8,47.4,2
2026-01-12 09:55:00,0,9,0,302.9,0,8,15.1,47.6,2
2026-01-12 10:00:00,0,10,0,300.8,0,8,15.0,47.5,2
2026-01-12 10:05:00,0,10,0,310.1,0,8,15.5,47.8,2
2026-01-12 10:10:00,0,10,0,339.9,0,8,17.0,48.5,2
2026-01-12 10:15:00,0,10,0,285.6,0,8,14.3,47.1,2
2026-01-12 10:20:00,0,10,0,346.4,0,8,17.3,48.7,2
2026-01-12 10:25:00,0,10,0,336.6,0,8,16.8,48.4,2
2026-01-12 10:30:00,0,10,0,317.8,0,8,15.9,47.9,2
2026-01-12 10:35:00,0,10,0,324.1,0,8,16.2,48.1,2
2026-01-12 10:40:00,0,10,0,369.8,0,8,18.5,49.2,2
2026-01-12 10:45:00,0,10,0,334.9,0,8,16.7,48.4,2
2026-01-12 10:50:00,0,10,0,336.1,0,8,16.8,48.4,2
2026-01-12 10:55:00,0,10,0,374.9,0,8,18.7,49.4,2
2026-01-12 11:00:00,0,11,0,367.4,0,8,18.4,49.2,2
2026-01-12 11:05:00,0,11,0,352.6,0,8,17.6,48.8,2
2026-01-12 11:10:00,0,11,0,374.4,0,8,18.7,49.4,2
2026-01-12 11:15:00,0,11,0,360.1,0,8,18.0,49.0,2
2026-01-12 11:20:00,0,11,0,396.4,0,8,19.8,49.9,3
2026-01-12 11:25:00,0,11,0,400.2,0,8,20.0,50.0,3
2026-01-12 11:30:00,0,11,0,396.7,0,8,19.8,49.9,3
2026-01-12 11:35:00,0,11,0,398.4,0,8,19.9,50.0,3
2026-01-12 11:40:00,0,11,0,423.7,0,8,21.2,50.6,3
2026-01-12 11:45:00,0,11,0,401.6,0,8,20.1,50.0,3
2026-01-12 11:50:00,0,11,0,388.1,0,8,19.4,49.7,3
2026-01-12 11:55:00,0,11,0,416.8,0,8,20.8,50.4,3
2026-01-12 12:00:00,0,12,0,445.5,0,8,22.3,51.1,3
2026-01-12 12:05:00,0,12,0,403.1,0,8,20.2,50.1,3
2026-01-12 12:10:00,0,12,0,416.9,0,8,20.8,50.4,3
2026-01-12 12:15:00,0,12,0,432.6,0,8,21.6,50.8,3
2026-01-12 12:20:00,0,12,0,429.4,0,8,21.5,50.7,3
2026-01-12 12:25:00,0,12,0,419.4,0,8,21.0,50.5,3
2026-01-12 12:30:00,0,12,0,454.7,0,8,22.7,51.4,3
2026-01-12 12:35:00,0,12,0,476.4,0,8,23.8,51.9,3
2026-01-12 12:40:00,0,12,0,448.2,0,8,22.4,51.2,3
2026-01-12 12:45:00,0,12,0,435.2,0,8,21.8,50.9,3
2026-01-12 12:50:00,0,12,0,429.0,0,8,21.4,50.7,3
2026-01-12 12:55:00,0,12,0,459.5,0,8,23.0,51.5,3
2026-01-12 13:00:00,0,13,0,475.4,0,8,23.8,51.9,3
2026-01-12 13:05:00,0,13,0,469.2,0,8,23.5,51.7,3
2026-01-12 13:10:00,0,13,0,465.1,0,8,23.3,51.6,3
2026-01-12 13:15:00,0,13,0,459.2,0,8,23.0,51.5,3
2026-01-12 13:20:00,0,13,0,454.5,0,8,22.7,51.4,3
2026-01-12 13:25:00,0,13,0,486.1,0,8,24.3,52.2,3
2026-01-12 13:30:00,0,13,0,489.9,0,8,24.5,52.2,3
2026-01-12 13:35:00,0,13,0,455.5,0,8,22.8,51.4,3
2026-01-12 13:40:00,0,13,0,504.9,0,8,25.2,52.6,3
2026-01-12 13:45:00,0,13,0,491.9,0,8,24.6,52.3,3
2026-01-12 13:50:00,0,13,0,506.4,0,8,25.3,52.7,3
2026-01-12 13:55:00,0,13,0,467.3,0,8,23.4,51.7,3
2026-01-12 14:00:00,0,14,0,468.7,0,8,23.4,51.7,3
2026-01-12 14:05:00,0,14,0,488.7,0,8,24.4,52.2,3
2026-01-12 14:10:00,0,14,0,500.0,0,8,25.0,52.5,3
2026-01-12 14:15:00,0,14,0,520.8,0,8,26.0,53.0,3
2026-01-12 14:20:00,0,14,0,505.8,0,8,25.3,52.6,3
2026-01-12 14:25:00,0,14,0,492.7,0,8,24.6,52.3,3
2026-01-12 14:30:00,0,14,0,481.9,0,8,24.1,52.0,3
2026-01-12 14:35:00,0,14,0,516.6,0,8,25.8,52.9,3
2026-01-12 14:40:00,0,14,0,484.3,0,8,24.2,52.1,3
2026-01-12 14:45:00,0,14,0,523.7,0,8,26.2,53.1,3
2026-01-12 14:50:00,0,14,0,495.4,0,8,24.8,52.4,3
2026-01-12 14:55:00,0,14,0,523.8,0,8,26.2,53.1,3
2026-01-12 15:00:00,0,15,0,510.2,0,8,25.5,52.8,3
2026-01-12 15:05:00,0,15,0,497.9,0,8,24.9,52.4,3
2026-01-12 15:10:00,0,15,0,491.9,0,8,24.6,52.3,3
2026-01-12 15:15:00,0,15,0,494.2,0,8,24.7,52.4,3
2026-01-12 15:20:00,0,15,0,505.2,0,8,25.3,52.6,3
2026-01-12 15:25:00,0,15,0,499.3,0,8,25.0,52.5,3
2026-01-12 15:30:00,0,15,0,488.4,0,8,24.4,52.2,3
2026-01-12 15:35:00,0,15,0,493.8,0,8,24.7,52.3,3
2026-01-12 15:40:00,0,15,0,496.4,0,8,24.8,52.4,3
2026-01-12 15:45:00,0,15,0,462.0,0,8,23.1,51.6,3
2026-01-12 15:50:00,0,15,0,499.4,0,8,25.0,52.5,3
2026-01-12 15:55:00,0,15,0,476.2,0,8,23.8,51.9,3
2026-01-12 16:00:00,0,16,0,471.9,0,8,23.6,51.8,3
2026-01-12 16:05:00,0,16,0,462.1,0,8,23.1,51.6,3
2026-01-12 16:10:00,0,16,0,458.5,0,8,22.9,51.5,3
2026-01-12 16:15:00,0,16,0,463.0,0,8,23.2,51.6,3
2026-01-12 16:20:00,0,16,0,470.5,0,8,23.5,51.8,3
2026-01-12 16:25:00,0,16,0,508.0,0,8,25.4,52.7,3
2026-01-12 16:30:00,0,16,0,468.3,0,8,23.4,51.7,3
2026-01-12 16:35:00,0,16,0,476.3,0,8,23.8,51.9,3
2026-01-12 16:40:00,0,16,0,476.9,0,8,23.8,51.9,3
2026-01-12 16:45:00,0,16,0,470.0,0,8,23.5,51.8,3
2026-01-12 16:50:00,0,16,0,463.9,0,8,23.2,51.6,3
2026-01-12 16:55:00,0,16,0,444.1,0,8,22.2,51.1,3
2026-01-12 17:00:00,0,17,0,480.6,0,8,24.0,52.0,3
2026-01-12 17:05:00,0,17,0,482.7,0,8,24.1,52.1,3
2026-01-12 17:10:00,0,17,0,427.0,0,8,21.3,50.7,3
2026-01-12 17:15:00,0,17,0,433.4,0,8,21.7,50.8,3
2026-01-12 17:20:00,0,17,0,441.0,0,8,22.0,51.0,3
2026-01-12 17:25:00,0,17,0,427.1,0,8,21.4,50.7,3
2026-01-12 17:30:00,0,17,0,445.5,0,8,22.3,51.1,3
2026-01-12 17:35:00,0,17,0,423.2,0,8,21.2,50.6,3
2026-01-12 17:40:00,0,17,0,462.7,0,8,23.1,51.6,3
2026-01-12 17:45:00,0,17,0,444.2,0,8,22.2,51.1,3
2026-01-12 17:50:00,0,17,0,425.5,0,8,21.3,50.6,3
2026-01-12 17:55:00,0,17,0,433.7,0,8,21.7,50.8,3
2026-01-12 18:00:00,0,18,0,430.8,0,8,21.5,50.8,3
2026-01-12 18:05:00,0,18,0,401.6,0,8,20.1,50.0,3
2026-01-12 18:10:00,0,18,0,393.6,0,8,19.7,49.8,3
2026-01-12 18:15:00,0,18,0,402.8,0,8,20.1,50.1,3
2026-01-12 18:20:00,0,18,0,410.3,0,8,20.5,50.3,3
2026-01-12 18:25:00,0,18,0,395.1,0,8,19.8,49.9,3
2026-01-12 18:30:00,0,18,0,365.0,0,8,18.2,49.1,2
2026-01-12 18:35:00,0,18,0,372.3,0,8,18.6,49.3,2
2026-01-12 18:40:00,0,18,0,378.8,0,8,18.9,49.5,3
2026-01-12 18:45:00,0,18,0,374.4,0,8,18.7,49.4,2
2026-01-12 18:50:00,0,18,0,400.7,0,8,20.0,50.0,3
2026-01-12 18:55:00,0,18,0,345.9,0,8,17.3,48.6,2
2026-01-12 19:00:00,0,19,0,369.9,0,8,18.5,49.2,2
2026-01-12 19:05:00,0,19,0,380.2,0,8,19.0,49.5,3
2026-01-12 19:10:00,0,19,0,387.5,0,8,19.4,49.7,3
2026-01-12 19:15:00,0,19,0,343.0,0,8,17.2,48.6,2
2026-01-12 19:20:00,0,19,0,352.0,0,8,17.6,48.8,2
2026-01-12 19:25:00,0,19,0,348.8,0,8,17.4,48.7,2
2026-01-12 19:30:00,0,19,0,338.8,0,8,16.9,48.5,2
2026-01-12 19:35:00,0,19,0,330.1,0,8,16.5,48.3,2
2026-01-12 19:40:00,0,19,0,333.8,0,8,16.7,48.3,2
2026-01-12 19:45:00,0,19,0,284.9,0,8,14.2,47.1,2
2026-01-12 19:50:00,0,19,0,328.9,0,8,16.4,48.2,2
2026-01-12 19:55:00,0,19,0,316.3,0,8,15.8,47.9,2
2026-01-12 20:00:00,0,20,0,306.9,0,8,15.3,47.7,2
2026-01-12 20:05:00,0,20,0,336.8,0,8,16.8,48.4,2
2026-01-12 20:10:00,0,20,0,291.9,0,8,14.6,47.3,2
2026-01-12 20:15:00,0,20,0,291.9,0,8,14.6,47.3,2
2026-01-12 20:20:00,0,20,0,323.8,0,8,16.2,48.1,2
2026-01-12 20:25:00,0,20,0,277.4,0,8,13.9,46.9,2
2026-01-12 20:30:00,0,20,0,277.7,0,8,13.9,46.9,2
2026-01-12 20:35:00,0,20,0,279.9,0,8,14.0,47.0,2
2026-01-12 20:40:00,0,20,0,290.9,0,8,14.5,47.3,2
2026-01-12 20:45:00,0,20,0,277.7,0,8,13.9,46.9,2
2026-01-12 20:50:00,0,20,0,251.5,0,8,12.6,46.3,2
2026-01-12 20:55:00,0,20,0,259.2,0,8,13.0,46.5,2
2026-01-12 21:00:00,0,21,0,254.5,0,8,12.7,46.4,2
2026-01-12 21:05:00,0,21,0,259.0,0,8,13.0,46.5,2
2026-01-12 21:10:00,0,21,0,263.0,0,8,13.2,46.6,2
2026-01-12 21:15:00,0,21,0,259.5,0,8,13.0,46.5,2
2026-01-12 21:20:00,0,21,0,223.3,0,8,11.2,45.6,2
2026-01-12 21:25:00,0,21,0,262.6,0,8,13.1,46.6,2
2026-01-12 21:30:00,0,21,0,247.3,0,8,12.4,46.2,2
2026-01-12 21:35:00,0,21,0,261.1,0,8,13.1,46.5,2
2026-01-12 21:40:00,0,21,0,243.9,0,8,12.2,46.1,2
2026-01-12 21:45:00,0,21,0,250.8,0,8,12.5,46.3,2
2026-01-12 21:50:00,0,21,0,238.3,0,8,11.9,46.0,2
2026-01-12 21:55:00,0,21,0,248.7,0,8,12.4,46.2,2
2026-01-12 22:00:00,0,22,0,233.5,0,8,11.7,45.8,2
2026-01-12 22:05:00,0,22,0,221.5,0,8,11.1,45.5,2
2026-01-12 22:10:00,0,22,0,254.4,0,8,12.7,46.4,2
2026-01-12 22:15:00,0,22,0,231.1,0,8,11.6,45.8,2
2026-01-12 22:20:00,0,22,0,223.8,0,8,11.2,45.6,2
2026-01-12 22:25:00,0,22,0,193.6,0,8,9.7,44.8,2
2026-01-12 22:30:00,0,22,0,191.0,0,8,9.6,44.8,2
2026-01-12 22:35:00,0,22,0,212.4,0,8,10.6,45.3,2
2026-01-12 22:40:00,0,22,0,207.9,0,8,10.4,45.2,2
2026-01-12 22:45:00,0,22,0,194.4,0,8,9.7,44.9,2
2026-01-12 22:50:00,0,22,0,203.6,0,8,10.2,45.1,2
2026-01-12 22:55:00,0,22,0,223.2,0,8,11.2,45.6,2
2026-01-12 23:00:00,0,23,0,207.8,0,8,10.4,45.2,2
2026-01-12 23:05:00,0,23,0,178.3,0,8,8.9,44.5,2
2026-01-12 23:10:00,0,23,0,191.9,0,8,9.6,44.8,2
2026-01-12 23:15:00,0,23,0,179.6,0,8,9.0,44.5,2
2026-01-12 23:20:00,0,23,0,184.1,0,8,9.2,44.6,2
2026-01-12 23:25:00,0,23,0,182.0,0,8,9.1,44.6,2
2026-01-12 23:30:00,0,23,0,179.4,0,8,9.0,44.5,2
2026-01-12 23:35:00,0,23,0,166.2,0,8,8.3,44.2,2
2026-01-12 23:40:00,0,23,0,181.6,0,8,9.1,44.5,2
2026-01-12 23:45:00,0,23,0,173.6,0,8,8.7,44.3,2
2026-01-12 23:50:00,0,23,0,136.6,0,8,6.8,43.4,2
2026-01-12 23:55:00,0,23,0,210.0,0,8,10.5,45.2,2
2026-01-13 00:00:00,1,0,0,166.6,0,8,8.3,44.2,2
2026-01-13 00:05:00,1,0,0,144.7,0,8,7.2,43.6,2
2026-01-13 00:10:00,1,0,0,150.6,0,8,7.5,43.8,2
2026-01-13 00:15:00,1,0,0,132.8,0,8,6.6,43.3,2
2026-01-13 00:20:00,1,0,0,175.9,0,8,8.8,44.4,2
2026-01-13 00:25:00,1,0,0,178.9,0,8,8.9,44.5,2
2026-01-13 00:30:00,1,0,0,152.8,0,8,7.6,43.8,2
2026-01-13 00:35:00,1,0,0,165.9,0,8,8.3,44.1,2
2026-01-13 00:40:00,1,0,0,153.2,0,8,7.7,43.8,2
2026-01-13 00:45:00,1,0,0,130.6,0,8,6.5,43.3,2
2026-01-13 00:50:00,1,0,0,144.5,0,8,7.2,43.6,2
2026-01-13 00:55:00,1,0,0,152.7,0,8,7.6,43.8,2
2026-01-13 01:00:00,1,1,0,143.9,0,8,7.2,43.6,2
2026-01-13 01:05:00,1,1,0,147.5,0,8,7.4,43.7,2
2026-01-13 01:10:00,1,1,0,149.5,0,8,7.5,43.7,2
2026-01-13 01:15:00,1,1,0,149.7,0,8,7.5,43.7,2
2026-01-13 01:20:00,1,1,0,151.8,0,8,7.6,43.8,2
2026-01-13 01:25:00,1,1,0,135.2,0,8,6.8,43.4,2
2026-01-13 01:30:00,1,1,0,140.4,0,8,7.0,43.5,2
2026-01-13 01:35:00,1,1,0,132.0,0,8,6.6,43.3,2
2026-01-13 01:40:00,1,1,0,166.0,0,8,8.3,44.2,2
2026-01-13 01:45:00,1,1,0,119.9,0,8,6.0,43.0,2
2026-01-13 01:50:00,1,1,0,168.9,0,8,8.4,44.2,2
2026-01-13 01:55:00,1,1,0,172.5,0,8,8.6,44.3,2
2026-01-13 02:00:00,1,2,0,147.2,0,8,7.4,43.7,2
2026-01-13 02:05:00,1,2,0,112.9,0,8,5.6,42.8,2
2026-01-13 02:10:00,1,2,0,146.6,0,8,7.3,43.7,2
2026-01-13 02:15:00,1,2,0,151.2,0,8,7.6,43.8,2
2026-01-13 02:20:00,1,2,0,137.2,0,8,6.9,43.4,2
2026-01-13 02:25:00,1,2,0,144.8,0,8,7.2,43.6,2
2026-01-13 02:30:00,1,2,0,175.6,0,8,8.8,44.4,2
2026-01-13 02:35:00,1,2,0,162.8,0,8,8.1,44.1,2
2026-01-13 02:40:00,1,2,0,139.1,0,8,7.0,43.5,2
2026-01-13 02:45:00,1,2,0,129.3,0,8,6.5,43.2,2
2026-01-13 02:50:00,1,2,0,148.5,0,8,7.4,43.7,2
2026-01-13 02:55:00,1,2,0,150.4,0,8,7.5,43.8,2
2026-01-13 03:00:00,1,3,0,161.3,0,8,8.1,44.0,2
2026-01-13 03:05:00,1,3,0,146.1,0,8,7.3,43.7,2
2026-01-13 03:10:00,1,3,0,162.1,0,8,8.1,44.1,2
2026-01-13 03:15:00,1,3,0,183.7,0,8,9.2,44.6,2
2026-01-13 03:20:00,1,3,0,167.2,0,8,8.4,44.2,2
2026-01-13 03:25:00,1,3,0,154.6,0,8,7.7,43.9,2
2026-01-13 03:30:00,1,3,0,152.9,0,8,7.6,43.8,2
2026-01-13 03:35:00,1,3,0,150.6,0,8,7.5,43.8,2
2026-01-13 03:40:00,1,3,0,174.0,0,8,8.7,44.4,2
2026-01-13 03:45:00,1,3,0,147.3,0,8,7.4,43.7,2
2026-01-13 03:50:00,1,3,0,157.8,0,8,7.9,43.9,2
2026-01-13 03:55:00,1,3,0,158.3,0,8,7.9,44.0,2
2026-01-13 04:00:00,1,4,0,150.5,0,8,7.5,43.8,2
2026-01-13 04:05:00,1,4,0,137.9,0,8,6.9,43.4,2
2026-01-13 04:10:00,1,4,0,163.8,0,8,8.2,44.1,2
2026-01-13 04:15:00,1,4,0,158.5,0,8,7.9,44.0,2
2026-01-13 04:20:00,1,4,0,167.5,0,8,8.4,44.2,2
2026-01-13 04:25:00,1,4,0,152.6,0,8,7.6,43.8,2
2026-01-13 04:30:00,1,4,0,179.5,0,8,9.0,44.5,2
2026-01-13 04:35:00,1,4,0,148.6,0,8,7.4,43.7,2
2026-01-13 04:40:00,1,4,0,188.1,0,8,9.4,44.7,2
2026-01-13 04:45:00,1,4,0,136.9,0,8,6.8,43.4,2
2026-01-13 04:50:00,1,4,0,170.4,0,8,8.5,44.3,2
2026-01-13 04:55:00,1,4,0,171.7,0,8,8.6,44.3,2
2026-01-13 05:00:00,1,5,0,153.4,0,8,7.7,43.8,2
2026-01-13 05:05:00,1,5,0,172.6,0,8,8.6,44.3,2
2026-01-13 05:10:00,1,5,0,186.2,0,8,9.3,44.7,2
2026-01-13 05:15:00,1,5,0,134.7,0,8,6.7,43.4,2
2026-01-13 05:20:00,1,5,0,176.4,0,8,8.8,44.4,2
2026-01-13 05:25:00,1,5,0,132.4,0,8,6.6,43.3,2
2026-01-13 05:30:00,1,5,0,156.4,0,8,7.8,43.9,2
2026-01-13 05:35:00,1,5,0,196.3,0,8,9.8,44.9,2
2026-01-13 05:40:00,1,5,0,164.3,0,8,8.2,44.1,2
2026-01-13 05:45:00,1,5,0,156.5,0,8,7.8,43.9,2
2026-01-13 05:50:00,1,5,0,172.4,0,8,8.6,44.3,2
2026-01-13 05:55:00,1,5,0,207.6,0,8,10.4,45.2,2
2026-01-13 06:00:00,1,6,0,150.4,0,8,7.5,43.8,2
2026-01-13 06:05:00,1,6,0,163.4,0,8,8.2,44.1,2
2026-01-13 06:10:00,1,6,0,203.0,0,8,10.2,45.1,2
2026-01-13 06:15:00,1,6,0,209.9,0,8,10.5,45.2,2
2026-01-13 06:20:00,1,6,0,181.9,0,8,9.1,44.5,2
2026-01-13 06:25:00,1,6,0,166.4,0,8,8.3,44.2,2
2026-01-13 06:30:00,1,6,0,218.0,0,8,10.9,45.4,2
2026-01-13 06:35:00,1,6,0,212.2,0,8,10.6,45.3,2
2026-01-13 06:40:00,1,6,0,200.1,0,8,10.0,45.0,2
2026-01-13 06:45:00,1,6,0,179.5,0,8,9.0,44.5,2
2026-01-13 06:50:00,1,6,0,192.8,0,8,9.6,44.8,2
2026-01-13 06:55:00,1,6,0,193.0,0,8,9.6,44.8,2
2026-01-13 07:00:00,1,7,0,202.3,0,8,10.1,45.1,2
2026-01-13 07:05:00,1,7,0,221.1,0,8,11.1,45.5,2
2026-01-13 07:10:00,1,7,0,214.6,0,8,10.7,45.4,2
2026-01-13 07:15:00,1,7,0,187.4,0,8,9.4,44.7,2
2026-01-13 07:20:00,1,7,0,226.4,0,8,11.3,45.7,2
2026-01-13 07:25:00,1,7,0,212.7,0,8,10.6,45.3,2
2026-01-13 07:30:00,1,7,0,220.7,0,8,11.0,45.5,2
2026-01-13 07:35:00,1,7,0,234.7,0,8,11.7,45.9,2
2026-01-13 07:40:00,1,7,0,198.5,0,8,9.9,45.0,2
2026-01-13 07:45:00,1,7,0,217.2,0,8,10.9,45.4,2
2026-01-13 07:50:00,1,7,0,212.3,0,8,10.6,45.3,2
2026-01-13 07:55:00,1,7,0,199.4,0,8,10.0,45.0,2
2026-01-13 08:00:00,1,8,0,230.9,0,8,11.5,45.8,2
2026-01-13 08:05:00,1,8,0,266.2,0,8,13.3,46.7,2
2026-01-13 08:10:00,1,8,0,203.7,0,8,10.2,45.1,2
2026-01-13 08:15:00,1,8,0,233.8,0,8,11.7,45.8,2
2026-01-13 08:20:00,1,8,0,246.9,0,8,12.3,46.2,2
2026-01-13 08:25:00,1,8,0,242.2,0,8,12.1,46.1,2
2026-01-13 08:30:00,1,8,0,241.8,0,8,12.1,46.0,2
2026-01-13 08:35:00,1,8,0,227.2,0,8,11.4,45.7,2
2026-01-13 08:40:00,1,8,0,253.4,0,8,12.7,46.3,2
2026-01-13 08:45:00,1,8,0,241.9,0,8,12.1,46.0,2
2026-01-13 08:50:00,1,8,0,223.8,0,8,11.2,45.6,2
2026-01-13 08:55:00,1,8,0,278.0,0,8,13.9,47.0,2
2026-01-13 09:00:00,1,9,0,278.0,0,8,13.9,47.0,2
2026-01-13 09:05:00,1,9,0,268.0,0,8,13.4,46.7,2
2026-01-13 09:10:00,1,9,0,274.3,0,8,13.7,46.9,2
2026-01-13 09:15:00,1,9,0,290.7,0,8,14.5,47.3,2
2026-01-13 09:20:00,1,9,0,281.7,0,8,14.1,47.0,2
2026-01-13 09:25:00,1,9,0,295.7,0,8,14.8,47.4,2
2026-01-13 09:30:00,1,9,0,281.5,0,8,14.1,47.0,2
2026-01-13 09:35:00,1,9,0,309.6,0,8,15.5,47.7,2
2026-01-13 09:40:00,1,9,0,298.7,0,8,14.9,47.5,2
2026-01-13 09:45:00,1,9,0,300.8,0,8,15.0,47.5,2
2026-01-13 09:50:00,1,9,0,282.9,0,8,14.1,47.1,2
2026-01-13 09:55:00,1,9,0,310.4,0,8,15.5,47.8,2
2026-01-13 10:00:00,1,10,0,297.8,0,8,14.9,47.4,2
2026-01-13 10:05:00,1,10,0,304.9,0,8,15.2,47.6,2
2026-01-13 10:10:00,1,10,0,306.4,0,8,15.3,47.7,2
2026-01-13 10:15:00,1,10,0,306.9,0,8,15.3,47.7,2
2026-01-13 10:20:00,1,10,0,359.1,0,8,18.0,49.0,2
2026-01-13 10:25:00,1,10,0,351.5,0,8,17.6,48.8,2
2026-01-13 10:30:00,1,10,0,364.7,0,8,18.2,49.1,2
2026-01-13 10:35:00,1,10,0,321.9,0,8,16.1,48.0,2
2026-01-13 10:40:00,1,10,0,345.7,0,8,17.3,48.6,2
2026-01-13 10:45:00,1,10,0,329.6,0,8,16.5,48.2,2
2026-01-13 10:50:00,1,10,0,343.0,0,8,17.2,48.6,2
2026-01-13 10:55:00,1,10,0,344.1,0,8,17.2,48.6,2
2026-01-13 11:00:00,1,11,0,380.9,0,8,19.0,49.5,3
2026-01-13 11:05:00,1,11,0,360.8,0,8,18.0,49.0,2
2026-01-13 11:10:00,1,11,0,387.2,0,8,19.4,49.7,3
2026-01-13 11:15:00,1,11,0,384.6,0,8,19.2,49.6,3
2026-01-13 11:20:00,1,11,0,414.5,0,8,20.7,50.4,3
2026-01-13 11:25:00,1,11,0,362.1,0,8,18.1,49.1,2
2026-01-13 11:30:00,1,11,0,407.6,0,8,20.4,50.2,3
2026-01-13 11:35:00,1,11,0,410.2,0,8,20.5,50.3,3
2026-01-13 11:40:00,1,11,0,382.7,0,8,19.1,49.6,3
2026-01-13 11:45:00,1,11,0,416.7,0,8,20.8,50.4,3
2026-01-13 11:50:00,1,11,0,410.9,0,8,20.5,50.3,3
2026-01-13 11:55:00,1,11,0,406.6,0,8,20.3,50.2,3
2026-01-13 12:00:00,1,12,0,401.8,0,8,20.1,50.0,3
2026-01-13 12:05:00,1,12,0,407.5,0,8,20.4,50.2,3
2026-01-13 12:10:00,1,12,0,453.1,0,8,22.7,51.3,3
2026-01-13 12:15:00,1,12,0,426.3,0,8,21.3,50.7,3
2026-01-13 12:20:00,1,12,0,442.0,0,8,22.1,51.0,3
2026-01-13 12:25:00,1,12,0,422.3,0,8,21.1,50.6,3
2026-01-13 12:30:00,1,12,0,426.2,0,8,21.3,50.7,3
2026-01-13 12:35:00,1,12,0,457.8,0,8,22.9,51.4,3
2026-01-13 12:40:00,1,12,0,425.0,0,8,21.2,50.6,3
2026-01-13 12:45:00,1,12,0,442.6,0,8,22.1,51.1,3
2026-01-13 12:50:00,1,12,0,452.8,0,8,22.6,51.3,3
2026-01-13 12:55:00,1,12,0,457.3,0,8,22.9,51.4,3
2026-01-13 13:00:00,1,13,0,456.2,0,8,22.8,51.4,3
2026-01-13 13:05:00,1,13,0,468.0,0,8,23.4,51.7,3
2026-01-13 13:10:00,1,13,0,475.5,0,8,23.8,51.9,3
2026-01-13 13:15:00,1,13,0,479.1,0,8,24.0,52.0,3
2026-01-13 13:20:00,1,13,0,456.1,0,8,22.8,51.4,3
2026-01-13 13:25:00,1,13,0,469.4,0,8,23.5,51.7,3
2026-01-13 13:30:00,1,13,0,494.2,0,8,24.7,52.4,3
2026-01-13 13:35:00,1,13,0,492.1,0,8,24.6,52.3,3
2026-01-13 13:40:00,1,13,0,460.5,0,8,23.0,51.5,3
2026-01-13 13:45:00,1,13,0,488.6,0,8,24.4,52.2,3
2026-01-13 13:50:00,1,13,0,455.8,0,8,22.8,51.4,3
2026-01-13 13:55:00,1,13,0,488.1,0,8,24.4,52.2,3
2026-01-13 14:00:00,1,14,0,517.7,0,8,25.9,52.9,3
2026-01-13 14:05:00,1,14,0,476.7,0,8,23.8,51.9,3
2026-01-13 14:10:00,1,14,0,480.0,0,8,24.0,52.0,3
2026-01-13 14:15:00,1,14,0,505.4,0,8,25.3,52.6,3
2026-01-13 14:20:00,1,14,0,472.0,0,8,23.6,51.8,3
2026-01-13 14:25:00,1,14,0,486.8,0,8,24.3,52.2,3
2026-01-13 14:30:00,1,14,0,506.2,0,8,25.3,52.7,3
2026-01-13 14:35:00,1,14,0,488.6,0,8,24.4,52.2,3
2026-01-13 14:40:00,1,14,0,495.2,0,8,24.8,52.4,3
2026-01-13 14:45:00,1,14,0,510.5,0,8,25.5,52.8,3
2026-01-13 14:50:00,1,14,0,506.0,0,8,25.3,52.6,3
2026-01-13 14:55:00,1,14,0,503.9,0,8,25.2,52.6,3
2026-01-13 15:00:00,1,15,0,494.9,0,8,24.7,52.4,3
2026-01-13 15:05:00,1,15,0,505.5,0,8,25.3,52.6,3
2026-01-13 15:10:00,1,15,0,497.8,0,8,24.9,52.4,3
2026-01-13 15:15:00,1,15,0,506.2,0,8,25.3,52.7,3
2026-01-13 15:20:00,1,15,0,491.3,0,8,24.6,52.3,3
2026-01-13 15:25:00,1,15,0,495.4,0,8,24.8,52.4,3
2026-01-13 15:30:00,1,15,0,482.4,0,8,24.1,52.1,3
2026-01-13 15:35:00,1,15,0,495.8,0,8,24.8,52.4,3
2026-01-13 15:40:00,1,15,0,483.0,0,8,24.2,52.1,3
2026-01-13 15:45:00,1,15,0,477.2,0,8,23.9,51.9,3
2026-01-13 15:50:00,1,15,0,496.4,0,8,24.8,52.4,3
2026-01-13 15:55:00,1,15,0,494.1,0,8,24.7,52.4,3
2026-01-13 16:00:00,1,16,0,501.0,0,8,25.0,52.5,3
2026-01-13 16:05:00,1,16,0,480.9,0,8,24.0,52.0,3
2026-01-13 16:10:00,1,16,0,491.5,0,8,24.6,52.3,3
2026-01-13 16:15:00,1,16,0,491.6,0,8,24.6,52.3,3
2026-01-13 16:20:00,1,16,0,487.8,0,8,24.4,52.2,3
2026-01-13 16:25:00,1,16,0,466.3,0,8,23.3,51.7,3
2026-01-13 16:30:00,1,16,0,478.5,0,8,23.9,52.0,3
2026-01-13 16:35:00,1,16,0,479.1,0,8,24.0,52.0,3
2026-01-13 16:40:00,1,16,0,471.0,0,8,23.5,51.8,3
2026-01-13 16:45:00,1,16,0,436.8,0,8,21.8,50.9,3
2026-01-13 16:50:00,1,16,0,467.5,0,8,23.4,51.7,3
2026-01-13 16:55:00,1,16,0,495.2,0,8,24.8,52.4,3
2026-01-13 17:00:00,1,17,0,453.5,0,8,22.7,51.3,3
2026-01-13 17:05:00,1,17,0,444.7,0,8,22.2,51.1,3
2026-01-13 17:10:00,1,17,0,457.8,0,8,22.9,51.4,3
2026-01-13 17:15:00,1,17,0,453.5,0,8,22.7,51.3,3
2026-01-13 17:20:00,1,17,0,463.1,0,8,23.2,51.6,3
2026-01-13 17:25:00,1,17,0,422.7,0,8,21.1,50.6,3
2026-01-13 17:30:00,1,17,0,448.9,0,8,22.4,51.2,3
2026-01-13 17:35:00,1,17,0,443.0,0,8,22.2,51.1,3
2026-01-13 17:40:00,1,17,0,428.1,0,8,21.4,50.7,3
2026-01-13 17:45:00,1,17,0,431.4,0,8,21.6,50.8,3
2026-01-13 17:50:00,1,17,0,437.8,0,8,21.9,50.9,3
2026-01-13 17:55:00,1,17,0,431.4,0,8,21.6,50.8,3
2026-01-13 18:00:00,1,18,0,397.0,0,8,19.8,49.9,3
2026-01-13 18:05:00,1,18,0,422.3,0,8,21.1,50.6,3
2026-01-13 18:10:00,1,18,0,404.9,0,8,20.2,50.1,3
2026-01-13 18:15:00,1,18,0,402.7,0,8,20.1,50.1,3
2026-01-13 18:20:00,1,18,0,398.4,0,8,19.9,50.0,3
2026-01-13 18:25:00,1,18,0,390.8,0,8,19.5,49.8,3
2026-01-13 18:30:00,1,18,0,406.6,0,8,20.3,50.2,3
2026-01-13 18:35:00,1,18,0,383.1,0,8,19.2,49.6,3
2026-01-13 18:40:00,1,18,0,363.1,0,8,18.2,49.1,2
2026-01-13 18:45:00,1,18,0,369.6,0,8,18.5,49.2,2
2026-01-13 18:50:00,1,18,0,373.8,0,8,18.7,49.3,2
2026-01-13 18:55:00,1,18,0,385.1,0,8,19.3,49.6,3
2026-01-13 19:00:00,1,19,0,371.3,0,8,18.6,49.3,2
2026-01-13 19:05:00,1,19,0,345.1,0,8,17.3,48.6,2
2026-01-13 19:10:00,1,19,0,390.7,0,8,19.5,49.8,3
2026-01-13 19:15:00,1,19,0,353.0,0,8,17.6,48.8,2
2026-01-13 19:20:00,1,19,0,363.8,0,8,18.2,49.1,2
2026-01-13 19:25:00,1,19,0,338.0,0,8,16.9,48.4,2
2026-01-13 19:30:00,1,19,0,343.9,0,8,17.2,48.6,2
2026-01-13 19:35:00,1,19,0,344.1,0,8,17.2,48.6,2
2026-01-13 19:40:00,1,19,0,345.5,0,8,17.3,48.6,2
2026-01-13 19:45:00,1,19,0,338.8,0,8,16.9,48.5,2
2026-01-13 19:50:00,1,19,0,331.7,0,8,16.6,48.3,2
2026-01-13 19:55:00,1,19,0,309.7,0,8,15.5,47.7,2
2026-01-13 20:00:00,1,20,0,301.7,0,8,15.1,47.5,2
2026-01-13 20:05:00,1,20,0,311.1,0,8,15.6,47.8,2
2026-01-13 20:10:00,1,20,0,316.0,0,8,15.8,47.9,2
2026-01-13 20:15:00,1,20,0,294.6,0,8,14.7,47.4,2
2026-01-13 20:20:00,1,20,0,309.9,0,8,15.5,47.7,2
2026-01-13 20:25:00,1,20,0,311.7,0,8,15.6,47.8,2
2026-01-13 20:30:00,1,20,0,272.3,0,8,13.6,46.8,2
2026-01-13 20:35:00,1,20,0,269.6,0,8,13.5,46.7,2
2026-01-13 20:40:00,1,20,0,276.2,0,8,13.8,46.9,2
2026-01-13 20:45:00,1,20,0,279.2,0,8,14.0,47.0,2
2026-01-13 20:50:00,1,20,0,263.0,0,8,13.2,46.6,2
2026-01-13 20:55:00,1,20,0,287.5,0,8,14.4,47.2,2
2026-01-13 21:00:00,1,21,0,270.0,0,8,13.5,46.8,2
2026-01-13 21:05:00,1,21,0,260.7,0,8,13.0,46.5,2
2026-01-13 21:10:00,1,21,0,235.1,0,8,11.8,45.9,2
2026-01-13 21:15:00,1,21,0,233.5,0,8,11.7,45.8,2
2026-01-13 21:20:00,1,21,0,254.1,0,8,12.7,46.4,2
2026-01-13 21:25:00,1,21,0,214.7,0,8,10.7,45.4,2
2026-01-13 21:30:00,1,21,0,258.7,0,8,12.9,46.5,2
2026-01-13 21:35:00,1,21,0,238.0,0,8,11.9,46.0,2
2026-01-13 21:40:00,1,21,0,285.9,0,8,14.3,47.1,2
2026-01-13 21:45:00,1,21,0,268.9,0,8,13.4,46.7,2
2026-01-13 21:50:00,1,21,0,228.6,0,8,11.4,45.7,2
2026-01-13 21:55:00,1,21,0,226.9,0,8,11.3,45.7,2
2026-01-13 22:00:00,1,22,0,240.6,0,8,12.0,46.0,2
2026-01-13 22:05:00,1,22,0,248.5,0,8,12.4,46.2,2
2026-01-13 22:10:00,1,22,0,195.7,0,8,9.8,44.9,2
2026-01-13 22:15:00,1,22,0,190.9,0,8,9.5,44.8,2
2026-01-13 22:20:00,1,22,0,205.9,0,8,10.3,45.1,2
2026-01-13 22:25:00,1,22,0,221.5,0,8,11.1,45.5,2
2026-01-13 22:30:00,1,22,0,217.8,0,8,10.9,45.4,2
2026-01-13 22:35:00,1,22,0,224.1,0,8,11.2,45.6,2
2026-01-13 22:40:00,1,22,0,187.8,0,8,9.4,44.7,2
2026-01-13 22:45:00,1,22,0,168.8,0,8,8.4,44.2,2
2026-01-13 22:50:00,1,22,0,214.3,0,8,10.7,45.4,2
2026-01-13 22:55:00,1,22,0,186.9,0,8,9.3,44.7,2
2026-01-13 23:00:00,1,23,0,167.1,0,8,8.4,44.2,2
2026-01-13 23:05:00,1,23,0,197.6,0,8,9.9,44.9,2
2026-01-13 23:10:00,1,23,0,205.4,0,8,10.3,45.1,2
2026-01-13 23:15:00,1,23,0,189.9,0,8,9.5,44.7,2
2026-01-13 23:20:00,1,23,0,183.1,0,8,9.2,44.6,2
2026-01-13 23:25:00,1,23,0,185.9,0,8,9.3,44.6,2
2026-01-13 23:30:00,1,23,0,181.0,0,8,9.0,44.5,2
2026-01-13 23:35:00,1,23,0,164.8,0,8,8.2,44.1,2
2026-01-13 23:40:00,1,23,0,172.8,0,8,8.6,44.3,2
2026-01-13 23:45:00,1,23,0,189.8,0,8,9.5,44.7,2
2026-01-13 23:50:00,1,23,0,185.4,0,8,9.3,44.6,2
2026-01-13 23:55:00,1,23,0,181.7,0,8,9.1,44.5,2
2026-01-14 00:00:00,2,0,0,135.4,0,8,6.8,43.4,2
2026-01-14 00:05:00,2,0,0,147.6,0,8,7.4,43.7,2
2026-01-14 00:10:00,2,0,0,117.7,0,8,5.9,42.9,2
2026-01-14 00:15:00,2,0,0,153.1,0,8,7.7,43.8,2
2026-01-14 00:20:00,2,0,0,171.9,0,8,8.6,44.3,2
2026-01-14 00:25:00,2,0,0,128.3,0,8,6.4,43.2,2
2026-01-14 00:30:00,2,0,0,141.7,0,8,7.1,43.5,2
2026-01-14 00:35:00,2,0,0,155.5,0,8,7.8,43.9,2
2026-01-14 00:40:00,2,0,0,169.4,0,8,8.5,44.2,2
2026-01-14 00:45:00,2,0,0,143.9,0,8,7.2,43.6,2
2026-01-14 00:50:00,2,0,0,140.3,0,8,7.0,43.5,2
2026-01-14 00:55:00,2,0,0,121.2,0,8,6.1,43.0,2
2026-01-14 01:00:00,2,1,0,152.3,0,8,7.6,43.8,2
2026-01-14 01:05:00,2,1,0,181.5,0,8,9.1,44.5,2
2026-01-14 01:10:00,2,1,0,155.0,0,8,7.8,43.9,2
2026-01-14 01:15:00,2,1,0,150.6,0,8,7.5,43.8,2
2026-01-14 01:20:00,2,1,0,155.9,0,8,7.8,43.9,2
2026-01-14 01:25:00,2,1,0,150.9,1,8,7.5,43.8,2
2026-01-14 01:30:00,2,1,0,303.6,1,8,15.2,47.6,2
2026-01-14 01:35:00,2,1,0,527.8,1,8,26.4,53.2,3
2026-01-14 01:40:00,2,1,0,618.8,1,8,30.9,55.5,4
2026-01-14 01:45:00,2,1,0,669.1,1,8,33.5,56.7,4
2026-01-14 01:50:00,2,1,0,603.9,1,8,30.2,55.1,4
2026-01-14 01:55:00,2,1,0,684.7,1,8,34.2,57.1,4
2026-01-14 02:00:00,2,2,0,521.8,1,8,26.1,53.0,3
2026-01-14 02:05:00,2,2,0,313.7,1,8,15.7,47.8,2
2026-01-14 02:10:00,2,2,0,167.1,0,8,8.4,44.2,2
2026-01-14 02:15:00,2,2,0,144.7,0,8,7.2,43.6,2
2026-01-14 02:20:00,2,2,0,140.6,0,8,7.0,43.5,2
2026-01-14 02:25:00,2,2,0,141.1,0,8,7.1,43.5,2
2026-01-14 02:30:00,2,2,0,126.1,0,8,6.3,43.2,2
2026-01-14 02:35:00,2,2,0,159.9,0,8,8.0,44.0,2
2026-01-14 02:40:00,2,2,0,125.6,0,8,6.3,43.1,2
2026-01-14 02:45:00,2,2,0,134.8,0,8,6.7,43.4,2
2026-01-14 02:50:00,2,2,0,122.3,0,8,6.1,43.1,2
2026-01-14 02:55:00,2,2,0,152.4,0,8,7.6,43.8,2
2026-01-14 03:00:00,2,3,0,151.6,0,8,7.6,43.8,2
2026-01-14 03:05:00,2,3,0,149.2,0,8,7.5,43.7,2
2026-01-14 03:10:00,2,3,0,138.8,0,8,6.9,43.5,2
2026-01-14 03:15:00,2,3,0,137.1,0,8,6.9,43.4,2
2026-01-14 03:20:00,2,3,0,161.9,0,8,8.1,44.0,2
2026-01-14 03:25:00,2,3,0,147.0,0,8,7.4,43.7,2
2026-01-14 03:30:00,2,3,0,160.4,0,8,8.0,44.0,2
2026-01-14 03:35:00,2,3,0,142.7,0,8,7.1,43.6,2
2026-01-14 03:40:00,2,3,0,159.0,0,8,8.0,44.0,2
2026-01-14 03:45:00,2,3,0,176.3,0,8,8.8,44.4,2
2026-01-14 03:50:00,2,3,0,165.9,0,8,8.3,44.1,2
2026-01-14 03:55:00,2,3,0,151.3,0,8,7.6,43.8,2
2026-01-14 04:00:00,2,4,0,161.8,0,8,8.1,44.0,2
2026-01-14 04:05:00,2,4,0,154.8,0,8,7.7,43.9,2
2026-01-14 04:10:00,2,4,0,159.1,0,8,8.0,44.0,2
2026-01-14 04:15:00,2,4,0,154.6,0,8,7.7,43.9,2
2026-01-14 04:20:00,2,4,0,157.5,0,8,7.9,43.9,2
2026-01-14 04:25:00,2,4,0,163.7,0,8,8.2,44.1,2
2026-01-14 04:30:00,2,4,0,146.3,0,8,7.3,43.7,2
2026-01-14 04:35:00,2,4,0,146.5,0,8,7.3,43.7,2
2026-01-14 04:40:00,2,4,0,141.6,0,8,7.1,43.5,2
2026-01-14 04:45:00,2,4,0,139.1,0,8,7.0,43.5,2
2026-01-14 04:50:00,2,4,0,145.6,0,8,7.3,43.6,2
2026-01-14 04:55:00,2,4,0,167.0,0,8,8.4,44.2,2
2026-01-14 05:00:00,2,5,0,152.0,0,8,7.6,43.8,2
2026-01-14 05:05:00,2,5,0,173.9,0,8,8.7,44.3,2
2026-01-14 05:10:00,2,5,0,167.6,0,8,8.4,44.2,2
2026-01-14 05:15:00,2,5,0,138.4,0,8,6.9,43.5,2
2026-01-14 05:20:00,2,5,0,178.7,0,8,8.9,44.5,2
2026-01-14 05:25:00,2,5,0,182.0,0,8,9.1,44.6,2
2026-01-14 05:30:00,2,5,0,155.9,0,8,7.8,43.9,2
2026-01-14 05:35:00,2,5,0,178.2,0,8,8.9,44.5,2
2026-01-14 05:40:00,2,5,0,160.2,0,8,8.0,44.0,2
2026-01-14 05:45:00,2,5,0,175.6,0,8,8.8,44.4,2
2026-01-14 05:50:00,2,5,0,156.4,0,8,7.8,43.9,2
2026-01-14 05:55:00,2,5,0,149.7,0,8,7.5,43.7,2
2026-01-14 06:00:00,2,6,0,172.1,0,8,8.6,44.3,2
2026-01-14 06:05:00,2,6,0,177.3,0,8,8.9,44.4,2
2026-01-14 06:10:00,2,6,0,174.6,0,8,8.7,44.4,2
2026-01-14 06:15:00,2,6,0,164.2,0,8,8.2,44.1,2
2026-01-14 06:20:00,2,6,0,177.5,0,8,8.9,44.4,2
2026-01-14 06:25:00,2,6,0,189.0,0,8,9.4,44.7,2
2026-01-14 06:30:00,2,6,0,185.9,0,8,9.3,44.6,2
2026-01-14 06:35:00,2,6,0,191.0,0,8,9.6,44.8,2
2026-01-14 06:40:00,2,6,0,179.9,0,8,9.0,44.5,2
2026-01-14 06:45:00,2,6,0,209.3,0,8,10.5,45.2,2
2026-01-14 06:50:00,2,6,0,175.9,0,8,8.8,44.4,2
2026-01-14 06:55:00,2,6,0,202.7,0,8,10.1,45.1,2
2026-01-14 07:00:00,2,7,0,215.1,0,8,10.8,45.4,2
2026-01-14 07:05:00,2,7,0,206.6,0,8,10.3,45.2,2
2026-01-14 07:10:00,2,7,0,198.4,0,8,9.9,45.0,2
2026-01-14 07:15:00,2,7,0,195.6,0,8,9.8,44.9,2
2026-01-14 07:20:00,2,7,0,221.3,0,8,11.1,45.5,2
2026-01-14 07:25:00,2,7,0,186.7,0,8,9.3,44.7,2
2026-01-14 07:30:00,2,7,0,195.8,0,8,9.8,44.9,2
2026-01-14 07:35:00,2,7,0,206.8,0,8,10.3,45.2,2
2026-01-14 07:40:00,2,7,0,233.8,0,8,11.7,45.8,2
2026-01-14 07:45:00,2,7,0,223.4,0,8,11.2,45.6,2
2026-01-14 07:50:00,2,7,0,205.8,0,8,10.3,45.1,2
2026-01-14 07:55:00,2,7,0,218.3,0,8,10.9,45.5,2
2026-01-14 08:00:00,2,8,0,216.5,0,8,10.8,45.4,2
2026-01-14 08:05:00,2,8,0,217.8,0,8,10.9,45.4,2
2026-01-14 08:10:00,2,8,0,246.0,0,8,12.3,46.2,2
2026-01-14 08:15:00,2,8,0,213.7,0,8,10.7,45.3,2
2026-01-14 08:20:00,2,8,0,261.4,0,8,13.1,46.5,2
2026-01-14 08:25:00,2,8,0,252.8,0,8,12.6,46.3,2
2026-01-14 08:30:00,2,8,0,259.8,0,8,13.0,46.5,2
2026-01-14 08:35:00,2,8,0,239.7,0,8,12.0,46.0,2
2026-01-14 08:40:00,2,8,0,247.7,0,8,12.4,46.2,2
2026-01-14 08:45:00,2,8,0,231.8,0,8,11.6,45.8,2
2026-01-14 08:50:00,2,8,0,248.8,0,8,12.4,46.2,2
2026-01-14 08:55:00,2,8,0,267.5,0,8,13.4,46.7,2
2026-01-14 09:00:00,2,9,0,283.1,0,8,14.2,47.1,2
2026-01-14 09:05:00,2,9,0,250.6,0,8,12.5,46.3,2
2026-01-14 09:10:00,2,9,0,265.4,0,8,13.3,46.6,2
2026-01-14 09:15:00,2,9,0,272.3,0,8,13.6,46.8,2
2026-01-14 09:20:00,2,9,0,257.4,0,8,12.9,46.4,2
2026-01-14 09:25:00,2,9,0,291.0,0,8,14.6,47.3,2
2026-01-14 09:30:00,2,9,0,275.1,0,8,13.8,46.9,2
2026-01-14 09:35:00,2,9,0,287.0,0,8,14.4,47.2,2
2026-01-14 09:40:00,2,9,0,287.1,0,8,14.4,47.2,2
2026-01-14 09:45:00,2,9,0,286.1,0,8,14.3,47.2,2
2026-01-14 09:50:00,2,9,0,301.9,0,8,15.1,47.5,2
2026-01-14 09:55:00,2,9,0,302.9,0,8,15.1,47.6,2
2026-01-14 10:00:00,2,10,0,304.7,0,8,15.2,47.6,2
2026-01-14 10:05:00,2,10,0,303.5,0,8,15.2,47.6,2
2026-01-14 10:10:00,2,10,0,323.5,0,8,16.2,48.1,2
2026-01-14 10:15:00,2,10,0,347.7,0,8,17.4,48.7,2
2026-01-14 10:20:00,2,10,0,329.3,0,8,16.5,48.2,2
2026-01-14 10:25:00,2,10,0,346.5,0,8,17.3,48.7,2
2026-01-14 10:30:00,2,10,0,315.0,0,8,15.8,47.9,2
2026-01-14 10:35:00,2,10,0,342.6,0,8,17.1,48.6,2
2026-01-14 10:40:00,2,10,0,328.2,0,8,16.4,48.2,2
2026-01-14 10:45:00,2,10,0,326.9,0,8,16.3,48.2,2
2026-01-14 10:50:00,2,10,0,342.4,0,8,17.1,48.6,2
2026-01-14 10:55:00,2,10,0,375.7,0,8,18.8,49.4,3
2026-01-14 11:00:00,2,11,0,376.5,0,8,18.8,49.4,3
2026-01-14 11:05:00,2,11,0,370.4,0,8,18.5,49.3,2
2026-01-14 11:10:00,2,11,0,348.1,0,8,17.4,48.7,2
2026-01-14 11:15:00,2,11,0,372.6,0,8,18.6,49.3,2
2026-01-14 11:20:00,2,11,0,384.5,0,8,19.2,49.6,3
2026-01-14 11:25:00,2,11,0,386.9,0,8,19.3,49.7,3
2026-01-14 11:30:00,2,11,0,361.0,0,8,18.0,49.0,2
2026-01-14 11:35:00,2,11,0,379.7,0,8,19.0,49.5,3
2026-01-14 11:40:00,2,11,0,396.4,0,8,19.8,49.9,3
2026-01-14 11:45:00,2,11,0,409.6,0,8,20.5,50.2,3
2026-01-14 11:50:00,2,11,0,372.9,0,8,18.6,49.3,2
2026-01-14 11:55:00,2,11,0,407.6,0,8,20.4,50.2,3
2026-01-14 12:00:00,2,12,0,416.3,0,8,20.8,50.4,3
2026-01-14 12:05:00,2,12,0,431.0,0,8,21.6,50.8,3
2026-01-14 12:10:00,2,12,0,432.7,0,8,21.6,50.8,3
2026-01-14 12:15:00,2,12,0,435.1,0,8,21.8,50.9,3
2026-01-14 12:20:00,2,12,0,418.3,0,8,20.9,50.5,3
2026-01-14 12:25:00,2,12,0,405.5,0,8,20.3,50.1,3
2026-01-14 12:30:00,2,12,0,432.0,0,8,21.6,50.8,3
2026-01-14 12:35:00,2,12,0,456.6,0,8,22.8,51.4,3
2026-01-14 12:40:00,2,12,0,466.1,0,8,23.3,51.7,3
2026-01-14 12:45:00,2,12,0,459.4,0,8,23.0,51.5,3
2026-01-14 12:50:00,2,12,0,458.7,0,8,22.9,51.5,3
2026-01-14 12:55:00,2,12,0,461.3,0,8,23.1,51.5,3
2026-01-14 13:00:00,2,13,0,450.5,0,8,22.5,51.3,3
2026-01-14 13:05:00,2,13,0,460.1,0,8,23.0,51.5,3
2026-01-14 13:10:00,2,13,0,490.1,0,8,24.5,52.3,3
2026-01-14 13:15:00,2,13,0,453.9,0,8,22.7,51.3,3
2026-01-14 13:20:00,2,13,0,495.1,0,8,24.8,52.4,3
2026-01-14 13:25:00,2,13,0,468.8,0,8,23.4,51.7,3
2026-01-14 13:30:00,2,13,0,496.1,0,8,24.8,52.4,3
2026-01-14 13:35:00,2,13,0,457.6,0,8,22.9,51.4,3
2026-01-14 13:40:00,2,13,0,489.9,0,8,24.5,52.2,3
2026-01-14 13:45:00,2,13,0,472.3,0,8,23.6,51.8,3
2026-01-14 13:50:00,2,13,0,464.2,0,8,23.2,51.6,3
2026-01-14 13:55:00,2,13,0,490.7,0,8,24.5,52.3,3
2026-01-14 14:00:00,2,14,0,504.4,0,8,25.2,52.6,3
2026-01-14 14:05:00,2,14,0,478.3,0,8,23.9,52.0,3
2026-01-14 14:10:00,2,14,0,470.0,0,8,23.5,51.8,3
2026-01-14 14:15:00,2,14,0,492.5,0,8,24.6,52.3,3
2026-01-14 14:20:00,2,14,0,493.9,0,8,24.7,52.3,3
2026-01-14 14:25:00,2,14,0,504.5,0,8,25.2,52.6,3
2026-01-14 14:30:00,2,14,0,511.5,0,8,25.6,52.8,3
2026-01-14 14:35:00,2,14,0,497.2,0,8,24.9,52.4,3
2026-01-14 14:40:00,2,14,0,526.6,0,8,26.3,53.2,3
2026-01-14 14:45:00,2,14,0,502.7,0,8,25.1,52.6,3
2026-01-14 14:50:00,2,14,0,494.5,0,8,24.7,52.4,3
2026-01-14 14:55:00,2,14,0,475.8,0,8,23.8,51.9,3
2026-01-14 15:00:00,2,15,0,496.1,0,8,24.8,52.4,3
2026-01-14 15:05:00,2,15,0,494.9,0,8,24.7,52.4,3
2026-01-14 15:10:00,2,15,0,514.1,0,8,25.7,52.9,3
2026-01-14 15:15:00,2,15,0,506.3,0,8,25.3,52.7,3
2026-01-14 15:20:00,2,15,0,481.1,0,8,24.1,52.0,3
2026-01-14 15:25:00,2,15,0,500.7,0,8,25.0,52.5,3
2026-01-14 15:30:00,2,15,0,507.3,0,8,25.4,52.7,3
2026-01-14 15:35:00,2,15,0,519.2,0,8,26.0,53.0,3
2026-01-14 15:40:00,2,15,0,508.5,0,8,25.4,52.7,3
2026-01-14 15:45:00,2,15,0,505.3,0,8,25.3,52.6,3
2026-01-14 15:50:00,2,15,0,493.4,0,8,24.7,52.3,3
2026-01-14 15:55:00,2,15,0,496.8,0,8,24.8,52.4,3
2026-01-14 16:00:00,2,16,0,508.0,0,8,25.4,52.7,3
2026-01-14 16:05:00,2,16,0,467.4,0,8,23.4,51.7,3
2026-01-14 16:10:00,2,16,0,480.2,0,8,24.0,52.0,3
2026-01-14 16:15:00,2,16,0,471.7,0,8,23.6,51.8,3
2026-01-14 16:20:00,2,16,0,486.8,0,8,24.3,52.2,3
2026-01-14 16:25:00,2,16,0,497.2,0,8,24.9,52.4,3
2026-01-14 16:30:00,2,16,0,467.3,0,8,23.4,51.7,3
2026-01-14 16:35:00,2,16,0,437.8,0,8,21.9,50.9,3
2026-01-14 16:40:00,2,16,0,464.7,0,8,23.2,51.6,3
2026-01-14 16:45:00,2,16,0,481.8,0,8,24.1,52.0,3
2026-01-14 16:50:00,2,16,0,473.2,0,8,23.7,51.8,3
2026-01-14 16:55:00,2,16,0,468.5,0,8,23.4,51.7,3
2026-01-14 17:00:00,2,17,0,454.7,0,8,22.7,51.4,3
2026-01-14 17:05:00,2,17,0,436.4,0,8,21.8,50.9,3
2026-01-14 17:10:00,2,17,0,460.0,0,8,23.0,51.5,3
2026-01-14 17:15:00,2,17,0,436.3,0,8,21.8,50.9,3
2026-01-14 17:20:00,2,17,0,478.0,0,8,23.9,52.0,3
2026-01-14 17:25:00,2,17,0,450.2,0,8,22.5,51.3,3
2026-01-14 17:30:00,2,17,0,429.2,0,8,21.5,50.7,3
2026-01-14 17:35:00,2,17,0,424.9,0,8,21.2,50.6,3
2026-01-14 17:40:00,2,17,0,428.9,0,8,21.4,50.7,3
2026-01-14 17:45:00,2,17,0,422.7,0,8,21.1,50.6,3
2026-01-14 17:50:00,2,17,0,439.1,0,8,22.0,51.0,3
2026-01-14 17:55:00,2,17,0,421.1,0,8,21.1,50.5,3
2026-01-14 18:00:00,2,18,0,403.2,0,8,20.2,50.1,3
2026-01-14 18:05:00,2,18,0,438.4,0,8,21.9,51.0,3
2026-01-14 18:10:00,2,18,0,406.6,0,8,20.3,50.2,3
2026-01-14 18:15:00,2,18,0,413.1,0,8,20.7,50.3,3
2026-01-14 18:20:00,2,18,0,388.2,0,8,19.4,49.7,3
2026-01-14 18:25:00,2,18,0,398.5,0,8,19.9,50.0,3
2026-01-14 18:30:00,2,18,0,393.3,0,8,19.7,49.8,3
2026-01-14 18:35:00,2,18,0,356.0,0,8,17.8,48.9,2
2026-01-14 18:40:00,2,18,0,410.2,0,8,20.5,50.3,3
2026-01-14 18:45:00,2,18,0,394.9,0,8,19.7,49.9,3
2026-01-14 18:50:00,2,18,0,365.2,0,8,18.3,49.1,2
2026-01-14 18:55:00,2,18,0,350.2,0,8,17.5,48.8,2
2026-01-14 19:00:00,2,19,0,367.5,0,8,18.4,49.2,2
2026-01-14 19:05:00,2,19,0,359.2,0,8,18.0,49.0,2
2026-01-14 19:10:00,2,19,0,358.8,0,8,17.9,49.0,2
2026-01-14 19:15:00,2,19,0,351.9,0,8,17.6,48.8,2
2026-01-14 19:20:00,2,19,0,352.2,0,8,17.6,48.8,2
2026-01-14 19:25:00,2,19,0,362.0,0,8,18.1,49.0,2
2026-01-14 19:30:00,2,19,0,344.4,0,8,17.2,48.6,2
2026-01-14 19:35:00,2,19,0,315.8,0,8,15.8,47.9,2
2026-01-14 19:40:00,2,19,0,347.7,0,8,17.4,48.7,2
2026-01-14 19:45:00,2,19,0,347.5,0,8,17.4,48.7,2
2026-01-14 19:50:00,2,19,0,365.9,0,8,18.3,49.1,2
2026-01-14 19:55:00,2,19,0,297.6,0,8,14.9,47.4,2
2026-01-14 20:00:00,2,20,0,313.9,0,8,15.7,47.8,2
2026-01-14 20:05:00,2,20,0,274.9,0,8,13.7,46.9,2
2026-01-14 20:10:00,2,20,0,310.3,0,8,15.5,47.8,2
2026-01-14 20:15:00,2,20,0,289.7,0,8,14.5,47.2,2
2026-01-14 20:20:00,2,20,0,322.7,0,8,16.1,48.1,2
2026-01-14 20:25:00,2,20,0,278.3,0,8,13.9,47.0,2
2026-01-14 20:30:00,2,20,0,260.7,0,8,13.0,46.5,2
2026-01-14 20:35:00,2,20,0,275.1,0,8,13.8,46.9,2
2026-01-14 20:40:00,2,20,0,248.7,0,8,12.4,46.2,2
2026-01-14 20:45:00,2,20,0,285.8,0,8,14.3,47.1,2
2026-01-14 20:50:00,2,20,0,239.9,0,8,12.0,46.0,2
2026-01-14 20:55:00,2,20,0,267.6,0,8,13.4,46.7,2
2026-01-14 21:00:00,2,21,0,232.5,0,8,11.6,45.8,2
2026-01-14 21:05:00,2,21,0,255.3,0,8,12.8,46.4,2
2026-01-14 21:10:00,2,21,0,281.3,0,8,14.1,47.0,2
2026-01-14 21:15:00,2,21,0,258.7,0,8,12.9,46.5,2
2026-01-14 21:20:00,2,21,0,237.0,0,8,11.8,45.9,2
2026-01-14 21:25:00,2,21,0,246.2,0,8,12.3,46.2,2
2026-01-14 21:30:00,2,21,0,243.7,0,8,12.2,46.1,2
2026-01-14 21:35:00,2,21,0,247.4,0,8,12.4,46.2,2
2026-01-14 21:40:00,2,21,0,216.8,0,8,10.8,45.4,2
2026-01-14 21:45:00,2,21,0,243.2,0,8,12.2,46.1,2
2026-01-14 21:50:00,2,21,0,190.8,0,8,9.5,44.8,2
2026-01-14 21:55:00,2,21,0,219.0,0,8,11.0,45.5,2
2026-01-14 22:00:00,2,22,0,218.4,0,8,10.9,45.5,2
2026-01-14 22:05:00,2,22,0,232.5,0,8,11.6,45.8,2
2026-01-14 22:10:00,2,22,0,220.6,0,8,11.0,45.5,2
2026-01-14 22:15:00,2,22,0,196.6,0,8,9.8,44.9,2
2026-01-14 22:20:00,2,22,0,200.4,0,8,10.0,45.0,2
2026-01-14 22:25:00,2,22,0,215.7,0,8,10.8,45.4,2
2026-01-14 22:30:00,2,22,0,209.2,0,8,10.5,45.2,2
2026-01-14 22:35:00,2,22,0,199.3,0,8,10.0,45.0,2
2026-01-14 22:40:00,2,22,0,198.6,0,8,9.9,45.0,2
2026-01-14 22:45:00,2,22,0,214.0,0,8,10.7,45.4,2
2026-01-14 22:50:00,2,22,0,193.7,0,8,9.7,44.8,2
2026-01-14 22:55:00,2,22,0,198.1,0,8,9.9,45.0,2
2026-01-14 23:00:00,2,23,0,229.9,0,8,11.5,45.7,2
2026-01-14 23:05:00,2,23,0,174.1,0,8,8.7,44.4,2
2026-01-14 23:10:00,2,23,0,165.8,0,8,8.3,44.1,2
2026-01-14 23:15:00,2,23,0,203.5,0,8,10.2,45.1,2
2026-01-14 23:20:00,2,23,0,179.8,0,8,9.0,44.5,2
2026-01-14 23:25:00,2,23,0,183.5,0,8,9.2,44.6,2
2026-01-14 23:30:00,2,23,0,174.9,0,8,8.7,44.4,2
2026-01-14 23:35:00,2,23,0,181.1,0,8,9.1,44.5,2
2026-01-14 23:40:00,2,23,0,207.5,0,8,10.4,45.2,2
2026-01-14 23:45:00,2,23,0,194.0,0,8,9.7,44.8,2
2026-01-14 23:50:00,2,23,0,193.5,0,8,9.7,44.8,2
2026-01-14 23:55:00,2,23,0,157.9,0,8,7.9,43.9,2
2026-01-15 00:00:00,3,0,0,133.0,0,8,6.6,43.3,2
2026-01-15 00:05:00,3,0,0,107.7,0,8,5.4,42.7,2
2026-01-15 00:10:00,3,0,0,138.2,0,8,6.9,43.5,2
2026-01-15 00:15:00,3,0,0,164.7,0,8,8.2,44.1,2
2026-01-15 00:20:00,3,0,0,158.2,0,8,7.9,44.0,2
2026-01-15 00:25:00,3,0,0,147.1,0,8,7.4,43.7,2
2026-01-15 00:30:00,3,0,0,150.2,0,8,7.5,43.8,2
2026-01-15 00:35:00,3,0,0,140.2,0,8,7.0,43.5,2
2026-01-15 00:40:00,3,0,0,153.6,0,8,7.7,43.8,2
2026-01-15 00:45:00,3,0,0,162.1,0,8,8.1,44.1,2
2026-01-15 00:50:00,3,0,0,126.4,0,8,6.3,43.2,2
2026-01-15 00:55:00,3,0,0,155.2,0,8,7.8,43.9,2
2026-01-15 01:00:00,3,1,0,164.8,0,8,8.2,44.1,2
2026-01-15 01:05:00,3,1,0,144.6,0,8,7.2,43.6,2
2026-01-15 01:10:00,3,1,0,161.4,0,8,8.1,44.0,2
2026-01-15 01:15:00,3,1,0,193.2,0,8,9.7,44.8,2
2026-01-15 01:20:00,3,1,0,149.5,0,8,7.5,43.7,2
2026-01-15 01:25:00,3,1,0,157.0,0,8,7.8,43.9,2
2026-01-15 01:30:00,3,1,0,140.1,0,8,7.0,43.5,2
2026-01-15 01:35:00,3,1,0,154.0,0,8,7.7,43.8,2
2026-01-15 01:40:00,3,1,0,158.3,0,8,7.9,44.0,2
2026-01-15 01:45:00,3,1,0,154.4,0,8,7.7,43.9,2
2026-01-15 01:50:00,3,1,0,136.3,0,8,6.8,43.4,2
2026-01-15 01:55:00,3,1,0,154.8,0,8,7.7,43.9,2
2026-01-15 02:00:00,3,2,0,173.7,0,8,8.7,44.3,2
2026-01-15 02:05:00,3,2,0,158.6,0,8,7.9,44.0,2
2026-01-15 02:10:00,3,2,0,166.5,0,8,8.3,44.2,2
2026-01-15 02:15:00,3,2,0,148.6,0,8,7.4,43.7,2
2026-01-15 02:20:00,3,2,0,163.6,0,8,8.2,44.1,2
2026-01-15 02:25:00,3,2,0,156.7,0,8,7.8,43.9,2
2026-01-15 02:30:00,3,2,0,138.4,0,8,6.9,43.5,2
2026-01-15 02:35:00,3,2,0,157.6,0,8,7.9,43.9,2
2026-01-15 02:40:00,3,2,0,138.1,0,8,6.9,43.5,2
2026-01-15 02:45:00,3,2,0,143.7,0,8,7.2,43.6,2
2026-01-15 02:50:00,3,2,0,156.3,0,8,7.8,43.9,2
2026-01-15 02:55:00,3,2,0,158.1,0,8,7.9,44.0,2
2026-01-15 03:00:00,3,3,0,136.0,0,8,6.8,43.4,2
2026-01-15 03:05:00,3,3,0,169.9,0,8,8.5,44.2,2
2026-01-15 03:10:00,3,3,0,163.0,0,8,8.2,44.1,2
2026-01-15 03:15:00,3,3,0,144.1,0,8,7.2,43.6,2
2026-01-15 03:20:00,3,3,0,131.9,0,8,6.6,43.3,2
2026-01-15 03:25:00,3,3,0,153.1,0,8,7.7,43.8,2
2026-01-15 03:30:00,3,3,0,148.9,0,8,7.4,43.7,2
2026-01-15 03:35:00,3,3,0,157.7,0,8,7.9,43.9,2
2026-01-15 03:40:00,3,3,0,150.9,0,8,7.5,43.8,2
2026-01-15 03:45:00,3,3,0,126.6,0,8,6.3,43.2,2
2026-01-15 03:50:00,3,3,0,151.3,0,8,7.6,43.8,2
2026-01-15 03:55:00,3,3,0,152.9,0,8,7.6,43.8,2
2026-01-15 04:00:00,3,4,0,167.5,0,8,8.4,44.2,2
2026-01-15 04:05:00,3,4,0,148.0,0,8,7.4,43.7,2
2026-01-15 04:10:00,3,4,0,184.1,0,8,9.2,44.6,2
2026-01-15 04:15:00,3,4,0,130.8,0,8,6.5,43.3,2
2026-01-15 04:20:00,3,4,0,179.7,0,8,9.0,44.5,2
2026-01-15 04:25:00,3,4,0,157.2,0,8,7.9,43.9,2
2026-01-15 04:30:00,3,4,0,174.1,0,8,8.7,44.4,2
2026-01-15 04:35:00,3,4,0,163.0,0,8,8.2,44.1,2
2026-01-15 04:40:00,3,4,0,179.5,0,8,9.0,44.5,2
2026-01-15 04:45:00,3,4,0,157.3,0,8,7.9,43.9,2
2026-01-15 04:50:00,3,4,0,147.4,1,8,7.4,43.7,2
2026-01-15 04:55:00,3,4,0,891.2,1,8,44.6,62.3,5
2026-01-15 05:00:00,3,5,0,1239.2,1,8,62.0,71.0,7
2026-01-15 05:05:00,3,5,0,1455.8,1,8,72.8,76.4,8
2026-01-15 05:10:00,3,5,0,1405.0,1,8,70.2,75.1,8
2026-01-15 05:15:00,3,5,0,730.9,1,8,36.5,58.3,4
2026-01-15 05:20:00,3,5,0,177.8,0,8,8.9,44.4,2
2026-01-15 05:25:00,3,5,0,161.0,0,8,8.0,44.0,2
2026-01-15 05:30:00,3,5,0,168.9,0,8,8.4,44.2,2
2026-01-15 05:35:00,3,5,0,173.0,0,8,8.6,44.3,2
2026-01-15 05:40:00,3,5,0,150.5,0,8,7.5,43.8,2
2026-01-15 05:45:00,3,5,0,162.5,0,8,8.1,44.1,2
2026-01-15 05:50:00,3,5,0,195.6,0,8,9.8,44.9,2
2026-01-15 05:55:00,3,5,0,189.9,0,8,9.5,44.7,2
2026-01-15 06:00:00,3,6,0,176.9,0,8,8.8,44.4,2
2026-01-15 06:05:00,3,6,0,182.8,0,8,9.1,44.6,2
2026-01-15 06:10:00,3,6,0,176.1,0,8,8.8,44.4,2
2026-01-15 06:15:00,3,6,0,202.3,0,8,10.1,45.1,2
2026-01-15 06:20:00,3,6,0,180.5,0,8,9.0,44.5,2
2026-01-15 06:25:00,3,6,0,188.5,0,8,9.4,44.7,2
2026-01-15 06:30:00,3,6,0,203.8,0,8,10.2,45.1,2
2026-01-15 06:35:00,3,6,0,176.6,0,8,8.8,44.4,2
2026-01-15 06:40:00,3,6,0,213.3,0,8,10.7,45.3,2
2026-01-15 06:45:00,3,6,0,168.8,0,8,8.4,44.2,2
2026-01-15 06:50:00,3,6,0,218.0,0,8,10.9,45.4,2
2026-01-15 06:55:00,3,6,0,189.8,0,8,9.5,44.7,2
2026-01-15 07:00:00,3,7,0,193.7,0,8,9.7,44.8,2
2026-01-15 07:05:00,3,7,0,171.0,0,8,8.6,44.3,2
2026-01-15 07:10:00,3,7,0,194.6,0,8,9.7,44.9,2
2026-01-15 07:15:00,3,7,0,188.0,0,8,9.4,44.7,2
2026-01-15 07:20:00,3,7,0,196.6,0,8,9.8,44.9,2
2026-01-15 07:25:00,3,7,0,206.0,0,8,10.3,45.2,2
2026-01-15 07:30:00,3,7,0,224.7,0,8,11.2,45.6,2
2026-01-15 07:35:00,3,7,0,215.9,0,8,10.8,45.4,2
2026-01-15 07:40:00,3,7,0,219.8,0,8,11.0,45.5,2
2026-01-15 07:45:00,3,7,0,201.3,0,8,10.1,45.0,2
2026-01-15 07:50:00,3,7,0,207.1,0,8,10.4,45.2,2
2026-01-15 07:55:00,3,7,0,249.9,0,8,12.5,46.2,2
2026-01-15 08:00:00,3,8,0,214.7,0,8,10.7,45.4,2
2026-01-15 08:05:00,3,8,0,253.3,0,8,12.7,46.3,2
2026-01-15 08:10:00,3,8,0,227.7,0,8,11.4,45.7,2
2026-01-15 08:15:00,3,8,0,234.3,0,8,11.7,45.9,2
2026-01-15 08:20:00,3,8,0,253.3,0,8,12.7,46.3,2
2026-01-15 08:25:00,3,8,0,259.4,0,8,13.0,46.5,2
2026-01-15 08:30:00,3,8,0,241.8,0,8,12.1,46.0,2
2026-01-15 08:35:00,3,8,0,240.8,0,8,12.0,46.0,2
2026-01-15 08:40:00,3,8,0,249.1,0,8,12.5,46.2,2
2026-01-15 08:45:00,3,8,0,258.3,0,8,12.9,46.5,2
2026-01-15 08:50:00,3,8,0,270.0,0,8,13.5,46.8,2
2026-01-15 08:55:00,3,8,0,260.2,0,8,13.0,46.5,2
2026-01-15 09:00:00,3,9,0,272.9,0,8,13.6,46.8,2
2026-01-15 09:05:00,3,9,0,291.8,0,8,14.6,47.3,2
2026-01-15 09:10:00,3,9,0,276.6,0,8,13.8,46.9,2
2026-01-15 09:15:00,3,9,0,279.2,0,8,14.0,47.0,2
2026-01-15 09:20:00,3,9,0,255.5,0,8,12.8,46.4,2
2026-01-15 09:25:00,3,9,0,242.7,0,8,12.1,46.1,2
2026-01-15 09:30:00,3,9,0,291.8,0,8,14.6,47.3,2
2026-01-15 09:35:00,3,9,0,288.5,0,8,14.4,47.2,2
2026-01-15 09:40:00,3,9,0,286.2,0,8,14.3,47.2,2
2026-01-15 09:45:00,3,9,0,301.6,0,8,15.1,47.5,2
2026-01-15 09:50:00,3,9,0,301.1,0,8,15.1,47.5,2
2026-01-15 09:55:00,3,9,0,323.0,0,8,16.2,48.1,2
2026-01-15 10:00:00,3,10,0,311.5,0,8,15.6,47.8,2
2026-01-15 10:05:00,3,10,0,303.2,0,8,15.2,47.6,2
2026-01-15 10:10:00,3,10,0,333.5,0,8,16.7,48.3,2
2026-01-15 10:15:00,3,10,0,319.7,0,8,16.0,48.0,2
2026-01-15 10:20:00,3,10,0,335.1,0,8,16.8,48.4,2
2026-01-15 10:25:00,3,10,0,324.4,0,8,16.2,48.1,2
2026-01-15 10:30:00,3,10,0,326.1,0,8,16.3,48.2,2
2026-01-15 10:35:00,3,10,0,341.5,0,8,17.1,48.5,2
2026-01-15 10:40:00,3,10,0,344.8,0,8,17.2,48.6,2
2026-01-15 10:45:00,3,10,0,356.2,0,8,17.8,48.9,2
2026-01-15 10:50:00,3,10,0,349.4,0,8,17.5,48.7,2
2026-01-15 10:55:00,3,10,0,330.3,0,8,16.5,48.3,2
2026-01-15 11:00:00,3,11,0,355.8,0,8,17.8,48.9,2
2026-01-15 11:05:00,3,11,0,378.6,0,8,18.9,49.5,3
2026-01-15 11:10:00,3,11,0,366.7,0,8,18.3,49.2,2
2026-01-15 11:15:00,3,11,0,371.8,0,8,18.6,49.3,2
2026-01-15 11:20:00,3,11,0,394.7,0,8,19.7,49.9,3
2026-01-15 11:25:00,3,11,0,373.6,0,8,18.7,49.3,2
2026-01-15 11:30:00,3,11,0,365.5,0,8,18.3,49.1,2
2026-01-15 11:35:00,3,11,0,390.6,0,8,19.5,49.8,3
2026-01-15 11:40:00,3,11,0,390.1,0,8,19.5,49.8,3
2026-01-15 11:45:00,3,11,0,387.1,0,8,19.4,49.7,3
2026-01-15 11:50:00,3,11,0,403.2,0,8,20.2,50.1,3
2026-01-15 11:55:00,3,11,0,417.4,0,8,20.9,50.4,3
2026-01-15 12:00:00,3,12,0,414.1,0,8,20.7,50.4,3
2026-01-15 12:05:00,3,12,0,422.9,0,8,21.1,50.6,3
2026-01-15 12:10:00,3,12,0,449.5,0,8,22.5,51.2,3
2026-01-15 12:15:00,3,12,0,421.2,0,8,21.1,50.5,3
2026-01-15 12:20:00,3,12,0,434.4,0,8,21.7,50.9,3
2026-01-15 12:25:00,3,12,0,426.5,0,8,21.3,50.7,3
2026-01-15 12:30:00,3,12,0,425.2,0,8,21.3,50.6,3
2026-01-15 12:35:00,3,12,0,432.8,0,8,21.6,50.8,3
2026-01-15 12:40:00,3,12,0,438.1,0,8,21.9,51.0,3
2026-01-15 12:45:00,3,12,0,454.2,0,8,22.7,51.4,3
2026-01-15 12:50:00,3,12,0,487.5,0,8,24.4,52.2,3
2026-01-15 12:55:00,3,12,0,444.9,0,8,22.2,51.1,3
2026-01-15 13:00:00,3,13,0,452.6,0,8,22.6,51.3,3
2026-01-15 13:05:00,3,13,0,461.1,0,8,23.1,51.5,3
2026-01-15 13:10:00,3,13,0,471.0,0,8,23.5,51.8,3
2026-01-15 13:15:00,3,13,0,472.0,0,8,23.6,51.8,3
2026-01-15 13:20:00,3,13,0,490.2,0,8,24.5,52.3,3
2026-01-15 13:25:00,3,13,0,437.2,0,8,21.9,50.9,3
2026-01-15 13:30:00,3,13,0,440.4,0,8,22.0,51.0,3
2026-01-15 13:35:00,3,13,0,471.3,0,8,23.6,51.8,3
2026-01-15 13:40:00,3,13,0,497.5,0,8,24.9,52.4,3
2026-01-15 13:45:00,3,13,0,459.8,0,8,23.0,51.5,3
2026-01-15 13:50:00,3,13,0,440.3,0,8,22.0,51.0,3
2026-01-15 13:55:00,3,13,0,496.0,0,8,24.8,52.4,3
2026-01-15 14:00:00,3,14,0,492.9,0,8,24.6,52.3,3
2026-01-15 14:05:00,3,14,0,474.6,0,8,23.7,51.9,3
2026-01-15 14:10:00,3,14,0,477.7,0,8,23.9,51.9,3
2026-01-15 14:15:00,3,14,0,479.4,0,8,24.0,52.0,3
2026-01-15 14:20:00,3,14,0,496.8,0,8,24.8,52.4,3
2026-01-15 14:25:00,3,14,0,486.9,0,8,24.3,52.2,3
2026-01-15 14:30:00,3,14,0,504.7,0,8,25.2,52.6,3
2026-01-15 14:35:00,3,14,0,455.3,0,8,22.8,51.4,3
2026-01-15 14:40:00,3,14,0,485.9,0,8,24.3,52.1,3
2026-01-15 14:45:00,3,14,0,482.4,0,8,24.1,52.1,3
2026-01-15 14:50:00,3,14,0,495.9,0,8,24.8,52.4,3
2026-01-15 14:55:00,3,14,0,491.9,0,8,24.6,52.3,3
2026-01-15 15:00:00,3,15,0,512.0,0,8,25.6,52.8,3
2026-01-15 15:05:00,3,15,0,472.0,0,8,23.6,51.8,3
2026-01-15 15:10:00,3,15,0,500.4,0,8,25.0,52.5,3
2026-01-15 15:15:00,3,15,0,507.7,0,8,25.4,52.7,3
2026-01-15 15:20:00,3,15,0,526.6,0,8,26.3,53.2,3
2026-01-15 15:25:00,3,15,0,490.9,0,8,24.5,52.3,3
2026-01-15 15:30:00,3,15,0,502.1,0,8,25.1,52.6,3
2026-01-15 15:35:00,3,15,0,469.2,0,8,23.5,51.7,3
2026-01-15 15:40:00,3,15,0,459.3,0,8,23.0,51.5,3
2026-01-15 15:45:00,3,15,0,506.6,0,8,25.3,52.7,3
2026-01-15 15:50:00,3,15,0,492.4,0,8,24.6,52.3,3
2026-01-15 15:55:00,3,15,0,508.6,0,8,25.4,52.7,3
2026-01-15 16:00:00,3,16,0,468.6,0,8,23.4,51.7,3
2026-01-15 16:05:00,3,16,0,495.2,0,8,24.8,52.4,3
2026-01-15 16:10:00,3,16,0,513.5,0,8,25.7,52.8,3
2026-01-15 16:15:00,3,16,0,489.6,0,8,24.5,52.2,3
2026-01-15 16:20:00,3,16,0,485.2,0,8,24.3,52.1,3
2026-01-15 16:25:00,3,16,0,478.9,0,8,23.9,52.0,3
2026-01-15 16:30:00,3,16,0,452.7,0,8,22.6,51.3,3
2026-01-15 16:35:00,3,16,0,494.0,0,8,24.7,52.4,3
2026-01-15 16:40:00,3,16,0,461.7,0,8,23.1,51.5,3
2026-01-15 16:45:00,3,16,0,475.6,0,8,23.8,51.9,3
2026-01-15 16:50:00,3,16,0,441.7,0,8,22.1,51.0,3
2026-01-15 16:55:00,3,16,0,444.3,0,8,22.2,51.1,3
2026-01-15 17:00:00,3,17,0,480.4,0,8,24.0,52.0,3
2026-01-15 17:05:00,3,17,0,450.4,0,8,22.5,51.3,3
2026-01-15 17:10:00,3,17,0,474.0,0,8,23.7,51.8,3
2026-01-15 17:15:00,3,17,0,447.6,0,8,22.4,51.2,3
2026-01-15 17:20:00,3,17,0,417.6,0,8,20.9,50.4,3
2026-01-15 17:25:00,3,17,0,455.0,0,8,22.8,51.4,3
2026-01-15 17:30:00,3,17,0,429.1,0,8,21.5,50.7,3
2026-01-15 17:35:00,3,17,0,444.6,0,8,22.2,51.1,3
2026-01-15 17:40:00,3,17,0,430.6,0,8,21.5,50.8,3
2026-01-15 17:45:00,3,17,0,403.2,0,8,20.2,50.1,3
2026-01-15 17:50:00,3,17,0,424.8,0,8,21.2,50.6,3
2026-01-15 17:55:00,3,17,0,451.2,0,8,22.6,51.3,3
2026-01-15 18:00:00,3,18,0,421.6,1,8,21.1,50.5,3
2026-01-15 18:05:00,3,18,0,1013.6,1,8,50.7,65.3,6
2026-01-15 18:10:00,3,18,0,1545.1,1,8,77.3,78.6,9
2026-01-15 18:15:00,3,18,0,1748.1,1,8,87.4,153.5,10
2026-01-15 18:20:00,3,18,0,1729.6,1,8,86.5,137.8,10
2026-01-15 18:25:00,3,18,0,1379.1,1,8,69.0,74.5,8
2026-01-15 18:30:00,3,18,0,971.5,1,8,48.6,64.3,6
2026-01-15 18:35:00,3,18,0,399.8,0,8,20.0,50.0,3
2026-01-15 18:40:00,3,18,0,367.4,0,8,18.4,49.2,2
2026-01-15 18:45:00,3,18,0,396.9,0,8,19.8,49.9,3
2026-01-15 18:50:00,3,18,0,369.8,0,8,18.5,49.2,2
2026-01-15 18:55:00,3,18,0,353.4,0,8,17.7,48.8,2
2026-01-15 19:00:00,3,19,0,377.3,0,8,18.9,49.4,3
2026-01-15 19:05:00,3,19,0,353.6,0,8,17.7,48.8,2
2026-01-15 19:10:00,3,19,0,364.8,0,8,18.2,49.1,2
2026-01-15 19:15:00,3,19,0,344.7,0,8,17.2,48.6,2
2026-01-15 19:20:00,3,19,0,343.7,0,8,17.2,48.6,2
2026-01-15 19:25:00,3,19,0,347.7,0,8,17.4,48.7,2
2026-01-15 19:30:00,3,19,0,340.2,0,8,17.0,48.5,2
2026-01-15 19:35:00,3,19,0,301.6,0,8,15.1,47.5,2
2026-01-15 19:40:00,3,19,0,310.4,0,8,15.5,47.8,2
2026-01-15 19:45:00,3,19,0,336.9,0,8,16.8,48.4,2
2026-01-15 19:50:00,3,19,0,316.7,0,8,15.8,47.9,2
2026-01-15 19:55:00,3,19,0,306.6,0,8,15.3,47.7,2
2026-01-15 20:00:00,3,20,0,289.9,0,8,14.5,47.2,2
2026-01-15 20:05:00,3,20,0,289.9,0,8,14.5,47.2,2
2026-01-15 20:10:00,3,20,0,271.7,0,8,13.6,46.8,2
2026-01-15 20:15:00,3,20,0,296.4,0,8,14.8,47.4,2
2026-01-15 20:20:00,3,20,0,284.9,0,8,14.2,47.1,2
2026-01-15 20:25:00,3,20,0,275.4,0,8,13.8,46.9,2
2026-01-15 20:30:00,3,20,0,285.0,0,8,14.2,47.1,2
2026-01-15 20:35:00,3,20,0,287.6,0,8,14.4,47.2,2
2026-01-15 20:40:00,3,20,0,309.7,0,8,15.5,47.7,2
2026-01-15 20:45:00,3,20,0,251.9,0,8,12.6,46.3,2
2026-01-15 20:50:00,3,20,0,288.2,0,8,14.4,47.2,2
2026-01-15 20:55:00,3,20,0,281.8,0,8,14.1,47.0,2
2026-01-15 21:00:00,3,21,0,251.9,0,8,12.6,46.3,2
2026-01-15 21:05:00,3,21,0,263.2,0,8,13.2,46.6,2
2026-01-15 21:10:00,3,21,0,249.8,0,8,12.5,46.2,2
2026-01-15 21:15:00,3,21,0,256.0,0,8,12.8,46.4,2
2026-01-15 21:20:00,3,21,0,272.6,0,8,13.6,46.8,2
2026-01-15 21:25:00,3,21,0,255.7,0,8,12.8,46.4,2
2026-01-15 21:30:00,3,21,0,251.1,0,8,12.6,46.3,2
2026-01-15 21:35:00,3,21,0,233.9,0,8,11.7,45.8,2
2026-01-15 21:40:00,3,21,0,215.0,0,8,10.8,45.4,2
2026-01-15 21:45:00,3,21,0,231.1,0,8,11.6,45.8,2
2026-01-15 21:50:00,3,21,0,249.4,0,8,12.5,46.2,2
2026-01-15 21:55:00,3,21,0,205.6,0,8,10.3,45.1,2
2026-01-15 22:00:00,3,22,0,209.9,0,8,10.5,45.2,2
2026-01-15 22:05:00,3,22,0,224.9,0,8,11.2,45.6,2
2026-01-15 22:10:00,3,22,0,205.5,0,8,10.3,45.1,2
2026-01-15 22:15:00,3,22,0,205.8,0,8,10.3,45.1,2
2026-01-15 22:20:00,3,22,0,208.8,0,8,10.4,45.2,2
2026-01-15 22:25:00,3,22,0,192.3,0,8,9.6,44.8,2
2026-01-15 22:30:00,3,22,0,195.7,0,8,9.8,44.9,2
2026-01-15 22:35:00,3,22,0,218.6,0,8,10.9,45.5,2
2026-01-15 22:40:00,3,22,0,186.2,0,8,9.3,44.7,2
2026-01-15 22:45:00,3,22,0,179.6,0,8,9.0,44.5,2
2026-01-15 22:50:00,3,22,0,192.0,0,8,9.6,44.8,2
2026-01-15 22:55:00,3,22,0,210.4,0,8,10.5,45.3,2
2026-01-15 23:00:00,3,23,0,194.4,0,8,9.7,44.9,2
2026-01-15 23:05:00,3,23,0,188.5,0,8,9.4,44.7,2
2026-01-15 23:10:00,3,23,0,194.2,0,8,9.7,44.9,2
2026-01-15 23:15:00,3,23,0,165.5,0,8,8.3,44.1,2
2026-01-15 23:20:00,3,23,0,197.4,0,8,9.9,44.9,2
2026-01-15 23:25:00,3,23,0,194.0,0,8,9.7,44.8,2
2026-01-15 23:30:00,3,23,0,180.5,0,8,9.0,44.5,2
2026-01-15 23:35:00,3,23,0,200.1,0,8,10.0,45.0,2
2026-01-15 23:40:00,3,23,0,166.6,0,8,8.3,44.2,2
2026-01-15 23:45:00,3,23,0,198.9,0,8,9.9,45.0,2
2026-01-15 23:50:00,3,23,0,182.9,0,8,9.1,44.6,2
2026-01-15 23:55:00,3,23,0,174.1,0,8,8.7,44.4,2
2026-01-16 00:00:00,4,0,0,150.0,0,8,7.5,43.8,2
2026-01-16 00:05:00,4,0,0,148.7,0,8,7.4,43.7,2
2026-01-16 00:10:00,4,0,0,168.7,0,8,8.4,44.2,2
2026-01-16 00:15:00,4,0,0,134.2,0,8,6.7,43.4,2
2026-01-16 00:20:00,4,0,0,139.0,0,8,7.0,43.5,2
2026-01-16 00:25:00,4,0,0,166.0,0,8,8.3,44.2,2
2026-01-16 00:30:00,4,0,0,141.6,0,8,7.1,43.5,2
2026-01-16 00:35:00,4,0,0,164.0,0,8,8.2,44.1,2
2026-01-16 00:40:00,4,0,0,176.1,0,8,8.8,44.4,2
2026-01-16 00:45:00,4,0,0,144.6,0,8,7.2,43.6,2
2026-01-16 00:50:00,4,0,0,160.9,0,8,8.0,44.0,2
2026-01-16 00:55:00,4,0,0,133.4,0,8,6.7,43.3,2
2026-01-16 01:00:00,4,1,0,162.1,0,8,8.1,44.1,2
2026-01-16 01:05:00,4,1,0,153.8,0,8,7.7,43.8,2
2026-01-16 01:10:00,4,1,0,158.0,0,8,7.9,44.0,2
2026-01-16 01:15:00,4,1,0,141.3,0,8,7.1,43.5,2
2026-01-16 01:20:00,4,1,0,126.1,0,8,6.3,43.2,2
2026-01-16 01:25:00,4,1,0,158.6,0,8,7.9,44.0,2
2026-01-16 01:30:00,4,1,0,120.2,0,8,6.0,43.0,2
2026-01-16 01:35:00,4,1,0,146.5,0,8,7.3,43.7,2
2026-01-16 01:40:00,4,1,0,165.5,0,8,8.3,44.1,2
2026-01-16 01:45:00,4,1,0,154.3,0,8,7.7,43.9,2
2026-01-16 01:50:00,4,1,0,180.8,0,8,9.0,44.5,2
2026-01-16 01:55:00,4,1,0,167.0,0,8,8.4,44.2,2
2026-01-16 02:00:00,4,2,0,142.0,0,8,7.1,43.6,2
2026-01-16 02:05:00,4,2,0,152.3,0,8,7.6,43.8,2
2026-01-16 02:10:00,4,2,0,151.3,0,8,7.6,43.8,2
2026-01-16 02:15:00,4,2,0,128.4,0,8,6.4,43.2,2
2026-01-16 02:20:00,4,2,0,138.2,0,8,6.9,43.5,2
2026-01-16 02:25:00,4,2,0,144.1,0,8,7.2,43.6,2
2026-01-16 02:30:00,4,2,0,122.1,0,8,6.1,43.1,2
2026-01-16 02:35:00,4,2,0,153.5,0,8,7.7,43.8,2
2026-01-16 02:40:00,4,2,0,149.3,0,8,7.5,43.7,2
2026-01-16 02:45:00,4,2,0,128.1,0,8,6.4,43.2,2
2026-01-16 02:50:00,4,2,0,159.5,0,8,8.0,44.0,2
2026-01-16 02:55:00,4,2,0,164.4,0,8,8.2,44.1,2
2026-01-16 03:00:00,4,3,0,157.3,0,8,7.9,43.9,2
2026-01-16 03:05:00,4,3,0,149.3,0,8,7.5,43.7,2
2026-01-16 03:10:00,4,3,0,163.3,0,8,8.2,44.1,2
2026-01-16 03:15:00,4,3,0,164.9,0,8,8.2,44.1,2
2026-01-16 03:20:00,4,3,0,159.6,0,8,8.0,44.0,2
2026-01-16 03:25:00,4,3,0,142.9,0,8,7.1,43.6,2
2026-01-16 03:30:00,4,3,0,159.8,0,8,8.0,44.0,2
2026-01-16 03:35:00,4,3,0,173.9,0,8,8.7,44.3,2
2026-01-16 03:40:00,4,3,0,147.4,0,8,7.4,43.7,2
2026-01-16 03:45:00,4,3,0,188.2,0,8,9.4,44.7,2
2026-01-16 03:50:00,4,3,0,149.2,0,8,7.5,43.7,2
2026-01-16 03:55:00,4,3,0,158.0,0,8,7.9,44.0,2
2026-01-16 04:00:00,4,4,0,147.9,0,8,7.4,43.7,2
2026-01-16 04:05:00,4,4,0,161.8,0,8,8.1,44.0,2
2026-01-16 04:10:00,4,4,0,132.8,0,8,6.6,43.3,2
2026-01-16 04:15:00,4,4,0,151.3,0,8,7.6,43.8,2
2026-01-16 04:20:00,4,4,0,143.6,0,8,7.2,43.6,2
2026-01-16 04:25:00,4,4,0,162.6,0,8,8.1,44.1,2
2026-01-16 04:30:00,4,4,0,176.1,0,8,8.8,44.4,2
2026-01-16 04:35:00,4,4,0,171.5,0,8,8.6,44.3,2
2026-01-16 04:40:00,4,4,0,126.9,0,8,6.3,43.2,2
2026-01-16 04:45:00,4,4,0,193.8,0,8,9.7,44.8,2
2026-01-16 04:50:00,4,4,0,168.3,0,8,8.4,44.2,2
2026-01-16 04:55:00,4,4,0,152.9,0,8,7.6,43.8,2
2026-01-16 05:00:00,4,5,0,167.7,0,8,8.4,44.2,2
2026-01-16 05:05:00,4,5,0,168.8,0,8,8.4,44.2,2
2026-01-16 05:10:00,4,5,0,157.0,0,8,7.8,43.9,2
2026-01-16 05:15:00,4,5,0,170.9,0,8,8.5,44.3,2
2026-01-16 05:20:00,4,5,0,159.8,0,8,8.0,44.0,2
2026-01-16 05:25:00,4,5,0,163.8,0,8,8.2,44.1,2
2026-01-16 05:30:00,4,5,0,160.6,0,8,8.0,44.0,2
2026-01-16 05:35:00,4,5,0,150.4,0,8,7.5,43.8,2
2026-01-16 05:40:00,4,5,0,175.2,0,8,8.8,44.4,2
2026-01-16 05:45:00,4,5,0,182.9,0,8,9.1,44.6,2
2026-01-16 05:50:00,4,5,0,183.1,0,8,9.2,44.6,2
2026-01-16 05:55:00,4,5,0,188.9,0,8,9.4,44.7,2
2026-01-16 06:00:00,4,6,0,182.7,0,8,9.1,44.6,2
2026-01-16 06:05:00,4,6,0,171.2,0,8,8.6,44.3,2
2026-01-16 06:10:00,4,6,0,193.2,0,8,9.7,44.8,2
2026-01-16 06:15:00,4,6,0,161.6,0,8,8.1,44.0,2
2026-01-16 06:20:00,4,6,0,170.0,0,8,8.5,44.2,2
2026-01-16 06:25:00,4,6,0,170.5,0,8,8.5,44.3,2
2026-01-16 06:30:00,4,6,0,202.8,0,8,10.1,45.1,2
2026-01-16 06:35:00,4,6,0,202.4,0,8,10.1,45.1,2
2026-01-16 06:40:00,4,6,0,197.3,0,8,9.9,44.9,2
2026-01-16 06:45:00,4,6,0,207.8,0,8,10.4,45.2,2
2026-01-16 06:50:00,4,6,0,180.4,0,8,9.0,44.5,2
2026-01-16 06:55:00,4,6,0,200.7,0,8,10.0,45.0,2
2026-01-16 07:00:00,4,7,0,195.5,0,8,9.8,44.9,2
2026-01-16 07:05:00,4,7,0,212.1,0,8,10.6,45.3,2
2026-01-16 07:10:00,4,7,0,199.7,0,8,10.0,45.0,2
2026-01-16 07:15:00,4,7,0,197.8,0,8,9.9,44.9,2
2026-01-16 07:20:00,4,7,0,213.9,0,8,10.7,45.3,2
2026-01-16 07:25:00,4,7,0,221.2,0,8,11.1,45.5,2
2026-01-16 07:30:00,4,7,0,200.3,0,8,10.0,45.0,2
2026-01-16 07:35:00,4,7,0,211.8,0,8,10.6,45.3,2
2026-01-16 07:40:00,4,7,0,199.3,0,8,10.0,45.0,2
2026-01-16 07:45:00,4,7,0,180.2,0,8,9.0,44.5,2
2026-01-16 07:50:00,4,7,0,223.3,0,8,11.2,45.6,2
2026-01-16 07:55:00,4,7,0,232.1,0,8,11.6,45.8,2
2026-01-16 08:00:00,4,8,0,229.6,0,8,11.5,45.7,2
2026-01-16 08:05:00,4,8,0,199.2,0,8,10.0,45.0,2
2026-01-16 08:10:00,4,8,0,226.1,0,8,11.3,45.7,2
2026-01-16 08:15:00,4,8,0,201.0,0,8,10.0,45.0,2
2026-01-16 08:20:00,4,8,0,257.8,0,8,12.9,46.4,2
2026-01-16 08:25:00,4,8,0,224.0,0,8,11.2,45.6,2
2026-01-16 08:30:00,4,8,0,262.3,0,8,13.1,46.6,2
2026-01-16 08:35:00,4,8,0,260.9,0,8,13.0,46.5,2
2026-01-16 08:40:00,4,8,0,236.4,0,8,11.8,45.9,2
2026-01-16 08:45:00,4,8,0,236.3,0,8,11.8,45.9,2
2026-01-16 08:50:00,4,8,0,261.9,0,8,13.1,46.5,2
2026-01-16 08:55:00,4,8,0,247.4,0,8,12.4,46.2,2
2026-01-16 09:00:00,4,9,0,265.2,0,8,13.3,46.6,2
2026-01-16 09:05:00,4,9,0,260.0,0,8,13.0,46.5,2
2026-01-16 09:10:00,4,9,0,244.1,0,8,12.2,46.1,2
2026-01-16 09:15:00,4,9,0,241.1,0,8,12.1,46.0,2
2026-01-16 09:20:00,4,9,0,281.7,0,8,14.1,47.0,2
2026-01-16 09:25:00,4,9,0,273.7,0,8,13.7,46.8,2
2026-01-16 09:30:00,4,9,0,277.7,0,8,13.9,46.9,2
2026-01-16 09:35:00,4,9,0,300.4,0,8,15.0,47.5,2
2026-01-16 09:40:00,4,9,0,311.5,0,8,15.6,47.8,2
2026-01-16 09:45:00,4,9,0,293.8,0,8,14.7,47.3,2
2026-01-16 09:50:00,4,9,0,296.9,0,8,14.8,47.4,2
2026-01-16 09:55:00,4,9,0,313.6,0,8,15.7,47.8,2
2026-01-16 10:00:00,4,10,0,289.9,0,8,14.5,47.2,2
2026-01-16 10:05:00,4,10,0,317.8,0,8,15.9,47.9,2
2026-01-16 10:10:00,4,10,0,326.9,0,8,16.3,48.2,2
2026-01-16 10:15:00,4,10,0,333.1,0,8,16.7,48.3,2
2026-01-16 10:20:00,4,10,0,298.2,0,8,14.9,47.5,2
2026-01-16 10:25:00,4,10,0,320.1,0,8,16.0,48.0,2
2026-01-16 10:30:00,4,10,0,322.7,0,8,16.1,48.1,2
2026-01-16 10:35:00,4,10,0,341.7,0,8,17.1,48.5,2
2026-01-16 10:40:00,4,10,0,351.8,0,8,17.6,48.8,2
2026-01-16 10:45:00,4,10,0,371.5,0,8,18.6,49.3,2
2026-01-16 10:50:00,4,10,0,346.0,0,8,17.3,48.6,2
2026-01-16 10:55:00,4,10,0,350.4,0,8,17.5,48.8,2
2026-01-16 11:00:00,4,11,0,379.5,0,8,19.0,49.5,3
2026-01-16 11:05:00,4,11,0,371.2,0,8,18.6,49.3,2
2026-01-16 11:10:00,4,11,0,390.1,0,8,19.5,49.8,3
2026-01-16 11:15:00,4,11,0,379.9,0,8,19.0,49.5,3
2026-01-16 11:20:00,4,11,0,362.6,0,8,18.1,49.1,2
2026-01-16 11:25:00,4,11,0,364.3,0,8,18.2,49.1,2
2026-01-16 11:30:00,4,11,0,365.4,0,8,18.3,49.1,2
2026-01-16 11:35:00,4,11,0,402.9,0,8,20.1,50.1,3
2026-01-16 11:40:00,4,11,0,415.2,0,8,20.8,50.4,3
2026-01-16 11:45:00,4,11,0,429.3,0,8,21.5,50.7,3
2026-01-16 11:50:00,4,11,0,418.5,0,8,20.9,50.5,3
2026-01-16 11:55:00,4,11,0,427.5,0,8,21.4,50.7,3
2026-01-16 12:00:00,4,12,0,405.5,0,8,20.3,50.1,3
2026-01-16 12:05:00,4,12,0,400.9,0,8,20.0,50.0,3
2026-01-16 12:10:00,4,12,0,435.1,0,8,21.8,50.9,3
2026-01-16 12:15:00,4,12,0,432.6,0,8,21.6,50.8,3
2026-01-16 12:20:00,4,12,0,431.9,0,8,21.6,50.8,3
2026-01-16 12:25:00,4,12,0,439.9,0,8,22.0,51.0,3
2026-01-16 12:30:00,4,12,0,442.7,0,8,22.1,51.1,3
2026-01-16 12:35:00,4,12,0,460.9,0,8,23.0,51.5,3
2026-01-16 12:40:00,4,12,0,464.7,0,8,23.2,51.6,3
2026-01-16 12:45:00,4,12,0,457.0,0,8,22.8,51.4,3
2026-01-16 12:50:00,4,12,0,464.9,0,8,23.2,51.6,3
2026-01-16 12:55:00,4,12,0,463.3,0,8,23.2,51.6,3
2026-01-16 13:00:00,4,13,0,452.0,0,8,22.6,51.3,3
2026-01-16 13:05:00,4,13,0,473.4,0,8,23.7,51.8,3
2026-01-16 13:10:00,4,13,0,444.2,0,8,22.2,51.1,3
2026-01-16 13:15:00,4,13,0,483.9,0,8,24.2,52.1,3
2026-01-16 13:20:00,4,13,0,453.0,0,8,22.7,51.3,3
2026-01-16 13:25:00,4,13,0,477.9,0,8,23.9,51.9,3
2026-01-16 13:30:00,4,13,0,463.6,0,8,23.2,51.6,3
2026-01-16 13:35:00,4,13,0,487.0,0,8,24.3,52.2,3
2026-01-16 13:40:00,4,13,0,480.6,0,8,24.0,52.0,3
2026-01-16 13:45:00,4,13,0,459.4,0,8,23.0,51.5,3
2026-01-16 13:50:00,4,13,0,491.7,0,8,24.6,52.3,3
2026-01-16 13:55:00,4,13,0,478.7,0,8,23.9,52.0,3
2026-01-16 14:00:00,4,14,0,502.4,0,8,25.1,52.6,3
2026-01-16 14:05:00,4,14,0,490.9,0,8,24.5,52.3,3
2026-01-16 14:10:00,4,14,0,498.4,0,8,24.9,52.5,3
2026-01-16 14:15:00,4,14,0,479.5,0,8,24.0,52.0,3
2026-01-16 14:20:00,4,14,0,486.3,0,8,24.3,52.2,3
2026-01-16 14:25:00,4,14,0,489.4,0,8,24.5,52.2,3
2026-01-16 14:30:00,4,14,0,510.1,0,8,25.5,52.8,3
2026-01-16 14:35:00,4,14,0,523.3,0,8,26.2,53.1,3
2026-01-16 14:40:00,4,14,0,486.7,0,8,24.3,52.2,3
2026-01-16 14:45:00,4,14,0,515.5,0,8,25.8,52.9,3
2026-01-16 14:50:00,4,14,0,467.2,0,8,23.4,51.7,3
2026-01-16 14:55:00,4,14,0,482.0,0,8,24.1,52.0,3
2026-01-16 15:00:00,4,15,0,485.6,0,8,24.3,52.1,3
2026-01-16 15:05:00,4,15,0,479.6,0,8,24.0,52.0,3
2026-01-16 15:10:00,4,15,0,475.9,0,8,23.8,51.9,3
2026-01-16 15:15:00,4,15,0,505.5,0,8,25.3,52.6,3
2026-01-16 15:20:00,4,15,0,495.6,0,8,24.8,52.4,3
2026-01-16 15:25:00,4,15,0,503.8,0,8,25.2,52.6,3
2026-01-16 15:30:00,4,15,0,507.6,0,8,25.4,52.7,3
2026-01-16 15:35:00,4,15,0,500.3,0,8,25.0,52.5,3
2026-01-16 15:40:00,4,15,0,505.0,0,8,25.2,52.6,3
2026-01-16 15:45:00,4,15,0,492.9,0,8,24.6,52.3,3
2026-01-16 15:50:00,4,15,0,474.7,0,8,23.7,51.9,3
2026-01-16 15:55:00,4,15,0,506.8,0,8,25.3,52.7,3
2026-01-16 16:00:00,4,16,0,480.4,0,8,24.0,52.0,3
2026-01-16 16:05:00,4,16,0,473.4,0,8,23.7,51.8,3
2026-01-16 16:10:00,4,16,0,482.8,0,8,24.1,52.1,3
2026-01-16 16:15:00,4,16,0,469.6,0,8,23.5,51.7,3
2026-01-16 16:20:00,4,16,0,474.8,0,8,23.7,51.9,3
2026-01-16 16:25:00,4,16,0,483.9,0,8,24.2,52.1,3
2026-01-16 16:30:00,4,16,0,481.5,0,8,24.1,52.0,3
2026-01-16 16:35:00,4,16,0,460.2,0,8,23.0,51.5,3
2026-01-16 16:40:00,4,16,0,463.6,0,8,23.2,51.6,3
2026-01-16 16:45:00,4,16,0,484.2,0,8,24.2,52.1,3
2026-01-16 16:50:00,4,16,0,472.5,0,8,23.6,51.8,3
2026-01-16 16:55:00,4,16,0,493.2,0,8,24.7,52.3,3
2026-01-16 17:00:00,4,17,0,476.6,0,8,23.8,51.9,3
2026-01-16 17:05:00,4,17,0,472.8,0,8,23.6,51.8,3
2026-01-16 17:10:00,4,17,0,431.4,0,8,21.6,50.8,3
2026-01-16 17:15:00,4,17,0,460.2,0,8,23.0,51.5,3
2026-01-16 17:20:00,4,17,0,444.4,0,8,22.2,51.1,3
2026-01-16 17:25:00,4,17,0,433.3,0,8,21.7,50.8,3
2026-01-16 17:30:00,4,17,0,440.4,0,8,22.0,51.0,3
2026-01-16 17:35:00,4,17,0,448.3,0,8,22.4,51.2,3
2026-01-16 17:40:00,4,17,0,437.8,0,8,21.9,50.9,3
2026-01-16 17:45:00,4,17,0,413.2,0,8,20.7,50.3,3
2026-01-16 17:50:00,4,17,0,433.5,0,8,21.7,50.8,3
2026-01-16 17:55:00,4,17,0,408.7,0,8,20.4,50.2,3
2026-01-16 18:00:00,4,18,0,417.4,0,8,20.9,50.4,3
2026-01-16 18:05:00,4,18,0,405.5,0,8,20.3,50.1,3
2026-01-16 18:10:00,4,18,0,402.6,0,8,20.1,50.1,3
2026-01-16 18:15:00,4,18,0,413.1,0,8,20.7,50.3,3
2026-01-16 18:20:00,4,18,0,381.7,0,8,19.1,49.5,3
2026-01-16 18:25:00,4,18,0,422.2,0,8,21.1,50.6,3
2026-01-16 18:30:00,4,18,0,361.4,0,8,18.1,49.0,2
2026-01-16 18:35:00,4,18,0,375.4,0,8,18.8,49.4,3
2026-01-16 18:40:00,4,18,0,385.5,0,8,19.3,49.6,3
2026-01-16 18:45:00,4,18,0,384.3,0,8,19.2,49.6,3
2026-01-16 18:50:00,4,18,0,369.6,0,8,18.5,49.2,2
2026-01-16 18:55:00,4,18,0,365.8,0,8,18.3,49.1,2
2026-01-16 19:00:00,4,19,0,368.4,0,8,18.4,49.2,2
2026-01-16 19:05:00,4,19,0,354.4,0,8,17.7,48.9,2
2026-01-16 19:10:00,4,19,0,374.3,0,8,18.7,49.4,2
2026-01-16 19:15:00,4,19,0,361.6,0,8,18.1,49.0,2
2026-01-16 19:20:00,4,19,0,357.7,0,8,17.9,48.9,2
2026-01-16 19:25:00,4,19,0,325.8,0,8,16.3,48.1,2
2026-01-16 19:30:00,4,19,0,334.7,0,8,16.7,48.4,2
2026-01-16 19:35:00,4,19,0,327.0,0,8,16.4,48.2,2
2026-01-16 19:40:00,4,19,0,312.1,0,8,15.6,47.8,2
2026-01-16 19:45:00,4,19,0,328.3,0,8,16.4,48.2,2
2026-01-16 19:50:00,4,19,0,310.6,0,8,15.5,47.8,2
2026-01-16 19:55:00,4,19,0,324.3,0,8,16.2,48.1,2
2026-01-16 20:00:00,4,20,0,294.2,0,8,14.7,47.4,2
2026-01-16 20:05:00,4,20,0,331.9,0,8,16.6,48.3,2
2026-01-16 20:10:00,4,20,0,288.5,0,8,14.4,47.2,2
2026-01-16 20:15:00,4,20,0,301.2,0,8,15.1,47.5,2
2026-01-16 20:20:00,4,20,0,305.8,0,8,15.3,47.6,2
2026-01-16 20:25:00,4,20,0,281.4,0,8,14.1,47.0,2
2026-01-16 20:30:00,4,20,0,298.8,0,8,14.9,47.5,2
2026-01-16 20:35:00,4,20,0,263.7,0,8,13.2,46.6,2
2026-01-16 20:40:00,4,20,0,300.1,0,8,15.0,47.5,2
2026-01-16 20:45:00,4,20,0,274.8,0,8,13.7,46.9,2
2026-01-16 20:50:00,4,20,0,261.9,0,8,13.1,46.5,2
2026-01-16 20:55:00,4,20,0,262.7,0,8,13.1,46.6,2
2026-01-16 21:00:00,4,21,0,275.8,0,8,13.8,46.9,2
2026-01-16 21:05:00,4,21,0,251.3,0,8,12.6,46.3,2
2026-01-16 21:10:00,4,21,0,245.4,0,8,12.3,46.1,2
2026-01-16 21:15:00,4,21,0,249.9,0,8,12.5,46.2,2
2026-01-16 21:20:00,4,21,0,232.3,0,8,11.6,45.8,2
2026-01-16 21:25:00,4,21,0,274.0,0,8,13.7,46.8,2
2026-01-16 21:30:00,4,21,0,235.0,0,8,11.8,45.9,2
2026-01-16 21:35:00,4,21,0,252.8,0,8,12.6,46.3,2
2026-01-16 21:40:00,4,21,0,240.4,0,8,12.0,46.0,2
2026-01-16 21:45:00,4,21,0,219.5,0,8,11.0,45.5,2
2026-01-16 21:50:00,4,21,0,231.3,0,8,11.6,45.8,2
2026-01-16 21:55:00,4,21,0,240.2,0,8,12.0,46.0,2
2026-01-16 22:00:00,4,22,0,222.9,0,8,11.1,45.6,2
2026-01-16 22:05:00,4,22,0,240.9,0,8,12.0,46.0,2
2026-01-16 22:10:00,4,22,0,235.6,0,8,11.8,45.9,2
2026-01-16 22:15:00,4,22,0,231.5,0,8,11.6,45.8,2
2026-01-16 22:20:00,4,22,0,208.3,0,8,10.4,45.2,2
2026-01-16 22:25:00,4,22,0,196.5,0,8,9.8,44.9,2
2026-01-16 22:30:00,4,22,0,201.1,0,8,10.1,45.0,2
2026-01-16 22:35:00,4,22,0,211.0,0,8,10.5,45.3,2
2026-01-16 22:40:00,4,22,0,214.0,0,8,10.7,45.4,2
2026-01-16 22:45:00,4,22,0,171.0,0,8,8.6,44.3,2
2026-01-16 22:50:00,4,22,0,201.3,0,8,10.1,45.0,2
2026-01-16 22:55:00,4,22,0,201.7,0,8,10.1,45.0,2
2026-01-16 23:00:00,4,23,0,193.2,0,8,9.7,44.8,2
2026-01-16 23:05:00,4,23,0,214.8,0,8,10.7,45.4,2
2026-01-16 23:10:00,4,23,0,199.9,0,8,10.0,45.0,2
2026-01-16 23:15:00,4,23,0,211.4,0,8,10.6,45.3,2
2026-01-16 23:20:00,4,23,0,186.7,0,8,9.3,44.7,2
2026-01-16 23:25:00,4,23,0,202.3,0,8,10.1,45.1,2
2026-01-16 23:30:00,4,23,0,211.1,0,8,10.6,45.3,2
2026-01-16 23:35:00,4,23,0,204.7,0,8,10.2,45.1,2
2026-01-16 23:40:00,4,23,0,167.1,0,8,8.4,44.2,2
2026-01-16 23:45:00,4,23,0,178.2,0,8,8.9,44.5,2
2026-01-16 23:50:00,4,23,0,175.4,0,8,8.8,44.4,2
2026-01-16 23:55:00,4,23,0,186.5,0,8,9.3,44.7,2
2026-01-17 00:00:00,5,0,1,108.0,0,8,5.4,42.7,2
2026-01-17 00:05:00,5,0,1,85.1,0,8,4.3,42.1,2
2026-01-17 00:10:00,5,0,1,98.8,0,8,4.9,42.5,2
2026-01-17 00:15:00,5,0,1,67.5,0,8,3.4,41.7,2
2026-01-17 00:20:00,5,0,1,119.4,0,8,6.0,43.0,2
2026-01-17 00:25:00,5,0,1,90.1,0,8,4.5,42.3,2
2026-01-17 00:30:00,5,0,1,98.7,0,8,4.9,42.5,2
2026-01-17 00:35:00,5,0,1,93.2,0,8,4.7,42.3,2
2026-01-17 00:40:00,5,0,1,115.1,0,8,5.8,42.9,2
2026-01-17 00:45:00,5,0,1,55.3,0,8,2.8,41.4,2
2026-01-17 00:50:00,5,0,1,97.7,0,8,4.9,42.4,2
2026-01-17 00:55:00,5,0,1,96.4,0,8,4.8,42.4,2
2026-01-17 01:00:00,5,1,1,91.2,0,8,4.6,42.3,2
2026-01-17 01:05:00,5,1,1,123.9,0,8,6.2,43.1,2
2026-01-17 01:10:00,5,1,1,84.8,0,8,4.2,42.1,2
2026-01-17 01:15:00,5,1,1,109.7,0,8,5.5,42.7,2
2026-01-17 01:20:00,5,1,1,103.5,0,8,5.2,42.6,2
2026-01-17 01:25:00,5,1,1,117.1,0,8,5.9,42.9,2
2026-01-17 01:30:00,5,1,1,88.3,0,8,4.4,42.2,2
2026-01-17 01:35:00,5,1,1,87.3,0,8,4.4,42.2,2
2026-01-17 01:40:00,5,1,1,114.8,0,8,5.7,42.9,2
2026-01-17 01:45:00,5,1,1,104.8,0,8,5.2,42.6,2
2026-01-17 01:50:00,5,1,1,75.3,0,8,3.8,41.9,2
2026-01-17 01:55:00,5,1,1,90.5,0,8,4.5,42.3,2
2026-01-17 02:00:00,5,2,1,104.5,0,8,5.2,42.6,2
2026-01-17 02:05:00,5,2,1,111.3,0,8,5.6,42.8,2
2026-01-17 02:10:00,5,2,1,88.6,0,8,4.4,42.2,2
2026-01-17 02:15:00,5,2,1,55.2,1,8,2.8,41.4,2
2026-01-17 02:20:00,5,2,1,339.4,1,8,17.0,48.5,2
2026-01-17 02:25:00,5,2,1,365.4,1,8,18.3,49.1,2
2026-01-17 02:30:00,5,2,1,311.8,1,8,15.6,47.8,2
2026-01-17 02:35:00,5,2,1,180.6,1,8,9.0,44.5,2
2026-01-17 02:40:00,5,2,1,111.7,0,8,5.6,42.8,2
2026-01-17 02:45:00,5,2,1,101.5,0,8,5.1,42.5,2
2026-01-17 02:50:00,5,2,1,96.3,0,8,4.8,42.4,2
2026-01-17 02:55:00,5,2,1,120.7,0,8,6.0,43.0,2
2026-01-17 03:00:00,5,3,1,109.6,0,8,5.5,42.7,2
2026-01-17 03:05:00,5,3,1,124.4,0,8,6.2,43.1,2
2026-01-17 03:10:00,5,3,1,79.5,0,8,4.0,42.0,2
2026-01-17 03:15:00,5,3,1,100.0,0,8,5.0,42.5,2
2026-01-17 03:20:00,5,3,1,76.5,0,8,3.8,41.9,2
2026-01-17 03:25:00,5,3,1,97.5,0,8,4.9,42.4,2
2026-01-17 03:30:00,5,3,1,97.4,0,8,4.9,42.4,2
2026-01-17 03:35:00,5,3,1,110.8,0,8,5.5,42.8,2
2026-01-17 03:40:00,5,3,1,102.3,0,8,5.1,42.6,2
2026-01-17 03:45:00,5,3,1,111.2,0,8,5.6,42.8,2
2026-01-17 03:50:00,5,3,1,112.7,0,8,5.6,42.8,2
2026-01-17 03:55:00,5,3,1,134.7,0,8,6.7,43.4,2
2026-01-17 04:00:00,5,4,1,98.0,0,8,4.9,42.4,2
2026-01-17 04:05:00,5,4,1,88.9,0,8,4.4,42.2,2
2026-01-17 04:10:00,5,4,1,107.0,0,8,5.4,42.7,2
2026-01-17 04:15:00,5,4,1,91.6,0,8,4.6,42.3,2
2026-01-17 04:20:00,5,4,1,126.2,0,8,6.3,43.2,2
2026-01-17 04:25:00,5,4,1,100.1,0,8,5.0,42.5,2
2026-01-17 04:30:00,5,4,1,96.3,0,8,4.8,42.4,2
2026-01-17 04:35:00,5,4,1,98.1,0,8,4.9,42.5,2
2026-01-17 04:40:00,5,4,1,116.4,0,8,5.8,42.9,2
2026-01-17 04:45:00,5,4,1,103.7,0,8,5.2,42.6,2
2026-01-17 04:50:00,5,4,1,96.9,0,8,4.8,42.4,2
2026-01-17 04:55:00,5,4,1,132.0,0,8,6.6,43.3,2
2026-01-17 05:00:00,5,5,1,94.7,0,8,4.7,42.4,2
2026-01-17 05:05:00,5,5,1,108.6,0,8,5.4,42.7,2
2026-01-17 05:10:00,5,5,1,118.4,0,8,5.9,43.0,2
2026-01-17 05:15:00,5,5,1,84.7,0,8,4.2,42.1,2
2026-01-17 05:20:00,5,5,1,117.0,0,8,5.9,42.9,2
2026-01-17 05:25:00,5,5,1,94.6,0,8,4.7,42.4,2
2026-01-17 05:30:00,5,5,1,123.4,0,8,6.2,43.1,2
2026-01-17 05:35:00,5,5,1,97.3,0,8,4.9,42.4,2
2026-01-17 05:40:00,5,5,1,122.8,0,8,6.1,43.1,2
2026-01-17 05:45:00,5,5,1,129.8,0,8,6.5,43.2,2
2026-01-17 05:50:00,5,5,1,126.9,0,8,6.3,43.2,2
2026-01-17 05:55:00,5,5,1,118.5,0,8,5.9,43.0,2
2026-01-17 06:00:00,5,6,1,112.1,0,8,5.6,42.8,2
2026-01-17 06:05:00,5,6,1,107.8,0,8,5.4,42.7,2
2026-01-17 06:10:00,5,6,1,139.4,0,8,7.0,43.5,2
2026-01-17 06:15:00,5,6,1,107.8,0,8,5.4,42.7,2
2026-01-17 06:20:00,5,6,1,103.7,0,8,5.2,42.6,2
2026-01-17 06:25:00,5,6,1,130.2,0,8,6.5,43.3,2
2026-01-17 06:30:00,5,6,1,109.3,0,8,5.5,42.7,2
2026-01-17 06:35:00,5,6,1,108.1,0,8,5.4,42.7,2
2026-01-17 06:40:00,5,6,1,101.8,0,8,5.1,42.5,2
2026-01-17 06:45:00,5,6,1,117.4,0,8,5.9,42.9,2
2026-01-17 06:50:00,5,6,1,124.6,0,8,6.2,43.1,2
2026-01-17 06:55:00,5,6,1,130.7,0,8,6.5,43.3,2
2026-01-17 07:00:00,5,7,1,142.6,0,8,7.1,43.6,2
2026-01-17 07:05:00,5,7,1,137.5,0,8,6.9,43.4,2
2026-01-17 07:10:00,5,7,1,128.1,0,8,6.4,43.2,2
2026-01-17 07:15:00,5,7,1,129.3,0,8,6.5,43.2,2
2026-01-17 07:20:00,5,7,1,141.4,0,8,7.1,43.5,2
2026-01-17 07:25:00,5,7,1,154.3,0,8,7.7,43.9,2
2026-01-17 07:30:00,5,7,1,138.6,0,8,6.9,43.5,2
2026-01-17 07:35:00,5,7,1,131.2,0,8,6.6,43.3,2
2026-01-17 07:40:00,5,7,1,125.0,0,8,6.2,43.1,2
2026-01-17 07:45:00,5,7,1,119.8,0,8,6.0,43.0,2
2026-01-17 07:50:00,5,7,1,153.2,0,8,7.7,43.8,2
2026-01-17 07:55:00,5,7,1,153.6,0,8,7.7,43.8,2
2026-01-17 08:00:00,5,8,1,155.4,0,8,7.8,43.9,2
2026-01-17 08:05:00,5,8,1,146.6,0,8,7.3,43.7,2
2026-01-17 08:10:00,5,8,1,171.5,0,8,8.6,44.3,2
2026-01-17 08:15:00,5,8,1,145.0,0,8,7.2,43.6,2
2026-01-17 08:20:00,5,8,1,168.6,0,8,8.4,44.2,2
2026-01-17 08:25:00,5,8,1,155.6,0,8,7.8,43.9,2
2026-01-17 08:30:00,5,8,1,149.1,0,8,7.5,43.7,2
2026-01-17 08:35:00,5,8,1,169.2,0,8,8.5,44.2,2
2026-01-17 08:40:00,5,8,1,168.6,0,8,8.4,44.2,2
2026-01-17 08:45:00,5,8,1,170.0,0,8,8.5,44.2,2
2026-01-17 08:50:00,5,8,1,168.0,0,8,8.4,44.2,2
2026-01-17 08:55:00,5,8,1,168.5,0,8,8.4,44.2,2
2026-01-17 09:00:00,5,9,1,207.2,0,8,10.4,45.2,2
2026-01-17 09:05:00,5,9,1,191.5,0,8,9.6,44.8,2
2026-01-17 09:10:00,5,9,1,186.9,0,8,9.3,44.7,2
2026-01-17 09:15:00,5,9,1,180.1,0,8,9.0,44.5,2
2026-01-17 09:20:00,5,9,1,196.0,0,8,9.8,44.9,2
2026-01-17 09:25:00,5,9,1,191.2,0,8,9.6,44.8,2
2026-01-17 09:30:00,5,9,1,186.3,1,8,9.3,44.7,2
2026-01-17 09:35:00,5,9,1,776.5,1,8,38.8,59.4,5
2026-01-17 09:40:00,5,9,1,1249.2,1,8,62.5,71.2,7
2026-01-17 09:45:00,5,9,1,1087.6,1,8,54.4,67.2,6
2026-01-17 09:50:00,5,9,1,1312.6,1,8,65.6,72.8,8
2026-01-17 09:55:00,5,9,1,809.1,1,8,40.5,60.2,5
2026-01-17 10:00:00,5,10,1,225.5,0,8,11.3,45.6,2
2026-01-17 10:05:00,5,10,1,204.7,0,8,10.2,45.1,2
2026-01-17 10:10:00,5,10,1,189.3,0,8,9.5,44.7,2
2026-01-17 10:15:00,5,10,1,209.2,0,8,10.5,45.2,2
2026-01-17 10:20:00,5,10,1,197.0,0,8,9.8,44.9,2
2026-01-17 10:25:00,5,10,1,222.6,0,8,11.1,45.6,2
2026-01-17 10:30:00,5,10,1,222.7,0,8,11.1,45.6,2
2026-01-17 10:35:00,5,10,1,235.5,0,8,11.8,45.9,2
2026-01-17 10:40:00,5,10,1,212.1,0,8,10.6,45.3,2
2026-01-17 10:45:00,5,10,1,227.4,0,8,11.4,45.7,2
2026-01-17 10:50:00,5,10,1,209.3,0,8,10.5,45.2,2
2026-01-17 10:55:00,5,10,1,243.1,0,8,12.2,46.1,2
2026-01-17 11:00:00,5,11,1,243.3,0,8,12.2,46.1,2
2026-01-17 11:05:00,5,11,1,245.8,0,8,12.3,46.1,2
2026-01-17 11:10:00,5,11,1,241.3,0,8,12.1,46.0,2
2026-01-17 11:15:00,5,11,1,250.3,0,8,12.5,46.3,2
2026-01-17 11:20:00,5,11,1,271.0,0,8,13.6,46.8,2
2026-01-17 11:25:00,5,11,1,245.5,0,8,12.3,46.1,2
2026-01-17 11:30:00,5,11,1,254.7,0,8,12.7,46.4,2
2026-01-17 11:35:00,5,11,1,239.2,0,8,12.0,46.0,2
2026-01-17 11:40:00,5,11,1,245.2,0,8,12.3,46.1,2
2026-01-17 11:45:00,5,11,1,262.5,0,8,13.1,46.6,2
2026-01-17 11:50:00,5,11,1,280.4,0,8,14.0,47.0,2
2026-01-17 11:55:00,5,11,1,262.7,0,8,13.1,46.6,2
2026-01-17 12:00:00,5,12,1,265.7,0,8,13.3,46.6,2
2026-01-17 12:05:00,5,12,1,265.8,0,8,13.3,46.6,2
2026-01-17 12:10:00,5,12,1,266.5,0,8,13.3,46.7,2
2026-01-17 12:15:00,5,12,1,281.5,0,8,14.1,47.0,2
2026-01-17 12:20:00,5,12,1,257.2,0,8,12.9,46.4,2
2026-01-17 12:25:00,5,12,1,301.4,0,8,15.1,47.5,2
2026-01-17 12:30:00,5,12,1,274.7,0,8,13.7,46.9,2
2026-01-17 12:35:00,5,12,1,297.9,0,8,14.9,47.4,2
2026-01-17 12:40:00,5,12,1,270.4,0,8,13.5,46.8,2
2026-01-17 12:45:00,5,12,1,301.7,0,8,15.1,47.5,2
2026-01-17 12:50:00,5,12,1,304.0,0,8,15.2,47.6,2
2026-01-17 12:55:00,5,12,1,301.9,0,8,15.1,47.5,2
2026-01-17 13:00:00,5,13,1,283.4,0,8,14.2,47.1,2
2026-01-17 13:05:00,5,13,1,304.1,0,8,15.2,47.6,2
2026-01-17 13:10:00,5,13,1,284.6,0,8,14.2,47.1,2
2026-01-17 13:15:00,5,13,1,300.4,0,8,15.0,47.5,2
2026-01-17 13:20:00,5,13,1,321.5,0,8,16.1,48.0,2
2026-01-17 13:25:00,5,13,1,319.8,0,8,16.0,48.0,2
2026-01-17 13:30:00,5,13,1,309.8,0,8,15.5,47.7,2
2026-01-17 13:35:00,5,13,1,296.5,0,8,14.8,47.4,2
2026-01-17 13:40:00,5,13,1,322.4,0,8,16.1,48.1,2
2026-01-17 13:45:00,5,13,1,314.4,0,8,15.7,47.9,2
2026-01-17 13:50:00,5,13,1,280.7,0,8,14.0,47.0,2
2026-01-17 13:55:00,5,13,1,328.5,0,8,16.4,48.2,2
2026-01-17 14:00:00,5,14,1,317.6,0,8,15.9,47.9,2
2026-01-17 14:05:00,5,14,1,337.1,0,8,16.9,48.4,2
2026-01-17 14:10:00,5,14,1,303.7,0,8,15.2,47.6,2
2026-01-17 14:15:00,5,14,1,273.4,0,8,13.7,46.8,2
2026-01-17 14:20:00,5,14,1,326.0,0,8,16.3,48.2,2
2026-01-17 14:25:00,5,14,1,327.0,0,8,16.4,48.2,2
2026-01-17 14:30:00,5,14,1,297.9,0,8,14.9,47.4,2
2026-01-17 14:35:00,5,14,1,309.1,0,8,15.5,47.7,2
2026-01-17 14:40:00,5,14,1,365.5,0,8,18.3,49.1,2
2026-01-17 14:45:00,5,14,1,320.0,0,8,16.0,48.0,2
2026-01-17 14:50:00,5,14,1,335.8,0,8,16.8,48.4,2
2026-01-17 14:55:00,5,14,1,315.2,0,8,15.8,47.9,2
2026-01-17 15:00:00,5,15,1,293.6,0,8,14.7,47.3,2
2026-01-17 15:05:00,5,15,1,322.4,0,8,16.1,48.1,2
2026-01-17 15:10:00,5,15,1,320.8,0,8,16.0,48.0,2
2026-01-17 15:15:00,5,15,1,318.6,0,8,15.9,48.0,2
2026-01-17 15:20:00,5,15,1,322.5,0,8,16.1,48.1,2
2026-01-17 15:25:00,5,15,1,327.7,0,8,16.4,48.2,2
2026-01-17 15:30:00,5,15,1,321.0,0,8,16.0,48.0,2
2026-01-17 15:35:00,5,15,1,303.6,0,8,15.2,47.6,2
2026-01-17 15:40:00,5,15,1,329.2,0,8,16.5,48.2,2
2026-01-17 15:45:00,5,15,1,291.8,0,8,14.6,47.3,2
2026-01-17 15:50:00,5,15,1,289.4,0,8,14.5,47.2,2
2026-01-17 15:55:00,5,15,1,330.2,0,8,16.5,48.3,2
2026-01-17 16:00:00,5,16,1,325.6,0,8,16.3,48.1,2
2026-01-17 16:05:00,5,16,1,315.9,0,8,15.8,47.9,2
2026-01-17 16:10:00,5,16,1,294.6,0,8,14.7,47.4,2
2026-01-17 16:15:00,5,16,1,303.5,0,8,15.2,47.6,2
2026-01-17 16:20:00,5,16,1,308.8,0,8,15.4,47.7,2
2026-01-17 16:25:00,5,16,1,287.2,0,8,14.4,47.2,2
2026-01-17 16:30:00,5,16,1,298.5,0,8,14.9,47.5,2
2026-01-17 16:35:00,5,16,1,317.6,0,8,15.9,47.9,2
2026-01-17 16:40:00,5,16,1,327.5,0,8,16.4,48.2,2
2026-01-17 16:45:00,5,16,1,297.9,0,8,14.9,47.4,2
2026-01-17 16:50:00,5,16,1,313.7,0,8,15.7,47.8,2
2026-01-17 16:55:00,5,16,1,271.6,0,8,13.6,46.8,2
2026-01-17 17:00:00,5,17,1,308.2,0,8,15.4,47.7,2
2026-01-17 17:05:00,5,17,1,284.1,0,8,14.2,47.1,2
2026-01-17 17:10:00,5,17,1,298.6,0,8,14.9,47.5,2
2026-01-17 17:15:00,5,17,1,288.0,0,8,14.4,47.2,2
2026-01-17 17:20:00,5,17,1,309.2,0,8,15.5,47.7,2
2026-01-17 17:25:00,5,17,1,273.9,0,8,13.7,46.8,2
2026-01-17 17:30:00,5,17,1,294.1,0,8,14.7,47.4,2
2026-01-17 17:35:00,5,17,1,278.0,0,8,13.9,47.0,2
2026-01-17 17:40:00,5,17,1,277.3,0,8,13.9,46.9,2
2026-01-17 17:45:00,5,17,1,274.4,0,8,13.7,46.9,2
2026-01-17 17:50:00,5,17,1,261.8,0,8,13.1,46.5,2
2026-01-17 17:55:00,5,17,1,271.7,0,8,13.6,46.8,2
2026-01-17 18:00:00,5,18,1,268.3,0,8,13.4,46.7,2
2026-01-17 18:05:00,5,18,1,270.1,0,8,13.5,46.8,2
2026-01-17 18:10:00,5,18,1,265.1,0,8,13.3,46.6,2
2026-01-17 18:15:00,5,18,1,273.0,0,8,13.6,46.8,2
2026-01-17 18:20:00,5,18,1,272.1,0,8,13.6,46.8,2
2026-01-17 18:25:00,5,18,1,239.7,0,8,12.0,46.0,2
2026-01-17 18:30:00,5,18,1,265.7,0,8,13.3,46.6,2
2026-01-17 18:35:00,5,18,1,232.0,0,8,11.6,45.8,2
2026-01-17 18:40:00,5,18,1,255.8,0,8,12.8,46.4,2
2026-01-17 18:45:00,5,18,1,253.4,0,8,12.7,46.3,2
2026-01-17 18:50:00,5,18,1,212.6,0,8,10.6,45.3,2
2026-01-17 18:55:00,5,18,1,239.8,0,8,12.0,46.0,2
2026-01-17 19:00:00,5,19,1,228.5,0,8,11.4,45.7,2
2026-01-17 19:05:00,5,19,1,221.2,0,8,11.1,45.5,2
2026-01-17 19:10:00,5,19,1,250.0,0,8,12.5,46.2,2
2026-01-17 19:15:00,5,19,1,217.1,0,8,10.9,45.4,2
2026-01-17 19:20:00,5,19,1,211.9,0,8,10.6,45.3,2
2026-01-17 19:25:00,5,19,1,222.3,0,8,11.1,45.6,2
2026-01-17 19:30:00,5,19,1,228.6,0,8,11.4,45.7,2
2026-01-17 19:35:00,5,19,1,213.4,0,8,10.7,45.3,2
2026-01-17 19:40:00,5,19,1,230.2,0,8,11.5,45.8,2
2026-01-17 19:45:00,5,19,1,217.9,0,8,10.9,45.4,2
2026-01-17 19:50:00,5,19,1,174.5,0,8,8.7,44.4,2
2026-01-17 19:55:00,5,19,1,196.4,0,8,9.8,44.9,2
2026-01-17 20:00:00,5,20,1,193.2,0,8,9.7,44.8,2
2026-01-17 20:05:00,5,20,1,206.1,0,8,10.3,45.2,2
2026-01-17 20:10:00,5,20,1,156.9,0,8,7.8,43.9,2
2026-01-17 20:15:00,5,20,1,231.9,0,8,11.6,45.8,2
2026-01-17 20:20:00,5,20,1,199.0,0,8,10.0,45.0,2
2026-01-17 20:25:00,5,20,1,190.7,0,8,9.5,44.8,2
2026-01-17 20:30:00,5,20,1,203.6,0,8,10.2,45.1,2
2026-01-17 20:35:00,5,20,1,218.5,0,8,10.9,45.5,2
2026-01-17 20:40:00,5,20,1,194.0,0,8,9.7,44.8,2
2026-01-17 20:45:00,5,20,1,192.7,0,8,9.6,44.8,2
2026-01-17 20:50:00,5,20,1,178.0,0,8,8.9,44.4,2
2026-01-17 20:55:00,5,20,1,171.6,0,8,8.6,44.3,2
2026-01-17 21:00:00,5,21,1,164.2,0,8,8.2,44.1,2
2026-01-17 21:05:00,5,21,1,156.7,0,8,7.8,43.9,2
2026-01-17 21:10:00,5,21,1,156.5,0,8,7.8,43.9,2
2026-01-17 21:15:00,5,21,1,144.4,0,8,7.2,43.6,2
2026-01-17 21:20:00,5,21,1,161.3,0,8,8.1,44.0,2
2026-01-17 21:25:00,5,21,1,135.1,0,8,6.8,43.4,2
2026-01-17 21:30:00,5,21,1,161.1,0,8,8.1,44.0,2
2026-01-17 21:35:00,5,21,1,155.7,0,8,7.8,43.9,2
2026-01-17 21:40:00,5,21,1,156.4,0,8,7.8,43.9,2
2026-01-17 21:45:00,5,21,1,144.4,0,8,7.2,43.6,2
2026-01-17 21:50:00,5,21,1,196.5,0,8,9.8,44.9,2
2026-01-17 21:55:00,5,21,1,168.9,0,8,8.4,44.2,2
2026-01-17 22:00:00,5,22,1,128.0,0,8,6.4,43.2,2
2026-01-17 22:05:00,5,22,1,148.4,0,8,7.4,43.7,2
2026-01-17 22:10:00,5,22,1,134.1,0,8,6.7,43.4,2
2026-01-17 22:15:00,5,22,1,126.3,0,8,6.3,43.2,2
2026-01-17 22:20:00,5,22,1,119.8,0,8,6.0,43.0,2
2026-01-17 22:25:00,5,22,1,144.8,0,8,7.2,43.6,2
2026-01-17 22:30:00,5,22,1,126.5,0,8,6.3,43.2,2
2026-01-17 22:35:00,5,22,1,149.7,0,8,7.5,43.7,2
2026-01-17 22:40:00,5,22,1,148.7,0,8,7.4,43.7,2
2026-01-17 22:45:00,5,22,1,152.9,0,8,7.6,43.8,2
2026-01-17 22:50:00,5,22,1,118.1,0,8,5.9,43.0,2
2026-01-17 22:55:00,5,22,1,136.7,0,8,6.8,43.4,2
2026-01-17 23:00:00,5,23,1,137.8,0,8,6.9,43.4,2
2026-01-17 23:05:00,5,23,1,119.9,0,8,6.0,43.0,2
2026-01-17 23:10:00,5,23,1,114.2,0,8,5.7,42.9,2
2026-01-17 23:15:00,5,23,1,148.8,0,8,7.4,43.7,2
2026-01-17 23:20:00,5,23,1,126.9,0,8,6.3,43.2,2
2026-01-17 23:25:00,5,23,1,131.9,0,8,6.6,43.3,2
2026-01-17 23:30:00,5,23,1,109.0,0,8,5.4,42.7,2
2026-01-17 23:35:00,5,23,1,102.0,0,8,5.1,42.6,2
2026-01-17 23:40:00,5,23,1,110.7,0,8,5.5,42.8,2
2026-01-17 23:45:00,5,23,1,116.4,0,8,5.8,42.9,2
2026-01-17 23:50:00,5,23,1,101.4,0,8,5.1,42.5,2
2026-01-17 23:55:00,5,23,1,116.3,0,8,5.8,42.9,2
2026-01-18 00:00:00,6,0,1,72.4,0,8,3.6,41.8,2
2026-01-18 00:05:00,6,0,1,80.9,0,8,4.0,42.0,2
2026-01-18 00:10:00,6,0,1,107.8,0,8,5.4,42.7,2
2026-01-18 00:15:00,6,0,1,106.8,0,8,5.3,42.7,2
2026-01-18 00:20:00,6,0,1,91.9,0,8,4.6,42.3,2
2026-01-18 00:25:00,6,0,1,82.5,0,8,4.1,42.1,2
2026-01-18 00:30:00,6,0,1,82.4,0,8,4.1,42.1,2
2026-01-18 00:35:00,6,0,1,92.2,0,8,4.6,42.3,2
2026-01-18 00:40:00,6,0,1,107.5,0,8,5.4,42.7,2
2026-01-18 00:45:00,6,0,1,111.8,0,8,5.6,42.8,2
2026-01-18 00:50:00,6,0,1,90.5,0,8,4.5,42.3,2
2026-01-18 00:55:00,6,0,1,80.7,0,8,4.0,42.0,2
2026-01-18 01:00:00,6,1,1,102.0,0,8,5.1,42.6,2
2026-01-18 01:05:00,6,1,1,85.7,0,8,4.3,42.1,2
2026-01-18 01:10:00,6,1,1,90.3,0,8,4.5,42.3,2
2026-01-18 01:15:00,6,1,1,118.0,0,8,5.9,43.0,2
2026-01-18 01:20:00,6,1,1,110.6,0,8,5.5,42.8,2
2026-01-18 01:25:00,6,1,1,100.6,0,8,5.0,42.5,2
2026-01-18 01:30:00,6,1,1,79.2,0,8,4.0,42.0,2
2026-01-18 01:35:00,6,1,1,101.5,0,8,5.1,42.5,2
2026-01-18 01:40:00,6,1,1,114.3,0,8,5.7,42.9,2
2026-01-18 01:45:00,6,1,1,92.8,0,8,4.6,42.3,2
2026-01-18 01:50:00,6,1,1,118.8,0,8,5.9,43.0,2
2026-01-18 01:55:00,6,1,1,118.0,0,8,5.9,43.0,2
2026-01-18 02:00:00,6,2,1,123.6,0,8,6.2,43.1,2
2026-01-18 02:05:00,6,2,1,103.3,0,8,5.2,42.6,2
2026-01-18 02:10:00,6,2,1,107.6,0,8,5.4,42.7,2
2026-01-18 02:15:00,6,2,1,120.1,0,8,6.0,43.0,2
2026-01-18 02:20:00,6,2,1,105.7,0,8,5.3,42.6,2
2026-01-18 02:25:00,6,2,1,91.6,0,8,4.6,42.3,2
2026-01-18 02:30:00,6,2,1,92.5,0,8,4.6,42.3,2
2026-01-18 02:35:00,6,2,1,102.9,0,8,5.1,42.6,2
2026-01-18 02:40:00,6,2,1,80.1,0,8,4.0,42.0,2
2026-01-18 02:45:00,6,2,1,97.4,0,8,4.9,42.4,2
2026-01-18 02:50:00,6,2,1,116.2,0,8,5.8,42.9,2
2026-01-18 02:55:00,6,2,1,67.0,0,8,3.4,41.7,2
2026-01-18 03:00:00,6,3,1,123.0,0,8,6.2,43.1,2
2026-01-18 03:05:00,6,3,1,117.0,0,8,5.9,42.9,2
2026-01-18 03:10:00,6,3,1,93.5,0,8,4.7,42.3,2
2026-01-18 03:15:00,6,3,1,108.7,0,8,5.4,42.7,2
2026-01-18 03:20:00,6,3,1,100.8,0,8,5.0,42.5,2
2026-01-18 03:25:00,6,3,1,119.4,0,8,6.0,43.0,2
2026-01-18 03:30:00,6,3,1,115.9,0,8,5.8,42.9,2
2026-01-18 03:35:00,6,3,1,80.4,0,8,4.0,42.0,2
2026-01-18 03:40:00,6,3,1,110.4,0,8,5.5,42.8,2
2026-01-18 03:45:00,6,3,1,98.8,0,8,4.9,42.5,2
2026-01-18 03:50:00,6,3,1,103.4,0,8,5.2,42.6,2
2026-01-18 03:55:00,6,3,1,91.5,0,8,4.6,42.3,2
2026-01-18 04:00:00,6,4,1,128.9,0,8,6.4,43.2,2
2026-01-18 04:05:00,6,4,1,118.6,0,8,5.9,43.0,2
2026-01-18 04:10:00,6,4,1,92.2,0,8,4.6,42.3,2
2026-01-18 04:15:00,6,4,1,83.6,0,8,4.2,42.1,2
2026-01-18 04:20:00,6,4,1,98.2,0,8,4.9,42.5,2
2026-01-18 04:25:00,6,4,1,110.9,0,8,5.5,42.8,2
2026-01-18 04:30:00,6,4,1,108.4,0,8,5.4,42.7,2
2026-01-18 04:35:00,6,4,1,124.0,0,8,6.2,43.1,2
2026-01-18 04:40:00,6,4,1,117.4,0,8,5.9,42.9,2
2026-01-18 04:45:00,6,4,1,120.6,0,8,6.0,43.0,2
2026-01-18 04:50:00,6,4,1,111.4,0,8,5.6,42.8,2
2026-01-18 04:55:00,6,4,1,86.1,0,8,4.3,42.2,2
2026-01-18 05:00:00,6,5,1,104.6,0,8,5.2,42.6,2
2026-01-18 05:05:00,6,5,1,123.9,0,8,6.2,43.1,2
2026-01-18 05:10:00,6,5,1,107.8,0,8,5.4,42.7,2
2026-01-18 05:15:00,6,5,1,116.7,0,8,5.8,42.9,2
2026-01-18 05:20:00,6,5,1,105.0,0,8,5.2,42.6,2
2026-01-18 05:25:00,6,5,1,95.0,0,8,4.8,42.4,2
2026-01-18 05:30:00,6,5,1,109.2,0,8,5.5,42.7,2
2026-01-18 05:35:00,6,5,1,116.4,0,8,5.8,42.9,2
2026-01-18 05:40:00,6,5,1,102.6,0,8,5.1,42.6,2
2026-01-18 05:45:00,6,5,1,109.7,0,8,5.5,42.7,2
2026-01-18 05:50:00,6,5,1,99.9,0,8,5.0,42.5,2
2026-01-18 05:55:00,6,5,1,131.6,0,8,6.6,43.3,2
2026-01-18 06:00:00,6,6,1,111.2,0,8,5.6,42.8,2
2026-01-18 06:05:00,6,6,1,138.3,0,8,6.9,43.5,2
2026-01-18 06:10:00,6,6,1,140.3,0,8,7.0,43.5,2
2026-01-18 06:15:00,6,6,1,117.1,0,8,5.9,42.9,2
2026-01-18 06:20:00,6,6,1,104.1,0,8,5.2,42.6,2
2026-01-18 06:25:00,6,6,1,89.0,0,8,4.4,42.2,2
2026-01-18 06:30:00,6,6,1,99.2,0,8,5.0,42.5,2
2026-01-18 06:35:00,6,6,1,101.8,0,8,5.1,42.5,2
2026-01-18 06:40:00,6,6,1,144.1,0,8,7.2,43.6,2
2026-01-18 06:45:00,6,6,1,126.4,0,8,6.3,43.2,2
2026-01-18 06:50:00,6,6,1,131.6,0,8,6.6,43.3,2
2026-01-18 06:55:00,6,6,1,93.7,0,8,4.7,42.3,2
2026-01-18 07:00:00,6,7,1,110.3,0,8,5.5,42.8,2
2026-01-18 07:05:00,6,7,1,142.9,0,8,7.1,43.6,2
2026-01-18 07:10:00,6,7,1,135.2,0,8,6.8,43.4,2
2026-01-18 07:15:00,6,7,1,130.1,0,8,6.5,43.3,2
2026-01-18 07:20:00,6,7,1,142.2,0,8,7.1,43.6,2
2026-01-18 07:25:00,6,7,1,159.8,0,8,8.0,44.0,2
2026-01-18 07:30:00,6,7,1,133.4,0,8,6.7,43.3,2
2026-01-18 07:35:00,6,7,1,139.3,0,8,7.0,43.5,2
2026-01-18 07:40:00,6,7,1,142.8,0,8,7.1,43.6,2
2026-01-18 07:45:00,6,7,1,177.4,0,8,8.9,44.4,2
2026-01-18 07:50:00,6,7,1,111.7,0,8,5.6,42.8,2
2026-01-18 07:55:00,6,7,1,155.2,0,8,7.8,43.9,2
2026-01-18 08:00:00,6,8,1,145.0,0,8,7.2,43.6,2
2026-01-18 08:05:00,6,8,1,157.0,0,8,7.8,43.9,2
2026-01-18 08:10:00,6,8,1,140.5,0,8,7.0,43.5,2
2026-01-18 08:15:00,6,8,1,151.5,0,8,7.6,43.8,2
2026-01-18 08:20:00,6,8,1,164.9,0,8,8.2,44.1,2
2026-01-18 08:25:00,6,8,1,202.9,0,8,10.1,45.1,2
2026-01-18 08:30:00,6,8,1,170.4,0,8,8.5,44.3,2
2026-01-18 08:35:00,6,8,1,147.6,0,8,7.4,43.7,2
2026-01-18 08:40:00,6,8,1,156.1,0,8,7.8,43.9,2
2026-01-18 08:45:00,6,8,1,157.8,0,8,7.9,43.9,2
2026-01-18 08:50:00,6,8,1,139.9,0,8,7.0,43.5,2
2026-01-18 08:55:00,6,8,1,164.1,0,8,8.2,44.1,2
2026-01-18 09:00:00,6,9,1,182.4,0,8,9.1,44.6,2
2026-01-18 09:05:00,6,9,1,154.6,0,8,7.7,43.9,2
2026-01-18 09:10:00,6,9,1,191.8,0,8,9.6,44.8,2
2026-01-18 09:15:00,6,9,1,185.8,0,8,9.3,44.6,2
2026-01-18 09:20:00,6,9,1,169.9,0,8,8.5,44.2,2
2026-01-18 09:25:00,6,9,1,181.3,0,8,9.1,44.5,2
2026-01-18 09:30:00,6,9,1,209.9,0,8,10.5,45.2,2
2026-01-18 09:35:00,6,9,1,199.4,0,8,10.0,45.0,2
2026-01-18 09:40:00,6,9,1,191.2,0,8,9.6,44.8,2
2026-01-18 09:45:00,6,9,1,190.1,0,8,9.5,44.8,2
2026-01-18 09:50:00,6,9,1,197.4,0,8,9.9,44.9,2
2026-01-18 09:55:00,6,9,1,191.3,0,8,9.6,44.8,2
2026-01-18 10:00:00,6,10,1,170.1,0,8,8.5,44.3,2
2026-01-18 10:05:00,6,10,1,235.0,0,8,11.8,45.9,2
2026-01-18 10:10:00,6,10,1,209.5,0,8,10.5,45.2,2
2026-01-18 10:15:00,6,10,1,215.9,0,8,10.8,45.4,2
2026-01-18 10:20:00,6,10,1,211.8,0,8,10.6,45.3,2
2026-01-18 10:25:00,6,10,1,204.5,0,8,10.2,45.1,2
2026-01-18 10:30:00,6,10,1,215.5,0,8,10.8,45.4,2
2026-01-18 10:35:00,6,10,1,197.2,0,8,9.9,44.9,2
2026-01-18 10:40:00,6,10,1,258.2,0,8,12.9,46.5,2
2026-01-18 10:45:00,6,10,1,208.4,0,8,10.4,45.2,2
2026-01-18 10:50:00,6,10,1,214.3,0,8,10.7,45.4,2
2026-01-18 10:55:00,6,10,1,226.0,0,8,11.3,45.6,2
2026-01-18 11:00:00,6,11,1,254.8,0,8,12.7,46.4,2
2026-01-18 11:05:00,6,11,1,238.6,0,8,11.9,46.0,2
2026-01-18 11:10:00,6,11,1,222.7,0,8,11.1,45.6,2
2026-01-18 11:15:00,6,11,1,262.9,0,8,13.1,46.6,2
2026-01-18 11:20:00,6,11,1,257.9,0,8,12.9,46.4,2
2026-01-18 11:25:00,6,11,1,257.9,0,8,12.9,46.4,2
2026-01-18 11:30:00,6,11,1,263.4,0,8,13.2,46.6,2
2026-01-18 11:35:00,6,11,1,291.4,0,8,14.6,47.3,2
2026-01-18 11:40:00,6,11,1,291.0,0,8,14.6,47.3,2
2026-01-18 11:45:00,6,11,1,250.7,0,8,12.5,46.3,2
2026-01-18 11:50:00,6,11,1,288.2,0,8,14.4,47.2,2
2026-01-18 11:55:00,6,11,1,272.3,0,8,13.6,46.8,2
2026-01-18 12:00:00,6,12,1,276.7,0,8,13.8,46.9,2
2026-01-18 12:05:00,6,12,1,246.5,0,8,12.3,46.2,2
2026-01-18 12:10:00,6,12,1,272.0,0,8,13.6,46.8,2
2026-01-18 12:15:00,6,12,1,264.9,0,8,13.2,46.6,2
2026-01-18 12:20:00,6,12,1,292.1,0,8,14.6,47.3,2
2026-01-18 12:25:00,6,12,1,298.2,0,8,14.9,47.5,2
2026-01-18 12:30:00,6,12,1,253.5,0,8,12.7,46.3,2
2026-01-18 12:35:00,6,12,1,286.7,0,8,14.3,47.2,2
2026-01-18 12:40:00,6,12,1,306.2,0,8,15.3,47.7,2
2026-01-18 12:45:00,6,12,1,288.9,0,8,14.4,47.2,2
2026-01-18 12:50:00,6,12,1,304.9,0,8,15.2,47.6,2
2026-01-18 12:55:00,6,12,1,301.4,0,8,15.1,47.5,2
2026-01-18 13:00:00,6,13,1,303.4,0,8,15.2,47.6,2
2026-01-18 13:05:00,6,13,1,296.3,0,8,14.8,47.4,2
2026-01-18 13:10:00,6,13,1,284.1,0,8,14.2,47.1,2
2026-01-18 13:15:00,6,13,1,287.4,0,8,14.4,47.2,2
2026-01-18 13:20:00,6,13,1,316.7,0,8,15.8,47.9,2
2026-01-18 13:25:00,6,13,1,308.1,0,8,15.4,47.7,2
2026-01-18 13:30:00,6,13,1,307.5,0,8,15.4,47.7,2
2026-01-18 13:35:00,6,13,1,304.8,0,8,15.2,47.6,2
2026-01-18 13:40:00,6,13,1,308.1,0,8,15.4,47.7,2
2026-01-18 13:45:00,6,13,1,329.9,0,8,16.5,48.2,2
2026-01-18 13:50:00,6,13,1,310.5,0,8,15.5,47.8,2
2026-01-18 13:55:00,6,13,1,296.7,0,8,14.8,47.4,2
2026-01-18 14:00:00,6,14,1,329.2,0,8,16.5,48.2,2
2026-01-18 14:05:00,6,14,1,316.0,0,8,15.8,47.9,2
2026-01-18 14:10:00,6,14,1,320.6,0,8,16.0,48.0,2
2026-01-18 14:15:00,6,14,1,345.1,0,8,17.3,48.6,2
2026-01-18 14:20:00,6,14,1,321.6,0,8,16.1,48.0,2
2026-01-18 14:25:00,6,14,1,326.9,0,8,16.3,48.2,2
2026-01-18 14:30:00,6,14,1,305.5,0,8,15.3,47.6,2
2026-01-18 14:35:00,6,14,1,320.5,0,8,16.0,48.0,2
2026-01-18 14:40:00,6,14,1,333.4,0,8,16.7,48.3,2
2026-01-18 14:45:00,6,14,1,301.2,0,8,15.1,47.5,2
2026-01-18 14:50:00,6,14,1,327.8,0,8,16.4,48.2,2
2026-01-18 14:55:00,6,14,1,326.5,0,8,16.3,48.2,2
2026-01-18 15:00:00,6,15,1,325.6,0,8,16.3,48.1,2
2026-01-18 15:05:00,6,15,1,340.5,0,8,17.0,48.5,2
2026-01-18 15:10:00,6,15,1,329.8,0,8,16.5,48.2,2
2026-01-18 15:15:00,6,15,1,346.7,0,8,17.3,48.7,2
2026-01-18 15:20:00,6,15,1,309.3,0,8,15.5,47.7,2
2026-01-18 15:25:00,6,15,1,325.8,0,8,16.3,48.1,2
2026-01-18 15:30:00,6,15,1,324.5,0,8,16.2,48.1,2
2026-01-18 15:35:00,6,15,1,306.6,0,8,15.3,47.7,2
2026-01-18 15:40:00,6,15,1,336.2,0,8,16.8,48.4,2
2026-01-18 15:45:00,6,15,1,355.9,0,8,17.8,48.9,2
2026-01-18 15:50:00,6,15,1,319.9,0,8,16.0,48.0,2
2026-01-18 15:55:00,6,15,1,326.7,0,8,16.3,48.2,2
2026-01-18 16:00:00,6,16,1,319.3,0,8,16.0,48.0,2
2026-01-18 16:05:00,6,16,1,306.1,0,8,15.3,47.7,2
2026-01-18 16:10:00,6,16,1,288.2,0,8,14.4,47.2,2
2026-01-18 16:15:00,6,16,1,303.6,0,8,15.2,47.6,2
2026-01-18 16:20:00,6,16,1,291.8,0,8,14.6,47.3,2
2026-01-18 16:25:00,6,16,1,336.7,0,8,16.8,48.4,2
2026-01-18 16:30:00,6,16,1,307.8,0,8,15.4,47.7,2
2026-01-18 16:35:00,6,16,1,302.7,0,8,15.1,47.6,2
2026-01-18 16:40:00,6,16,1,319.4,0,8,16.0,48.0,2
2026-01-18 16:45:00,6,16,1,287.4,0,8,14.4,47.2,2
2026-01-18 16:50:00,6,16,1,290.8,0,8,14.5,47.3,2
2026-01-18 16:55:00,6,16,1,301.3,0,8,15.1,47.5,2
2026-01-18 17:00:00,6,17,1,313.7,0,8,15.7,47.8,2
2026-01-18 17:05:00,6,17,1,303.7,0,8,15.2,47.6,2
2026-01-18 17:10:00,6,17,1,297.7,0,8,14.9,47.4,2
2026-01-18 17:15:00,6,17,1,292.9,0,8,14.6,47.3,2
2026-01-18 17:20:00,6,17,1,295.4,0,8,14.8,47.4,2
2026-01-18 17:25:00,6,17,1,290.1,0,8,14.5,47.3,2
2026-01-18 17:30:00,6,17,1,269.2,0,8,13.5,46.7,2
2026-01-18 17:35:00,6,17,1,282.9,0,8,14.1,47.1,2
2026-01-18 17:40:00,6,17,1,263.6,0,8,13.2,46.6,2
2026-01-18 17:45:00,6,17,1,278.3,0,8,13.9,47.0,2
2026-01-18 17:50:00,6,17,1,267.3,0,8,13.4,46.7,2
2026-01-18 17:55:00,6,17,1,310.0,0,8,15.5,47.8,2
2026-01-18 18:00:00,6,18,1,268.6,0,8,13.4,46.7,2
2026-01-18 18:05:00,6,18,1,245.5,0,8,12.3,46.1,2
2026-01-18 18:10:00,6,18,1,261.8,0,8,13.1,46.5,2
2026-01-18 18:15:00,6,18,1,268.8,0,8,13.4,46.7,2
2026-01-18 18:20:00,6,18,1,283.4,0,8,14.2,47.1,2
2026-01-18 18:25:00,6,18,1,246.6,0,8,12.3,46.2,2
2026-01-18 18:30:00,6,18,1,228.9,0,8,11.4,45.7,2
2026-01-18 18:35:00,6,18,1,262.1,0,8,13.1,46.6,2
2026-01-18 18:40:00,6,18,1,226.2,0,8,11.3,45.7,2
2026-01-18 18:45:00,6,18,1,237.6,0,8,11.9,45.9,2
2026-01-18 18:50:00,6,18,1,237.4,0,8,11.9,45.9,2
2026-01-18 18:55:00,6,18,1,237.3,0,8,11.9,45.9,2
2026-01-18 19:00:00,6,19,1,245.8,0,8,12.3,46.1,2
2026-01-18 19:05:00,6,19,1,222.4,0,8,11.1,45.6,2
2026-01-18 19:10:00,6,19,1,225.6,0,8,11.3,45.6,2
2026-01-18 19:15:00,6,19,1,226.7,0,8,11.3,45.7,2
2026-01-18 19:20:00,6,19,1,226.3,0,8,11.3,45.7,2
2026-01-18 19:25:00,6,19,1,222.6,0,8,11.1,45.6,2
2026-01-18 19:30:00,6,19,1,224.9,0,8,11.2,45.6,2
2026-01-18 19:35:00,6,19,1,228.2,0,8,11.4,45.7,2
2026-01-18 19:40:00,6,19,1,218.6,0,8,10.9,45.5,2
2026-01-18 19:45:00,6,19,1,216.7,0,8,10.8,45.4,2
2026-01-18 19:50:00,6,19,1,183.4,0,8,9.2,44.6,2
2026-01-18 19:55:00,6,19,1,205.1,0,8,10.3,45.1,2
2026-01-18 20:00:00,6,20,1,208.8,0,8,10.4,45.2,2
2026-01-18 20:05:00,6,20,1,209.9,0,8,10.5,45.2,2
2026-01-18 20:10:00,6,20,1,185.9,0,8,9.3,44.6,2
2026-01-18 20:15:00,6,20,1,183.8,0,8,9.2,44.6,2
2026-01-18 20:20:00,6,20,1,182.4,0,8,9.1,44.6,2
2026-01-18 20:25:00,6,20,1,196.5,0,8,9.8,44.9,2
2026-01-18 20:30:00,6,20,1,201.4,0,8,10.1,45.0,2
2026-01-18 20:35:00,6,20,1,177.3,0,8,8.9,44.4,2
2026-01-18 20:40:00,6,20,1,194.5,0,8,9.7,44.9,2
2026-01-18 20:45:00,6,20,1,180.3,0,8,9.0,44.5,2
2026-01-18 20:50:00,6,20,1,174.2,0,8,8.7,44.4,2
2026-01-18 20:55:00,6,20,1,170.5,0,8,8.5,44.3,2
2026-01-18 21:00:00,6,21,1,182.6,0,8,9.1,44.6,2
2026-01-18 21:05:00,6,21,1,174.0,0,8,8.7,44.4,2
2026-01-18 21:10:00,6,21,1,201.0,0,8,10.0,45.0,2
2026-01-18 21:15:00,6,21,1,151.8,0,8,7.6,43.8,2
2026-01-18 21:20:00,6,21,1,170.2,0,8,8.5,44.3,2
2026-01-18 21:25:00,6,21,1,152.4,0,8,7.6,43.8,2
2026-01-18 21:30:00,6,21,1,145.2,0,8,7.3,43.6,2
2026-01-18 21:35:00,6,21,1,156.1,0,8,7.8,43.9,2
2026-01-18 21:40:00,6,21,1,156.3,0,8,7.8,43.9,2
2026-01-18 21:45:00,6,21,1,196.1,0,8,9.8,44.9,2
2026-01-18 21:50:00,6,21,1,147.6,0,8,7.4,43.7,2
2026-01-18 21:55:00,6,21,1,131.6,0,8,6.6,43.3,2
2026-01-18 22:00:00,6,22,1,150.8,0,8,7.5,43.8,2
2026-01-18 22:05:00,6,22,1,113.8,0,8,5.7,42.8,2
2026-01-18 22:10:00,6,22,1,141.8,0,8,7.1,43.5,2
2026-01-18 22:15:00,6,22,1,141.8,0,8,7.1,43.5,2
2026-01-18 22:20:00,6,22,1,151.8,0,8,7.6,43.8,2
2026-01-18 22:25:00,6,22,1,152.9,0,8,7.6,43.8,2
2026-01-18 22:30:00,6,22,1,129.2,0,8,6.5,43.2,2
2026-01-18 22:35:00,6,22,1,133.0,0,8,6.6,43.3,2
2026-01-18 22:40:00,6,22,1,122.3,0,8,6.1,43.1,2
2026-01-18 22:45:00,6,22,1,115.4,0,8,5.8,42.9,2
2026-01-18 22:50:00,6,22,1,135.6,0,8,6.8,43.4,2
2026-01-18 22:55:00,6,22,1,110.5,0,8,5.5,42.8,2
2026-01-18 23:00:00,6,23,1,122.1,0,8,6.1,43.1,2
2026-01-18 23:05:00,6,23,1,112.1,0,8,5.6,42.8,2
2026-01-18 23:10:00,6,23,1,134.0,0,8,6.7,43.4,2
2026-01-18 23:15:00,6,23,1,151.6,0,8,7.6,43.8,2
2026-01-18 23:20:00,6,23,1,103.9,0,8,5.2,42.6,2
2026-01-18 23:25:00,6,23,1,94.6,0,8,4.7,42.4,2
2026-01-18 23:30:00,6,23,1,119.4,0,8,6.0,43.0,2
2026-01-18 23:35:00,6,23,1,120.5,0,8,6.0,43.0,2
2026-01-18 23:40:00,6,23,1,122.5,0,8,6.1,43.1,2
2026-01-18 23:45:00,6,23,1,111.6,0,8,5.6,42.8,2
2026-01-18 23:50:00,6,23,1,114.4,0,8,5.7,42.9,2
2026-01-18 23:55:00,6,23,1,122.0,0,8,6.1,43.0,2
2026-01-19 00:00:00,0,0,0,165.9,0,8,8.3,44.1,2
2026-01-19 00:05:00,0,0,0,121.0,0,8,6.0,43.0,2
2026-01-19 00:10:00,0,0,0,144.8,0,8,7.2,43.6,2
2026-01-19 00:15:00,0,0,0,153.6,0,8,7.7,43.8,2
2026-01-19 00:20:00,0,0,0,136.7,0,8,6.8,43.4,2
2026-01-19 00:25:00,0,0,0,176.4,0,8,8.8,44.4,2
2026-01-19 00:30:00,0,0,0,141.0,0,8,7.0,43.5,2
2026-01-19 00:35:00,0,0,0,149.9,0,8,7.5,43.7,2
2026-01-19 00:40:00,0,0,0,158.9,0,8,7.9,44.0,2
2026-01-19 00:45:00,0,0,0,141.7,0,8,7.1,43.5,2
2026-01-19 00:50:00,0,0,0,123.0,0,8,6.2,43.1,2
2026-01-19 00:55:00,0,0,0,144.3,0,8,7.2,43.6,2
2026-01-19 01:00:00,0,1,0,166.2,0,8,8.3,44.2,2
2026-01-19 01:05:00,0,1,0,145.8,0,8,7.3,43.6,2
2026-01-19 01:10:00,0,1,0,138.2,0,8,6.9,43.5,2
2026-01-19 01:15:00,0,1,0,164.8,0,8,8.2,44.1,2
2026-01-19 01:20:00,0,1,0,146.1,0,8,7.3,43.7,2
2026-01-19 01:25:00,0,1,0,143.4,0,8,7.2,43.6,2
2026-01-19 01:30:00,0,1,0,153.4,0,8,7.7,43.8,2
2026-01-19 01:35:00,0,1,0,162.8,0,8,8.1,44.1,2
2026-01-19 01:40:00,0,1,0,187.1,0,8,9.4,44.7,2
2026-01-19 01:45:00,0,1,0,163.9,0,8,8.2,44.1,2
2026-01-19 01:50:00,0,1,0,169.0,0,8,8.5,44.2,2
2026-01-19 01:55:00,0,1,0,144.1,0,8,7.2,43.6,2
2026-01-19 02:00:00,0,2,0,136.4,0,8,6.8,43.4,2
2026-01-19 02:05:00,0,2,0,152.8,0,8,7.6,43.8,2
2026-01-19 02:10:00,0,2,0,153.6,0,8,7.7,43.8,2
2026-01-19 02:15:00,0,2,0,136.0,0,8,6.8,43.4,2
2026-01-19 02:20:00,0,2,0,149.7,0,8,7.5,43.7,2
2026-01-19 02:25:00,0,2,0,158.5,0,8,7.9,44.0,2
2026-01-19 02:30:00,0,2,0,158.1,0,8,7.9,44.0,2
2026-01-19 02:35:00,0,2,0,160.4,0,8,8.0,44.0,2
2026-01-19 02:40:00,0,2,0,157.4,0,8,7.9,43.9,2
2026-01-19 02:45:00,0,2,0,145.6,0,8,7.3,43.6,2
2026-01-19 02:50:00,0,2,0,145.7,0,8,7.3,43.6,2
2026-01-19 02:55:00,0,2,0,135.7,0,8,6.8,43.4,2
2026-01-19 03:00:00,0,3,0,180.7,0,8,9.0,44.5,2
2026-01-19 03:05:00,0,3,0,154.3,0,8,7.7,43.9,2
2026-01-19 03:10:00,0,3,0,151.0,0,8,7.6,43.8,2
2026-01-19 03:15:00,0,3,0,140.7,0,8,7.0,43.5,2
2026-01-19 03:20:00,0,3,0,199.0,0,8,10.0,45.0,2
2026-01-19 03:25:00,0,3,0,139.2,0,8,7.0,43.5,2
2026-01-19 03:30:00,0,3,0,149.2,0,8,7.5,43.7,2
2026-01-19 03:35:00,0,3,0,162.2,0,8,8.1,44.1,2
2026-01-19 03:40:00,0,3,0,165.3,0,8,8.3,44.1,2
2026-01-19 03:45:00,0,3,0,171.1,0,8,8.6,44.3,2
2026-01-19 03:50:00,0,3,0,184.2,0,8,9.2,44.6,2
2026-01-19 03:55:00,0,3,0,165.1,0,8,8.3,44.1,2
2026-01-19 04:00:00,0,4,0,142.1,0,8,7.1,43.6,2
2026-01-19 04:05:00,0,4,0,154.6,0,8,7.7,43.9,2
2026-01-19 04:10:00,0,4,0,163.6,0,8,8.2,44.1,2
2026-01-19 04:15:00,0,4,0,190.5,0,8,9.5,44.8,2
2026-01-19 04:20:00,0,4,0,139.0,0,8,7.0,43.5,2
2026-01-19 04:25:00,0,4,0,178.6,0,8,8.9,44.5,2
2026-01-19 04:30:00,0,4,0,163.9,0,8,8.2,44.1,2
2026-01-19 04:35:00,0,4,0,174.4,0,8,8.7,44.4,2
2026-01-19 04:40:00,0,4,0,160.9,0,8,8.0,44.0,2
2026-01-19 04:45:00,0,4,0,150.5,0,8,7.5,43.8,2
2026-01-19 04:50:00,0,4,0,175.1,0,8,8.8,44.4,2
2026-01-19 04:55:00,0,4,0,174.4,0,8,8.7,44.4,2
2026-01-19 05:00:00,0,5,0,180.0,0,8,9.0,44.5,2
2026-01-19 05:05:00,0,5,0,166.0,0,8,8.3,44.2,2
2026-01-19 05:10:00,0,5,0,158.1,0,8,7.9,44.0,2
2026-01-19 05:15:00,0,5,0,144.6,0,8,7.2,43.6,2
2026-01-19 05:20:00,0,5,0,181.2,0,8,9.1,44.5,2
2026-01-19 05:25:00,0,5,0,176.2,0,8,8.8,44.4,2
2026-01-19 05:30:00,0,5,0,156.4,0,8,7.8,43.9,2
2026-01-19 05:35:00,0,5,0,163.8,0,8,8.2,44.1,2
2026-01-19 05:40:00,0,5,0,166.0,0,8,8.3,44.2,2
2026-01-19 05:45:00,0,5,0,151.9,0,8,7.6,43.8,2
2026-01-19 05:50:00,0,5,0,163.1,0,8,8.2,44.1,2
2026-01-19 05:55:00,0,5,0,159.6,0,8,8.0,44.0,2
2026-01-19 06:00:00,0,6,0,171.7,0,8,8.6,44.3,2
2026-01-19 06:05:00,0,6,0,168.1,0,8,8.4,44.2,2
2026-01-19 06:10:00,0,6,0,156.2,0,8,7.8,43.9,2
2026-01-19 06:15:00,0,6,0,212.3,0,8,10.6,45.3,2
2026-01-19 06:20:00,0,6,0,202.3,0,8,10.1,45.1,2
2026-01-19 06:25:00,0,6,0,173.3,0,8,8.7,44.3,2
2026-01-19 06:30:00,0,6,0,190.7,0,8,9.5,44.8,2
2026-01-19 06:35:00,0,6,0,194.5,0,8,9.7,44.9,2
2026-01-19 06:40:00,0,6,0,207.8,0,8,10.4,45.2,2
2026-01-19 06:45:00,0,6,0,179.4,0,8,9.0,44.5,2
2026-01-19 06:50:00,0,6,0,209.9,0,8,10.5,45.2,2
2026-01-19 06:55:00,0,6,0,187.2,0,8,9.4,44.7,2
2026-01-19 07:00:00,0,7,0,177.3,0,8,8.9,44.4,2
2026-01-19 07:05:00,0,7,0,210.2,0,8,10.5,45.3,2
2026-01-19 07:10:00,0,7,0,220.8,0,8,11.0,45.5,2
2026-01-19 07:15:00,0,7,0,242.4,0,8,12.1,46.1,2
2026-01-19 07:20:00,0,7,0,187.8,0,8,9.4,44.7,2
2026-01-19 07:25:00,0,7,0,218.5,0,8,10.9,45.5,2
2026-01-19 07:30:00,0,7,0,204.2,0,8,10.2,45.1,2
2026-01-19 07:35:00,0,7,0,224.5,0,8,11.2,45.6,2
2026-01-19 07:40:00,0,7,0,193.1,0,8,9.7,44.8,2
2026-01-19 07:45:00,0,7,0,198.8,0,8,9.9,45.0,2
2026-01-19 07:50:00,0,7,0,208.7,0,8,10.4,45.2,2
2026-01-19 07:55:00,0,7,0,224.2,0,8,11.2,45.6,2
2026-01-19 08:00:00,0,8,0,216.1,0,8,10.8,45.4,2
2026-01-19 08:05:00,0,8,0,238.4,0,8,11.9,46.0,2
2026-01-19 08:10:00,0,8,0,246.8,0,8,12.3,46.2,2
2026-01-19 08:15:00,0,8,0,243.3,0,8,12.2,46.1,2
2026-01-19 08:20:00,0,8,0,261.6,0,8,13.1,46.5,2
2026-01-19 08:25:00,0,8,0,246.6,0,8,12.3,46.2,2
2026-01-19 08:30:00,0,8,0,225.2,0,8,11.3,45.6,2
2026-01-19 08:35:00,0,8,0,267.1,0,8,13.4,46.7,2
2026-01-19 08:40:00,0,8,0,240.9,0,8,12.0,46.0,2
2026-01-19 08:45:00,0,8,0,266.9,0,8,13.3,46.7,2
2026-01-19 08:50:00,0,8,0,280.3,0,8,14.0,47.0,2
2026-01-19 08:55:00,0,8,0,267.0,0,8,13.4,46.7,2
2026-01-19 09:00:00,0,9,0,241.2,0,8,12.1,46.0,2
2026-01-19 09:05:00,0,9,0,253.4,0,8,12.7,46.3,2
2026-01-19 09:10:00,0,9,0,290.7,0,8,14.5,47.3,2
2026-01-19 09:15:00,0,9,0,272.0,0,8,13.6,46.8,2
2026-01-19 09:20:00,0,9,0,279.5,0,8,14.0,47.0,2
2026-01-19 09:25:00,0,9,0,293.5,0,8,14.7,47.3,2
2026-01-19 09:30:00,0,9,0,296.4,0,8,14.8,47.4,2
2026-01-19 09:35:00,0,9,0,294.1,0,8,14.7,47.4,2
2026-01-19 09:40:00,0,9,0,290.8,0,8,14.5,47.3,2
2026-01-19 09:45:00,0,9,0,293.2,0,8,14.7,47.3,2
2026-01-19 09:50:00,0,9,0,314.8,0,8,15.7,47.9,2
2026-01-19 09:55:00,0,9,0,314.4,0,8,15.7,47.9,2
2026-01-19 10:00:00,0,10,0,306.4,0,8,15.3,47.7,2
2026-01-19 10:05:00,0,10,0,330.7,0,8,16.5,48.3,2
2026-01-19 10:10:00,0,10,0,316.7,0,8,15.8,47.9,2
2026-01-19 10:15:00,0,10,0,310.1,0,8,15.5,47.8,2
2026-01-19 10:20:00,0,10,0,315.8,0,8,15.8,47.9,2
2026-01-19 10:25:00,0,10,0,316.9,0,8,15.8,47.9,2
2026-01-19 10:30:00,0,10,0,331.8,0,8,16.6,48.3,2
2026-01-19 10:35:00,0,10,0,358.8,0,8,17.9,49.0,2
2026-01-19 10:40:00,0,10,0,332.6,0,8,16.6,48.3,2
2026-01-19 10:45:00,0,10,0,351.9,0,8,17.6,48.8,2
2026-01-19 10:50:00,0,10,0,343.6,0,8,17.2,48.6,2
2026-01-19 10:55:00,0,10,0,354.0,0,8,17.7,48.8,2
2026-01-19 11:00:00,0,11,0,339.6,0,8,17.0,48.5,2
2026-01-19 11:05:00,0,11,0,363.4,0,8,18.2,49.1,2
2026-01-19 11:10:00,0,11,0,368.2,0,8,18.4,49.2,2
2026-01-19 11:15:00,0,11,0,383.6,0,8,19.2,49.6,3
2026-01-19 11:20:00,0,11,0,383.3,0,8,19.2,49.6,3
2026-01-19 11:25:00,0,11,0,366.3,0,8,18.3,49.2,2
2026-01-19 11:30:00,0,11,0,404.9,0,8,20.2,50.1,3
2026-01-19 11:35:00,0,11,0,396.2,0,8,19.8,49.9,3
2026-01-19 11:40:00,0,11,0,400.3,0,8,20.0,50.0,3
2026-01-19 11:45:00,0,11,0,401.5,0,8,20.1,50.0,3
2026-01-19 11:50:00,0,11,0,398.1,0,8,19.9,50.0,3
2026-01-19 11:55:00,0,11,0,413.3,0,8,20.7,50.3,3
2026-01-19 12:00:00,0,12,0,421.3,0,8,21.1,50.5,3
2026-01-19 12:05:00,0,12,0,392.1,0,8,19.6,49.8,3
2026-01-19 12:10:00,0,12,0,414.3,0,8,20.7,50.4,3
2026-01-19 12:15:00,0,12,0,422.5,0,8,21.1,50.6,3
2026-01-19 12:20:00,0,12,0,434.1,0,8,21.7,50.9,3
2026-01-19 12:25:00,0,12,0,452.0,0,8,22.6,51.3,3
2026-01-19 12:30:00,0,12,0,426.3,0,8,21.3,50.7,3
2026-01-19 12:35:00,0,12,0,434.1,0,8,21.7,50.9,3
2026-01-19 12:40:00,0,12,0,437.6,0,8,21.9,50.9,3
2026-01-19 12:45:00,0,12,0,436.8,0,8,21.8,50.9,3
2026-01-19 12:50:00,0,12,0,447.0,0,8,22.4,51.2,3
2026-01-19 12:55:00,0,12,0,467.2,0,8,23.4,51.7,3
2026-01-19 13:00:00,0,13,0,443.1,0,8,22.2,51.1,3
2026-01-19 13:05:00,0,13,0,468.5,0,8,23.4,51.7,3
2026-01-19 13:10:00,0,13,0,439.6,0,8,22.0,51.0,3
2026-01-19 13:15:00,0,13,0,459.6,0,8,23.0,51.5,3
2026-01-19 13:20:00,0,13,0,466.0,0,8,23.3,51.6,3
2026-01-19 13:25:00,0,13,0,498.7,0,8,24.9,52.5,3
2026-01-19 13:30:00,0,13,0,472.1,0,8,23.6,51.8,3
2026-01-19 13:35:00,0,13,0,445.7,0,8,22.3,51.1,3
2026-01-19 13:40:00,0,13,0,451.1,0,8,22.6,51.3,3
2026-01-19 13:45:00,0,13,0,483.8,0,8,24.2,52.1,3
2026-01-19 13:50:00,0,13,0,494.6,0,8,24.7,52.4,3
2026-01-19 13:55:00,0,13,0,493.0,0,8,24.6,52.3,3
2026-01-19 14:00:00,0,14,0,491.7,0,8,24.6,52.3,3
2026-01-19 14:05:00,0,14,0,508.4,0,8,25.4,52.7,3
2026-01-19 14:10:00,0,14,0,484.4,0,8,24.2,52.1,3
2026-01-19 14:15:00,0,14,0,507.3,0,8,25.4,52.7,3
2026-01-19 14:20:00,0,14,0,470.7,0,8,23.5,51.8,3
2026-01-19 14:25:00,0,14,0,482.7,0,8,24.1,52.1,3
2026-01-19 14:30:00,0,14,0,470.2,0,8,23.5,51.8,3
2026-01-19 14:35:00,0,14,0,494.0,0,8,24.7,52.4,3
2026-01-19 14:40:00,0,14,0,498.1,0,8,24.9,52.5,3
2026-01-19 14:45:00,0,14,0,501.0,0,8,25.0,52.5,3
2026-01-19 14:50:00,0,14,0,500.6,0,8,25.0,52.5,3
2026-01-19 14:55:00,0,14,0,486.0,0,8,24.3,52.2,3
2026-01-19 15:00:00,0,15,0,497.1,0,8,24.9,52.4,3
2026-01-19 15:05:00,0,15,0,477.5,0,8,23.9,51.9,3
2026-01-19 15:10:00,0,15,0,520.1,0,8,26.0,53.0,3
2026-01-19 15:15:00,0,15,0,494.8,0,8,24.7,52.4,3
2026-01-19 15:20:00,0,15,0,491.5,0,8,24.6,52.3,3
2026-01-19 15:25:00,0,15,0,521.9,0,8,26.1,53.0,3
2026-01-19 15:30:00,0,15,0,478.6,0,8,23.9,52.0,3
2026-01-19 15:35:00,0,15,0,479.4,0,8,24.0,52.0,3
2026-01-19 15:40:00,0,15,0,478.7,0,8,23.9,52.0,3
2026-01-19 15:45:00,0,15,0,492.9,0,8,24.6,52.3,3
2026-01-19 15:50:00,0,15,0,499.0,0,8,25.0,52.5,3
2026-01-19 15:55:00,0,15,0,502.0,0,8,25.1,52.6,3
2026-01-19 16:00:00,0,16,0,527.8,0,8,26.4,53.2,3
2026-01-19 16:05:00,0,16,0,453.7,0,8,22.7,51.3,3
2026-01-19 16:10:00,0,16,0,494.6,0,8,24.7,52.4,3
2026-01-19 16:15:00,0,16,0,475.0,0,8,23.8,51.9,3
2026-01-19 16:20:00,0,16,0,472.3,0,8,23.6,51.8,3
2026-01-19 16:25:00,0,16,0,469.4,0,8,23.5,51.7,3
2026-01-19 16:30:00,0,16,0,462.6,0,8,23.1,51.6,3
2026-01-19 16:35:00,0,16,0,498.9,0,8,24.9,52.5,3
2026-01-19 16:40:00,0,16,0,483.5,0,8,24.2,52.1,3
2026-01-19 16:45:00,0,16,0,468.4,0,8,23.4,51.7,3
2026-01-19 16:50:00,0,16,0,485.4,0,8,24.3,52.1,3
2026-01-19 16:55:00,0,16,0,439.4,0,8,22.0,51.0,3
2026-01-19 17:00:00,0,17,0,438.9,0,8,21.9,51.0,3
2026-01-19 17:05:00,0,17,0,422.9,0,8,21.1,50.6,3
2026-01-19 17:10:00,0,17,0,441.8,0,8,22.1,51.0,3
2026-01-19 17:15:00,0,17,0,451.2,0,8,22.6,51.3,3
2026-01-19 17:20:00,0,17,0,446.8,0,8,22.3,51.2,3
2026-01-19 17:25:00,0,17,0,443.9,0,8,22.2,51.1,3
2026-01-19 17:30:00,0,17,0,416.7,0,8,20.8,50.4,3
2026-01-19 17:35:00,0,17,0,446.2,0,8,22.3,51.2,3
2026-01-19 17:40:00,0,17,0,433.9,0,8,21.7,50.8,3
2026-01-19 17:45:00,0,17,0,437.3,0,8,21.9,50.9,3
2026-01-19 17:50:00,0,17,0,394.0,0,8,19.7,49.8,3
2026-01-19 17:55:00,0,17,0,423.0,0,8,21.2,50.6,3
2026-01-19 18:00:00,0,18,0,396.4,0,8,19.8,49.9,3
2026-01-19 18:05:00,0,18,0,404.1,0,8,20.2,50.1,3
2026-01-19 18:10:00,0,18,0,413.9,0,8,20.7,50.3,3
2026-01-19 18:15:00,0,18,0,403.0,0,8,20.2,50.1,3
2026-01-19 18:20:00,0,18,0,384.6,0,8,19.2,49.6,3
2026-01-19 18:25:00,0,18,0,393.1,0,8,19.7,49.8,3
2026-01-19 18:30:00,0,18,0,365.7,0,8,18.3,49.1,2
2026-01-19 18:35:00,0,18,0,401.6,0,8,20.1,50.0,3
2026-01-19 18:40:00,0,18,0,376.9,0,8,18.8,49.4,3
2026-01-19 18:45:00,0,18,0,392.3,0,8,19.6,49.8,3
2026-01-19 18:50:00,0,18,0,363.2,0,8,18.2,49.1,2
2026-01-19 18:55:00,0,18,0,358.9,0,8,17.9,49.0,2
2026-01-19 19:00:00,0,19,0,350.8,0,8,17.5,48.8,2
2026-01-19 19:05:00,0,19,0,371.0,0,8,18.6,49.3,2
2026-01-19 19:10:00,0,19,0,342.8,0,8,17.1,48.6,2
2026-01-19 19:15:00,0,19,0,358.7,0,8,17.9,49.0,2
2026-01-19 19:20:00,0,19,0,338.9,0,8,16.9,48.5,2
2026-01-19 19:25:00,0,19,0,310.6,0,8,15.5,47.8,2
2026-01-19 19:30:00,0,19,0,327.3,0,8,16.4,48.2,2
2026-01-19 19:35:00,0,19,0,313.9,0,8,15.7,47.8,2
2026-01-19 19:40:00,0,19,0,327.7,0,8,16.4,48.2,2
2026-01-19 19:45:00,0,19,0,305.1,0,8,15.3,47.6,2
2026-01-19 19:50:00,0,19,0,332.6,0,8,16.6,48.3,2
2026-01-19 19:55:00,0,19,0,313.1,0,8,15.7,47.8,2
2026-01-19 20:00:00,0,20,0,307.6,0,8,15.4,47.7,2
2026-01-19 20:05:00,0,20,0,315.9,0,8,15.8,47.9,2
2026-01-19 20:10:00,0,20,0,316.4,0,8,15.8,47.9,2
2026-01-19 20:15:00,0,20,0,297.6,0,8,14.9,47.4,2
2026-01-19 20:20:00,0,20,0,282.3,0,8,14.1,47.1,2
2026-01-19 20:25:00,0,20,0,263.3,0,8,13.2,46.6,2
2026-01-19 20:30:00,0,20,0,275.7,0,8,13.8,46.9,2
2026-01-19 20:35:00,0,20,0,272.9,0,8,13.6,46.8,2
2026-01-19 20:40:00,0,20,0,279.9,0,8,14.0,47.0,2
2026-01-19 20:45:00,0,20,0,269.4,0,8,13.5,46.7,2
2026-01-19 20:50:00,0,20,0,281.2,0,8,14.1,47.0,2
2026-01-19 20:55:00,0,20,0,258.0,0,8,12.9,46.4,2
2026-01-19 21:00:00,0,21,0,262.8,0,8,13.1,46.6,2
2026-01-19 21:05:00,0,21,0,277.9,0,8,13.9,46.9,2
2026-01-19 21:10:00,0,21,0,261.8,0,8,13.1,46.5,2
2026-01-19 21:15:00,0,21,0,252.4,0,8,12.6,46.3,2
2026-01-19 21:20:00,0,21,0,240.9,0,8,12.0,46.0,2
2026-01-19 21:25:00,0,21,0,237.2,0,8,11.9,45.9,2
2026-01-19 21:30:00,0,21,0,230.7,0,8,11.5,45.8,2
2026-01-19 21:35:00,0,21,0,232.2,0,8,11.6,45.8,2
2026-01-19 21:40:00,0,21,0,248.6,0,8,12.4,46.2,2
2026-01-19 21:45:00,0,21,0,230.9,0,8,11.5,45.8,2
2026-01-19 21:50:00,0,21,0,211.1,0,8,10.6,45.3,2
2026-01-19 21:55:00,0,21,0,255.0,0,8,12.8,46.4,2
2026-01-19 22:00:00,0,22,0,230.5,0,8,11.5,45.8,2
2026-01-19 22:05:00,0,22,0,201.9,0,8,10.1,45.0,2
2026-01-19 22:10:00,0,22,0,213.7,0,8,10.7,45.3,2
2026-01-19 22:15:00,0,22,0,219.4,0,8,11.0,45.5,2
2026-01-19 22:20:00,0,22,0,240.8,0,8,12.0,46.0,2
2026-01-19 22:25:00,0,22,0,196.1,0,8,9.8,44.9,2
2026-01-19 22:30:00,0,22,0,225.0,0,8,11.2,45.6,2
2026-01-19 22:35:00,0,22,0,229.0,0,8,11.5,45.7,2
2026-01-19 22:40:00,0,22,0,196.3,0,8,9.8,44.9,2
2026-01-19 22:45:00,0,22,0,199.4,0,8,10.0,45.0,2
2026-01-19 22:50:00,0,22,0,185.9,0,8,9.3,44.6,2
2026-01-19 22:55:00,0,22,0,196.3,0,8,9.8,44.9,2
2026-01-19 23:00:00,0,23,0,196.8,0,8,9.8,44.9,2
2026-01-19 23:05:00,0,23,0,205.3,0,8,10.3,45.1,2
2026-01-19 23:10:00,0,23,0,209.9,0,8,10.5,45.2,2
2026-01-19 23:15:00,0,23,0,180.5,0,8,9.0,44.5,2
2026-01-19 23:20:00,0,23,0,160.4,0,8,8.0,44.0,2
2026-01-19 23:25:00,0,23,0,187.9,0,8,9.4,44.7,2
2026-01-19 23:30:00,0,23,0,191.0,0,8,9.6,44.8,2
2026-01-19 23:35:00,0,23,0,188.8,0,8,9.4,44.7,2
2026-01-19 23:40:00,0,23,0,178.6,0,8,8.9,44.5,2
2026-01-19 23:45:00,0,23,0,183.9,0,8,9.2,44.6,2
2026-01-19 23:50:00,0,23,0,203.3,0,8,10.2,45.1,2
2026-01-19 23:55:00,0,23,0,184.9,0,8,9.2,44.6,2
2026-01-20 00:00:00,1,0,0,144.7,0,8,7.2,43.6,2
2026-01-20 00:05:00,1,0,0,142.8,0,8,7.1,43.6,2
2026-01-20 00:10:00,1,0,0,147.8,0,8,7.4,43.7,2
2026-01-20 00:15:00,1,0,0,174.9,0,8,8.7,44.4,2
2026-01-20 00:20:00,1,0,0,147.7,0,8,7.4,43.7,2
2026-01-20 00:25:00,1,0,0,150.2,0,8,7.5,43.8,2
2026-01-20 00:30:00,1,0,0,143.3,0,8,7.2,43.6,2
2026-01-20 00:35:00,1,0,0,167.0,0,8,8.4,44.2,2
2026-01-20 00:40:00,1,0,0,180.0,0,8,9.0,44.5,2
2026-01-20 00:45:00,1,0,0,157.4,0,8,7.9,43.9,2
2026-01-20 00:50:00,1,0,0,151.9,0,8,7.6,43.8,2
2026-01-20 00:55:00,1,0,0,151.3,0,8,7.6,43.8,2
2026-01-20 01:00:00,1,1,0,115.0,0,8,5.8,42.9,2
2026-01-20 01:05:00,1,1,0,162.0,0,8,8.1,44.0,2
2026-01-20 01:10:00,1,1,0,152.9,0,8,7.6,43.8,2
2026-01-20 01:15:00,1,1,0,157.4,0,8,7.9,43.9,2
2026-01-20 01:20:00,1,1,0,140.3,0,8,7.0,43.5,2
2026-01-20 01:25:00,1,1,0,145.3,0,8,7.3,43.6,2
2026-01-20 01:30:00,1,1,0,145.0,0,8,7.2,43.6,2
2026-01-20 01:35:00,1,1,0,166.6,0,8,8.3,44.2,2
2026-01-20 01:40:00,1,1,0,145.7,0,8,7.3,43.6,2
2026-01-20 01:45:00,1,1,0,182.7,0,8,9.1,44.6,2
2026-01-20 01:50:00,1,1,0,158.0,0,8,7.9,44.0,2
2026-01-20 01:55:00,1,1,0,132.5,0,8,6.6,43.3,2
2026-01-20 02:00:00,1,2,0,149.9,0,8,7.5,43.7,2
2026-01-20 02:05:00,1,2,0,142.1,0,8,7.1,43.6,2
2026-01-20 02:10:00,1,2,0,119.1,0,8,6.0,43.0,2
2026-01-20 02:15:00,1,2,0,176.2,0,8,8.8,44.4,2
2026-01-20 02:20:00,1,2,0,162.9,0,8,8.1,44.1,2
2026-01-20 02:25:00,1,2,0,160.5,0,8,8.0,44.0,2
2026-01-20 02:30:00,1,2,0,155.1,0,8,7.8,43.9,2
2026-01-20 02:35:00,1,2,0,132.1,0,8,6.6,43.3,2
2026-01-20 02:40:00,1,2,0,145.8,0,8,7.3,43.6,2
2026-01-20 02:45:00,1,2,0,165.8,0,8,8.3,44.1,2
2026-01-20 02:50:00,1,2,0,137.7,0,8,6.9,43.4,2
2026-01-20 02:55:00,1,2,0,115.7,0,8,5.8,42.9,2
2026-01-20 03:00:00,1,3,0,150.5,0,8,7.5,43.8,2
2026-01-20 03:05:00,1,3,0,152.0,0,8,7.6,43.8,2
2026-01-20 03:10:00,1,3,0,156.4,0,8,7.8,43.9,2
2026-01-20 03:15:00,1,3,0,165.6,0,8,8.3,44.1,2
2026-01-20 03:20:00,1,3,0,164.5,0,8,8.2,44.1,2
2026-01-20 03:25:00,1,3,0,159.2,0,8,8.0,44.0,2
2026-01-20 03:30:00,1,3,0,173.5,0,8,8.7,44.3,2
2026-01-20 03:35:00,1,3,0,133.2,0,8,6.7,43.3,2
2026-01-20 03:40:00,1,3,0,163.9,0,8,8.2,44.1,2
2026-01-20 03:45:00,1,3,0,166.1,0,8,8.3,44.2,2
2026-01-20 03:50:00,1,3,0,138.5,0,8,6.9,43.5,2
2026-01-20 03:55:00,1,3,0,135.0,0,8,6.8,43.4,2
2026-01-20 04:00:00,1,4,0,146.8,0,8,7.3,43.7,2
2026-01-20 04:05:00,1,4,0,148.5,0,8,7.4,43.7,2
2026-01-20 04:10:00,1,4,0,170.2,0,8,8.5,44.3,2
2026-01-20 04:15:00,1,4,0,150.2,0,8,7.5,43.8,2
2026-01-20 04:20:00,1,4,0,147.2,0,8,7.4,43.7,2
2026-01-20 04:25:00,1,4,0,151.4,0,8,7.6,43.8,2
2026-01-20 04:30:00,1,4,0,177.9,0,8,8.9,44.4,2
2026-01-20 04:35:00,1,4,0,162.0,0,8,8.1,44.0,2
2026-01-20 04:40:00,1,4,0,159.8,0,8,8.0,44.0,2
2026-01-20 04:45:00,1,4,0,161.5,0,8,8.1,44.0,2
2026-01-20 04:50:00,1,4,0,183.2,0,8,9.2,44.6,2
2026-01-20 04:55:00,1,4,0,153.4,0,8,7.7,43.8,2
2026-01-20 05:00:00,1,5,0,185.1,0,8,9.3,44.6,2
2026-01-20 05:05:00,1,5,0,169.4,0,8,8.5,44.2,2
2026-01-20 05:10:00,1,5,0,164.6,0,8,8.2,44.1,2
2026-01-20 05:15:00,1,5,0,205.5,0,8,10.3,45.1,2
2026-01-20 05:20:00,1,5,0,153.0,0,8,7.6,43.8,2
2026-01-20 05:25:00,1,5,0,164.5,0,8,8.2,44.1,2
2026-01-20 05:30:00,1,5,0,152.4,0,8,7.6,43.8,2
2026-01-20 05:35:00,1,5,0,186.2,1,8,9.3,44.7,2
2026-01-20 05:40:00,1,5,0,659.2,1,8,33.0,56.5,4
2026-01-20 05:45:00,1,5,0,1069.1,1,8,53.5,66.7,6
2026-01-20 05:50:00,1,5,0,1333.3,1,8,66.7,73.3,8
2026-01-20 05:55:00,1,5,0,1335.1,1,8,66.8,73.4,8
2026-01-20 06:00:00,1,6,0,1325.6,1,8,66.3,73.1,8
2026-01-20 06:05:00,1,6,0,1060.8,1,8,53.0,66.5,6
2026-01-20 06:10:00,1,6,0,1132.9,1,8,56.6,68.3,7
2026-01-20 06:15:00,1,6,0,628.2,1,8,31.4,55.7,4
2026-01-20 06:20:00,1,6,0,176.1,0,8,8.8,44.4,2
2026-01-20 06:25:00,1,6,0,204.9,0,8,10.2,45.1,2
2026-01-20 06:30:00,1,6,0,172.0,0,8,8.6,44.3,2
2026-01-20 06:35:00,1,6,0,194.4,0,8,9.7,44.9,2
2026-01-20 06:40:00,1,6,0,187.4,0,8,9.4,44.7,2
2026-01-20 06:45:00,1,6,0,201.3,0,8,10.1,45.0,2
2026-01-20 06:50:00,1,6,0,192.6,0,8,9.6,44.8,2
2026-01-20 06:55:00,1,6,0,173.7,0,8,8.7,44.3,2
2026-01-20 07:00:00,1,7,0,198.5,0,8,9.9,45.0,2
2026-01-20 07:05:00,1,7,0,215.1,0,8,10.8,45.4,2
2026-01-20 07:10:00,1,7,0,201.0,0,8,10.0,45.0,2
2026-01-20 07:15:00,1,7,0,215.2,0,8,10.8,45.4,2
2026-01-20 07:20:00,1,7,0,190.1,0,8,9.5,44.8,2
2026-01-20 07:25:00,1,7,0,207.6,0,8,10.4,45.2,2
2026-01-20 07:30:00,1,7,0,201.0,0,8,10.0,45.0,2
2026-01-20 07:35:00,1,7,0,223.9,0,8,11.2,45.6,2
2026-01-20 07:40:00,1,7,0,215.7,0,8,10.8,45.4,2
2026-01-20 07:45:00,1,7,0,228.1,0,8,11.4,45.7,2
2026-01-20 07:50:00,1,7,0,236.6,0,8,11.8,45.9,2
2026-01-20 07:55:00,1,7,0,233.3,0,8,11.7,45.8,2
2026-01-20 08:00:00,1,8,0,229.8,0,8,11.5,45.7,2
2026-01-20 08:05:00,1,8,0,213.5,0,8,10.7,45.3,2
2026-01-20 08:10:00,1,8,0,231.3,0,8,11.6,45.8,2
2026-01-20 08:15:00,1,8,0,226.3,0,8,11.3,45.7,2
2026-01-20 08:20:00,1,8,0,232.1,0,8,11.6,45.8,2
2026-01-20 08:25:00,1,8,0,234.7,0,8,11.7,45.9,2
2026-01-20 08:30:00,1,8,0,228.8,0,8,11.4,45.7,2
2026-01-20 08:35:00,1,8,0,217.3,0,8,10.9,45.4,2
2026-01-20 08:40:00,1,8,0,239.9,0,8,12.0,46.0,2
2026-01-20 08:45:00,1,8,0,256.2,0,8,12.8,46.4,2
2026-01-20 08:50:00,1,8,0,236.4,0,8,11.8,45.9,2
2026-01-20 08:55:00,1,8,0,260.3,0,8,13.0,46.5,2
2026-01-20 09:00:00,1,9,0,292.1,0,8,14.6,47.3,2
2026-01-20 09:05:00,1,9,0,282.6,0,8,14.1,47.1,2
2026-01-20 09:10:00,1,9,0,295.5,0,8,14.8,47.4,2
2026-01-20 09:15:00,1,9,0,280.4,0,8,14.0,47.0,2
2026-01-20 09:20:00,1,9,0,295.8,0,8,14.8,47.4,2
2026-01-20 09:25:00,1,9,0,271.3,0,8,13.6,46.8,2
2026-01-20 09:30:00,1,9,0,276.3,0,8,13.8,46.9,2
2026-01-20 09:35:00,1,9,0,248.8,0,8,12.4,46.2,2
2026-01-20 09:40:00,1,9,0,311.7,0,8,15.6,47.8,2
2026-01-20 09:45:00,1,9,0,321.0,0,8,16.0,48.0,2
2026-01-20 09:50:00,1,9,0,293.7,0,8,14.7,47.3,2
2026-01-20 09:55:00,1,9,0,302.3,0,8,15.1,47.6,2
2026-01-20 10:00:00,1,10,0,298.9,0,8,14.9,47.5,2
2026-01-20 10:05:00,1,10,0,320.2,0,8,16.0,48.0,2
2026-01-20 10:10:00,1,10,0,335.5,0,8,16.8,48.4,2
2026-01-20 10:15:00,1,10,0,296.8,0,8,14.8,47.4,2
2026-01-20 10:20:00,1,10,0,333.4,0,8,16.7,48.3,2
2026-01-20 10:25:00,1,10,0,327.4,0,8,16.4,48.2,2
2026-01-20 10:30:00,1,10,0,337.6,0,8,16.9,48.4,2
2026-01-20 10:35:00,1,10,0,347.1,0,8,17.4,48.7,2
2026-01-20 10:40:00,1,10,0,341.8,0,8,17.1,48.5,2
2026-01-20 10:45:00,1,10,0,347.5,0,8,17.4,48.7,2
2026-01-20 10:50:00,1,10,0,350.2,0,8,17.5,48.8,2
2026-01-20 10:55:00,1,10,0,372.4,0,8,18.6,49.3,2
2026-01-20 11:00:00,1,11,0,368.6,0,8,18.4,49.2,2
2026-01-20 11:05:00,1,11,0,370.0,0,8,18.5,49.2,2
2026-01-20 11:10:00,1,11,0,352.1,0,8,17.6,48.8,2
2026-01-20 11:15:00,1,11,0,369.9,0,8,18.5,49.2,2
2026-01-20 11:20:00,1,11,0,393.4,0,8,19.7,49.8,3
2026-01-20 11:25:00,1,11,0,384.9,0,8,19.2,49.6,3
2026-01-20 11:30:00,1,11,0,398.6,0,8,19.9,50.0,3
2026-01-20 11:35:00,1,11,0,419.5,0,8,21.0,50.5,3
2026-01-20 11:40:00,1,11,0,412.9,0,8,20.6,50.3,3
2026-01-20 11:45:00,1,11,0,403.0,0,8,20.2,50.1,3
2026-01-20 11:50:00,1,11,0,398.2,0,8,19.9,50.0,3
2026-01-20 11:55:00,1,11,0,371.7,0,8,18.6,49.3,2
2026-01-20 12:00:00,1,12,0,411.7,0,8,20.6,50.3,3
2026-01-20 12:05:00,1,12,0,413.4,0,8,20.7,50.3,3
2026-01-20 12:10:00,1,12,0,428.2,0,8,21.4,50.7,3
2026-01-20 12:15:00,1,12,0,424.0,0,8,21.2,50.6,3
2026-01-20 12:20:00,1,12,0,425.5,0,8,21.3,50.6,3
2026-01-20 12:25:00,1,12,0,407.4,0,8,20.4,50.2,3
2026-01-20 12:30:00,1,12,0,423.8,0,8,21.2,50.6,3
2026-01-20 12:35:00,1,12,0,448.8,0,8,22.4,51.2,3
2026-01-20 12:40:00,1,12,0,471.0,0,8,23.5,51.8,3
2026-01-20 12:45:00,1,12,0,447.3,0,8,22.4,51.2,3
2026-01-20 12:50:00,1,12,0,457.2,0,8,22.9,51.4,3
2026-01-20 12:55:00,1,12,0,469.9,0,8,23.5,51.7,3
2026-01-20 13:00:00,1,13,0,446.7,0,8,22.3,51.2,3
2026-01-20 13:05:00,1,13,0,467.5,0,8,23.4,51.7,3
2026-01-20 13:10:00,1,13,0,454.0,0,8,22.7,51.4,3
2026-01-20 13:15:00,1,13,0,481.0,0,8,24.0,52.0,3
2026-01-20 13:20:00,1,13,0,473.2,0,8,23.7,51.8,3
2026-01-20 13:25:00,1,13,0,478.1,0,8,23.9,52.0,3
2026-01-20 13:30:00,1,13,0,464.5,0,8,23.2,51.6,3
2026-01-20 13:35:00,1,13,0,489.3,0,8,24.5,52.2,3
2026-01-20 13:40:00,1,13,0,512.4,0,8,25.6,52.8,3
2026-01-20 13:45:00,1,13,0,468.2,0,8,23.4,51.7,3
2026-01-20 13:50:00,1,13,0,480.3,0,8,24.0,52.0,3
2026-01-20 13:55:00,1,13,0,490.9,0,8,24.5,52.3,3
2026-01-20 14:00:00,1,14,0,501.0,0,8,25.0,52.5,3
2026-01-20 14:05:00,1,14,0,482.5,0,8,24.1,52.1,3
2026-01-20 14:10:00,1,14,0,450.0,0,8,22.5,51.2,3
2026-01-20 14:15:00,1,14,0,514.3,0,8,25.7,52.9,3
2026-01-20 14:20:00,1,14,0,506.6,0,8,25.3,52.7,3
2026-01-20 14:25:00,1,14,0,470.2,0,8,23.5,51.8,3
2026-01-20 14:30:00,1,14,0,488.2,0,8,24.4,52.2,3
2026-01-20 14:35:00,1,14,0,521.6,0,8,26.1,53.0,3
2026-01-20 14:40:00,1,14,0,520.5,0,8,26.0,53.0,3
2026-01-20 14:45:00,1,14,0,513.4,0,8,25.7,52.8,3
2026-01-20 14:50:00,1,14,0,497.1,0,8,24.9,52.4,3
2026-01-20 14:55:00,1,14,0,501.2,0,8,25.1,52.5,3
2026-01-20 15:00:00,1,15,0,498.0,0,8,24.9,52.4,3
2026-01-20 15:05:00,1,15,0,516.8,0,8,25.8,52.9,3
2026-01-20 15:10:00,1,15,0,486.6,0,8,24.3,52.2,3
2026-01-20 15:15:00,1,15,0,487.2,0,8,24.4,52.2,3
2026-01-20 15:20:00,1,15,0,513.9,0,8,25.7,52.8,3
2026-01-20 15:25:00,1,15,0,497.4,0,8,24.9,52.4,3
2026-01-20 15:30:00,1,15,0,518.0,0,8,25.9,53.0,3
2026-01-20 15:35:00,1,15,0,486.2,0,8,24.3,52.2,3
2026-01-20 15:40:00,1,15,0,494.4,0,8,24.7,52.4,3
2026-01-20 15:45:00,1,15,0,480.1,0,8,24.0,52.0,3
2026-01-20 15:50:00,1,15,0,492.6,0,8,24.6,52.3,3
2026-01-20 15:55:00,1,15,0,468.8,0,8,23.4,51.7,3
2026-01-20 16:00:00,1,16,0,481.9,0,8,24.1,52.0,3
2026-01-20 16:05:00,1,16,0,465.9,0,8,23.3,51.6,3
2026-01-20 16:10:00,1,16,0,495.8,0,8,24.8,52.4,3
2026-01-20 16:15:00,1,16,0,494.1,0,8,24.7,52.4,3
2026-01-20 16:20:00,1,16,0,455.1,0,8,22.8,51.4,3
2026-01-20 16:25:00,1,16,0,498.7,0,8,24.9,52.5,3
2026-01-20 16:30:00,1,16,0,513.7,0,8,25.7,52.8,3
2026-01-20 16:35:00,1,16,0,474.3,0,8,23.7,51.9,3
2026-01-20 16:40:00,1,16,0,461.3,0,8,23.1,51.5,3
2026-01-20 16:45:00,1,16,0,510.4,0,8,25.5,52.8,3
2026-01-20 16:50:00,1,16,0,445.3,0,8,22.3,51.1,3
2026-01-20 16:55:00,1,16,0,462.3,0,8,23.1,51.6,3
2026-01-20 17:00:00,1,17,0,461.6,0,8,23.1,51.5,3
2026-01-20 17:05:00,1,17,0,475.8,0,8,23.8,51.9,3
2026-01-20 17:10:00,1,17,0,457.6,0,8,22.9,51.4,3
2026-01-20 17:15:00,1,17,0,441.3,0,8,22.1,51.0,3
2026-01-20 17:20:00,1,17,0,431.0,0,8,21.6,50.8,3
2026-01-20 17:25:00,1,17,0,436.5,0,8,21.8,50.9,3
2026-01-20 17:30:00,1,17,0,422.8,0,8,21.1,50.6,3
2026-01-20 17:35:00,1,17,0,434.8,0,8,21.7,50.9,3
2026-01-20 17:40:00,1,17,0,421.8,0,8,21.1,50.5,3
2026-01-20 17:45:00,1,17,0,403.9,0,8,20.2,50.1,3
2026-01-20 17:50:00,1,17,0,441.2,0,8,22.1,51.0,3
2026-01-20 17:55:00,1,17,0,410.8,0,8,20.5,50.3,3
2026-01-20 18:00:00,1,18,0,395.2,0,8,19.8,49.9,3
2026-01-20 18:05:00,1,18,0,407.5,0,8,20.4,50.2,3
2026-01-20 18:10:00,1,18,0,406.9,0,8,20.3,50.2,3
2026-01-20 18:15:00,1,18,0,375.4,0,8,18.8,49.4,3
2026-01-20 18:20:00,1,18,0,402.3,0,8,20.1,50.1,3
2026-01-20 18:25:00,1,18,0,377.3,0,8,18.9,49.4,3
2026-01-20 18:30:00,1,18,0,414.3,0,8,20.7,50.4,3
2026-01-20 18:35:00,1,18,0,392.2,0,8,19.6,49.8,3
2026-01-20 18:40:00,1,18,0,373.9,0,8,18.7,49.3,2
2026-01-20 18:45:00,1,18,0,364.4,0,8,18.2,49.1,2
2026-01-20 18:50:00,1,18,0,369.6,0,8,18.5,49.2,2
2026-01-20 18:55:00,1,18,0,375.9,0,8,18.8,49.4,3
2026-01-20 19:00:00,1,19,0,361.9,0,8,18.1,49.0,2
2026-01-20 19:05:00,1,19,0,354.6,0,8,17.7,48.9,2
2026-01-20 19:10:00,1,19,0,354.3,0,8,17.7,48.9,2
2026-01-20 19:15:00,1,19,0,340.0,0,8,17.0,48.5,2
2026-01-20 19:20:00,1,19,0,339.5,0,8,17.0,48.5,2
2026-01-20 19:25:00,1,19,0,309.0,0,8,15.4,47.7,2
2026-01-20 19:30:00,1,19,0,350.5,0,8,17.5,48.8,2
2026-01-20 19:35:00,1,19,0,336.0,0,8,16.8,48.4,2
2026-01-20 19:40:00,1,19,0,315.6,0,8,15.8,47.9,2
2026-01-20 19:45:00,1,19,0,351.4,0,8,17.6,48.8,2
2026-01-20 19:50:00,1,19,0,320.0,0,8,16.0,48.0,2
2026-01-20 19:55:00,1,19,0,298.9,0,8,14.9,47.5,2
2026-01-20 20:00:00,1,20,0,323.1,0,8,16.2,48.1,2
2026-01-20 20:05:00,1,20,0,312.1,0,8,15.6,47.8,2
2026-01-20 20:10:00,1,20,0,307.9,0,8,15.4,47.7,2
2026-01-20 20:15:00,1,20,0,291.5,0,8,14.6,47.3,2
2026-01-20 20:20:00,1,20,0,300.6,0,8,15.0,47.5,2
2026-01-20 20:25:00,1,20,0,286.0,0,8,14.3,47.2,2
2026-01-20 20:30:00,1,20,0,294.3,0,8,14.7,47.4,2
2026-01-20 20:35:00,1,20,0,253.6,0,8,12.7,46.3,2
2026-01-20 20:40:00,1,20,0,271.8,0,8,13.6,46.8,2
2026-01-20 20:45:00,1,20,0,300.4,0,8,15.0,47.5,2
2026-01-20 20:50:00,1,20,0,259.3,0,8,13.0,46.5,2
2026-01-20 20:55:00,1,20,0,258.2,0,8,12.9,46.5,2
2026-01-20 21:00:00,1,21,0,256.9,0,8,12.8,46.4,2
2026-01-20 21:05:00,1,21,0,241.9,0,8,12.1,46.0,2
2026-01-20 21:10:00,1,21,0,223.5,0,8,11.2,45.6,2
2026-01-20 21:15:00,1,21,0,249.8,0,8,12.5,46.2,2
2026-01-20 21:20:00,1,21,0,252.0,0,8,12.6,46.3,2
2026-01-20 21:25:00,1,21,0,245.9,0,8,12.3,46.1,2
2026-01-20 21:30:00,1,21,0,241.3,0,8,12.1,46.0,2
2026-01-20 21:35:00,1,21,0,241.0,0,8,12.0,46.0,2
2026-01-20 21:40:00,1,21,0,252.6,0,8,12.6,46.3,2
2026-01-20 21:45:00,1,21,0,231.4,0,8,11.6,45.8,2
2026-01-20 21:50:00,1,21,0,222.7,0,8,11.1,45.6,2
2026-01-20 21:55:00,1,21,0,224.3,0,8,11.2,45.6,2
2026-01-20 22:00:00,1,22,0,234.4,0,8,11.7,45.9,2
2026-01-20 22:05:00,1,22,0,244.1,0,8,12.2,46.1,2
2026-01-20 22:10:00,1,22,0,210.9,0,8,10.5,45.3,2
2026-01-20 22:15:00,1,22,0,219.2,0,8,11.0,45.5,2
2026-01-20 22:20:00,1,22,0,220.3,0,8,11.0,45.5,2
2026-01-20 22:25:00,1,22,0,197.8,0,8,9.9,44.9,2
2026-01-20 22:30:00,1,22,0,210.7,0,8,10.5,45.3,2
2026-01-20 22:35:00,1,22,0,186.0,0,8,9.3,44.6,2
2026-01-20 22:40:00,1,22,0,179.2,0,8,9.0,44.5,2
2026-01-20 22:45:00,1,22,0,209.1,0,8,10.5,45.2,2
2026-01-20 22:50:00,1,22,0,195.7,0,8,9.8,44.9,2
2026-01-20 22:55:00,1,22,0,202.4,0,8,10.1,45.1,2
2026-01-20 23:00:00,1,23,0,197.1,0,8,9.9,44.9,2
2026-01-20 23:05:00,1,23,0,180.8,0,8,9.0,44.5,2
2026-01-20 23:10:00,1,23,0,192.9,0,8,9.6,44.8,2
2026-01-20 23:15:00,1,23,0,173.2,0,8,8.7,44.3,2
2026-01-20 23:20:00,1,23,0,210.8,0,8,10.5,45.3,2
2026-01-20 23:25:00,1,23,0,167.9,0,8,8.4,44.2,2
2026-01-20 23:30:00,1,23,0,183.7,0,8,9.2,44.6,2
2026-01-20 23:35:00,1,23,0,169.4,0,8,8.5,44.2,2
2026-01-20 23:40:00,1,23,0,192.0,0,8,9.6,44.8,2
2026-01-20 23:45:00,1,23,0,177.0,0,8,8.8,44.4,2
2026-01-20 23:50:00,1,23,0,172.8,0,8,8.6,44.3,2
2026-01-20 23:55:00,1,23,0,192.0,0,8,9.6,44.8,2
2026-01-21 00:00:00,2,0,0,150.8,0,8,7.5,43.8,2
2026-01-21 00:05:00,2,0,0,158.1,0,8,7.9,44.0,2
2026-01-21 00:10:00,2,0,0,135.6,0,8,6.8,43.4,2
2026-01-21 00:15:00,2,0,0,129.3,0,8,6.5,43.2,2
2026-01-21 00:20:00,2,0,0,152.0,0,8,7.6,43.8,2
2026-01-21 00:25:00,2,0,0,145.7,0,8,7.3,43.6,2
2026-01-21 00:30:00,2,0,0,159.9,0,8,8.0,44.0,2
2026-01-21 00:35:00,2,0,0,149.3,0,8,7.5,43.7,2
2026-01-21 00:40:00,2,0,0,153.6,0,8,7.7,43.8,2
2026-01-21 00:45:00,2,0,0,126.3,0,8,6.3,43.2,2
2026-01-21 00:50:00,2,0,0,179.0,0,8,9.0,44.5,2
2026-01-21 00:55:00,2,0,0,148.2,0,8,7.4,43.7,2
2026-01-21 01:00:00,2,1,0,161.2,0,8,8.1,44.0,2
2026-01-21 01:05:00,2,1,0,138.3,0,8,6.9,43.5,2
2026-01-21 01:10:00,2,1,0,155.5,0,8,7.8,43.9,2
2026-01-21 01:15:00,2,1,0,131.4,0,8,6.6,43.3,2
2026-01-21 01:20:00,2,1,0,157.8,0,8,7.9,43.9,2
2026-01-21 01:25:00,2,1,0,145.8,0,8,7.3,43.6,2
2026-01-21 01:30:00,2,1,0,151.6,0,8,7.6,43.8,2
2026-01-21 01:35:00,2,1,0,161.7,0,8,8.1,44.0,2
2026-01-21 01:40:00,2,1,0,132.9,0,8,6.6,43.3,2
2026-01-21 01:45:00,2,1,0,141.2,0,8,7.1,43.5,2
2026-01-21 01:50:00,2,1,0,158.4,0,8,7.9,44.0,2
2026-01-21 01:55:00,2,1,0,183.1,0,8,9.2,44.6,2
2026-01-21 02:00:00,2,2,0,149.7,0,8,7.5,43.7,2
2026-01-21 02:05:00,2,2,0,160.8,0,8,8.0,44.0,2
2026-01-21 02:10:00,2,2,0,150.4,0,8,7.5,43.8,2
2026-01-21 02:15:00,2,2,0,181.3,0,8,9.1,44.5,2
2026-01-21 02:20:00,2,2,0,126.1,0,8,6.3,43.2,2
2026-01-21 02:25:00,2,2,0,153.9,0,8,7.7,43.8,2
2026-01-21 02:30:00,2,2,0,128.3,0,8,6.4,43.2,2
2026-01-21 02:35:00,2,2,0,115.2,0,8,5.8,42.9,2
2026-01-21 02:40:00,2,2,0,157.5,0,8,7.9,43.9,2
2026-01-21 02:45:00,2,2,0,155.3,0,8,7.8,43.9,2
2026-01-21 02:50:00,2,2,0,149.2,0,8,7.5,43.7,2
2026-01-21 02:55:00,2,2,0,152.1,0,8,7.6,43.8,2
2026-01-21 03:00:00,2,3,0,200.4,0,8,10.0,45.0,2
2026-01-21 03:05:00,2,3,0,150.3,0,8,7.5,43.8,2
2026-01-21 03:10:00,2,3,0,162.1,0,8,8.1,44.1,2
2026-01-21 03:15:00,2,3,0,144.9,0,8,7.2,43.6,2
2026-01-21 03:20:00,2,3,0,159.4,0,8,8.0,44.0,2
2026-01-21 03:25:00,2,3,0,151.7,0,8,7.6,43.8,2
2026-01-21 03:30:00,2,3,0,149.5,0,8,7.5,43.7,2
2026-01-21 03:35:00,2,3,0,183.2,0,8,9.2,44.6,2
2026-01-21 03:40:00,2,3,0,174.0,0,8,8.7,44.4,2
2026-01-21 03:45:00,2,3,0,158.8,0,8,7.9,44.0,2
2026-01-21 03:50:00,2,3,0,122.5,0,8,6.1,43.1,2
2026-01-21 03:55:00,2,3,0,152.1,0,8,7.6,43.8,2
2026-01-21 04:00:00,2,4,0,198.5,0,8,9.9,45.0,2
2026-01-21 04:05:00,2,4,0,155.0,0,8,7.8,43.9,2
2026-01-21 04:10:00,2,4,0,175.5,0,8,8.8,44.4,2
2026-01-21 04:15:00,2,4,0,181.1,0,8,9.1,44.5,2
2026-01-21 04:20:00,2,4,0,163.3,0,8,8.2,44.1,2
2026-01-21 04:25:00,2,4,0,147.9,0,8,7.4,43.7,2
2026-01-21 04:30:00,2,4,0,124.6,0,8,6.2,43.1,2
2026-01-21 04:35:00,2,4,0,172.1,0,8,8.6,44.3,2
2026-01-21 04:40:00,2,4,0,150.2,0,8,7.5,43.8,2
2026-01-21 04:45:00,2,4,0,165.8,0,8,8.3,44.1,2
2026-01-21 04:50:00,2,4,0,145.1,0,8,7.3,43.6,2
2026-01-21 04:55:00,2,4,0,160.6,0,8,8.0,44.0,2
2026-01-21 05:00:00,2,5,0,165.9,0,8,8.3,44.1,2
2026-01-21 05:05:00,2,5,0,170.2,0,8,8.5,44.3,2
2026-01-21 05:10:00,2,5,0,150.3,0,8,7.5,43.8,2
2026-01-21 05:15:00,2,5,0,185.9,0,8,9.3,44.6,2
2026-01-21 05:20:00,2,5,0,159.9,0,8,8.0,44.0,2
2026-01-21 05:25:00,2,5,0,144.7,0,8,7.2,43.6,2
2026-01-21 05:30:00,2,5,0,169.2,0,8,8.5,44.2,2
2026-01-21 05:35:00,2,5,0,172.4,0,8,8.6,44.3,2
2026-01-21 05:40:00,2,5,0,175.4,0,8,8.8,44.4,2
2026-01-21 05:45:00,2,5,0,194.6,0,8,9.7,44.9,2
2026-01-21 05:50:00,2,5,0,171.8,0,8,8.6,44.3,2
2026-01-21 05:55:00,2,5,0,174.8,0,8,8.7,44.4,2
2026-01-21 06:00:00,2,6,0,161.3,0,8,8.1,44.0,2
2026-01-21 06:05:00,2,6,0,191.5,0,8,9.6,44.8,2
2026-01-21 06:10:00,2,6,0,183.3,0,8,9.2,44.6,2
2026-01-21 06:15:00,2,6,0,175.7,0,8,8.8,44.4,2
2026-01-21 06:20:00,2,6,0,154.9,0,8,7.7,43.9,2
2026-01-21 06:25:00,2,6,0,206.7,0,8,10.3,45.2,2
2026-01-21 06:30:00,2,6,0,168.2,0,8,8.4,44.2,2
2026-01-21 06:35:00,2,6,0,179.4,0,8,9.0,44.5,2
2026-01-21 06:40:00,2,6,0,195.3,0,8,9.8,44.9,2
2026-01-21 06:45:00,2,6,0,173.8,0,8,8.7,44.3,2
2026-01-21 06:50:00,2,6,0,171.1,0,8,8.6,44.3,2
2026-01-21 06:55:00,2,6,0,163.6,0,8,8.2,44.1,2
2026-01-21 07:00:00,2,7,0,208.2,0,8,10.4,45.2,2
2026-01-21 07:05:00,2,7,0,191.2,0,8,9.6,44.8,2
2026-01-21 07:10:00,2,7,0,245.3,0,8,12.3,46.1,2
2026-01-21 07:15:00,2,7,0,188.7,0,8,9.4,44.7,2
2026-01-21 07:20:00,2,7,0,191.9,0,8,9.6,44.8,2
2026-01-21 07:25:00,2,7,0,199.5,0,8,10.0,45.0,2
2026-01-21 07:30:00,2,7,0,214.0,0,8,10.7,45.4,2
2026-01-21 07:35:00,2,7,0,205.7,0,8,10.3,45.1,2
2026-01-21 07:40:00,2,7,0,224.4,0,8,11.2,45.6,2
2026-01-21 07:45:00,2,7,0,203.0,0,8,10.2,45.1,2
2026-01-21 07:50:00,2,7,0,199.6,0,8,10.0,45.0,2
2026-01-21 07:55:00,2,7,0,196.0,1,8,9.8,44.9,2
2026-01-21 08:00:00,2,8,0,606.0,1,8,30.3,55.2,4
2026-01-21 08:05:00,2,8,0,1131.6,1,8,56.6,68.3,7
2026-01-21 08:10:00,2,8,0,1535.4,1,8,76.8,78.4,9
2026-01-21 08:15:00,2,8,0,1785.8,1,8,89.3,190.5,10
2026-01-21 08:20:00,2,8,0,2189.6,1,8,109.5,963.4,12
2026-01-21 08:25:00,2,8,0,2213.9,1,8,110.7,1030.1,12
2026-01-21 08:30:00,2,8,0,1894.1,1,8,94.7,332.6,11
2026-01-21 08:35:00,2,8,0,1487.5,1,8,74.4,77.2,8
2026-01-21 08:40:00,2,8,0,1237.8,1,8,61.9,70.9,7
2026-01-21 08:45:00,2,8,0,769.6,1,8,38.5,59.2,5
2026-01-21 08:50:00,2,8,0,246.8,0,8,12.3,46.2,2
2026-01-21 08:55:00,2,8,0,249.6,0,8,12.5,46.2,2
2026-01-21 09:00:00,2,9,0,253.8,0,8,12.7,46.3,2
2026-01-21 09:05:00,2,9,0,261.4,0,8,13.1,46.5,2
2026-01-21 09:10:00,2,9,0,261.3,0,8,13.1,46.5,2
2026-01-21 09:15:00,2,9,0,277.7,0,8,13.9,46.9,2
2026-01-21 09:20:00,2,9,0,283.7,0,8,14.2,47.1,2
2026-01-21 09:25:00,2,9,0,268.5,0,8,13.4,46.7,2
2026-01-21 09:30:00,2,9,0,305.1,0,8,15.3,47.6,2
2026-01-21 09:35:00,2,9,0,275.2,0,8,13.8,46.9,2
2026-01-21 09:40:00,2,9,0,269.6,0,8,13.5,46.7,2
2026-01-21 09:45:00,2,9,0,303.6,0,8,15.2,47.6,2
2026-01-21 09:50:00,2,9,0,289.7,0,8,14.5,47.2,2
2026-01-21 09:55:00,2,9,0,310.9,0,8,15.5,47.8,2
2026-01-21 10:00:00,2,10,0,274.2,0,8,13.7,46.9,2
2026-01-21 10:05:00,2,10,0,335.3,0,8,16.8,48.4,2
2026-01-21 10:10:00,2,10,0,328.7,0,8,16.4,48.2,2
2026-01-21 10:15:00,2,10,0,300.4,0,8,15.0,47.5,2
2026-01-21 10:20:00,2,10,0,305.0,0,8,15.2,47.6,2
2026-01-21 10:25:00,2,10,0,356.6,0,8,17.8,48.9,2
2026-01-21 10:30:00,2,10,0,324.8,0,8,16.2,48.1,2
2026-01-21 10:35:00,2,10,0,327.7,0,8,16.4,48.2,2
2026-01-21 10:40:00,2,10,0,310.6,0,8,15.5,47.8,2
2026-01-21 10:45:00,2,10,0,343.8,0,8,17.2,48.6,2
2026-01-21 10:50:00,2,10,0,350.0,0,8,17.5,48.8,2
2026-01-21 10:55:00,2,10,0,368.6,0,8,18.4,49.2,2
2026-01-21 11:00:00,2,11,0,341.3,0,8,17.1,48.5,2
2026-01-21 11:05:00,2,11,0,343.9,0,8,17.2,48.6,2
2026-01-21 11:10:00,2,11,0,377.9,0,8,18.9,49.4,3
2026-01-21 11:15:00,2,11,0,390.6,0,8,19.5,49.8,3
2026-01-21 11:20:00,2,11,0,356.4,0,8,17.8,48.9,2
2026-01-21 11:25:00,2,11,0,400.5,0,8,20.0,50.0,3
2026-01-21 11:30:00,2,11,0,389.2,0,8,19.5,49.7,3
2026-01-21 11:35:00,2,11,0,409.4,0,8,20.5,50.2,3
2026-01-21 11:40:00,2,11,0,396.3,0,8,19.8,49.9,3
2026-01-21 11:45:00,2,11,0,363.8,0,8,18.2,49.1,2
2026-01-21 11:50:00,2,11,0,403.6,0,8,20.2,50.1,3
2026-01-21 11:55:00,2,11,0,425.9,0,8,21.3,50.6,3
2026-01-21 12:00:00,2,12,0,400.8,0,8,20.0,50.0,3
2026-01-21 12:05:00,2,12,0,412.5,0,8,20.6,50.3,3
2026-01-21 12:10:00,2,12,0,419.7,0,8,21.0,50.5,3
2026-01-21 12:15:00,2,12,0,382.8,0,8,19.1,49.6,3
2026-01-21 12:20:00,2,12,0,455.3,0,8,22.8,51.4,3
2026-01-21 12:25:00,2,12,0,420.6,0,8,21.0,50.5,3
2026-01-21 12:30:00,2,12,0,445.5,0,8,22.3,51.1,3
2026-01-21 12:35:00,2,12,0,440.3,0,8,22.0,51.0,3
2026-01-21 12:40:00,2,12,0,464.1,0,8,23.2,51.6,3
2026-01-21 12:45:00,2,12,0,454.9,0,8,22.7,51.4,3
2026-01-21 12:50:00,2,12,0,448.7,0,8,22.4,51.2,3
2026-01-21 12:55:00,2,12,0,442.2,0,8,22.1,51.1,3
2026-01-21 13:00:00,2,13,0,470.8,0,8,23.5,51.8,3
2026-01-21 13:05:00,2,13,0,433.9,0,8,21.7,50.8,3
2026-01-21 13:10:00,2,13,0,474.8,0,8,23.7,51.9,3
2026-01-21 13:15:00,2,13,0,451.6,0,8,22.6,51.3,3
2026-01-21 13:20:00,2,13,0,489.7,0,8,24.5,52.2,3
2026-01-21 13:25:00,2,13,0,476.0,0,8,23.8,51.9,3
2026-01-21 13:30:00,2,13,0,485.9,0,8,24.3,52.1,3
2026-01-21 13:35:00,2,13,0,480.0,0,8,24.0,52.0,3
2026-01-21 13:40:00,2,13,0,454.8,0,8,22.7,51.4,3
2026-01-21 13:45:00,2,13,0,470.4,0,8,23.5,51.8,3
2026-01-21 13:50:00,2,13,0,495.5,0,8,24.8,52.4,3
2026-01-21 13:55:00,2,13,0,489.9,0,8,24.5,52.2,3
2026-01-21 14:00:00,2,14,0,506.9,0,8,25.3,52.7,3
2026-01-21 14:05:00,2,14,0,497.0,0,8,24.8,52.4,3
2026-01-21 14:10:00,2,14,0,478.0,0,8,23.9,52.0,3
2026-01-21 14:15:00,2,14,0,482.0,0,8,24.1,52.0,3
2026-01-21 14:20:00,2,14,0,496.7,0,8,24.8,52.4,3
2026-01-21 14:25:00,2,14,0,461.6,0,8,23.1,51.5,3
2026-01-21 14:30:00,2,14,0,522.4,0,8,26.1,53.1,3
2026-01-21 14:35:00,2,14,0,504.7,0,8,25.2,52.6,3
2026-01-21 14:40:00,2,14,0,517.2,0,8,25.9,52.9,3
2026-01-21 14:45:00,2,14,0,475.6,0,8,23.8,51.9,3
2026-01-21 14:50:00,2,14,0,518.4,0,8,25.9,53.0,3
2026-01-21 14:55:00,2,14,0,533.4,0,8,26.7,53.3,3
2026-01-21 15:00:00,2,15,0,480.2,0,8,24.0,52.0,3
2026-01-21 15:05:00,2,15,0,511.5,0,8,25.6,52.8,3
2026-01-21 15:10:00,2,15,0,499.7,0,8,25.0,52.5,3
2026-01-21 15:15:00,2,15,0,476.2,0,8,23.8,51.9,3
2026-01-21 15:20:00,2,15,0,506.2,0,8,25.3,52.7,3
2026-01-21 15:25:00,2,15,0,510.6,0,8,25.5,52.8,3
2026-01-21 15:30:00,2,15,0,488.3,0,8,24.4,52.2,3
2026-01-21 15:35:00,2,15,0,513.8,0,8,25.7,52.8,3
2026-01-21 15:40:00,2,15,0,470.2,0,8,23.5,51.8,3
2026-01-21 15:45:00,2,15,0,471.5,0,8,23.6,51.8,3
2026-01-21 15:50:00,2,15,0,494.5,0,8,24.7,52.4,3
2026-01-21 15:55:00,2,15,0,491.3,0,8,24.6,52.3,3
2026-01-21 16:00:00,2,16,0,478.5,0,8,23.9,52.0,3
2026-01-21 16:05:00,2,16,0,499.5,0,8,25.0,52.5,3
2026-01-21 16:10:00,2,16,0,493.4,0,8,24.7,52.3,3
2026-01-21 16:15:00,2,16,0,496.2,0,8,24.8,52.4,3
2026-01-21 16:20:00,2,16,0,479.2,0,8,24.0,52.0,3
2026-01-21 16:25:00,2,16,0,487.8,0,8,24.4,52.2,3
2026-01-21 16:30:00,2,16,0,469.6,0,8,23.5,51.7,3
2026-01-21 16:35:00,2,16,0,504.4,0,8,25.2,52.6,3
2026-01-21 16:40:00,2,16,0,458.7,0,8,22.9,51.5,3
2026-01-21 16:45:00,2,16,0,499.6,0,8,25.0,52.5,3
2026-01-21 16:50:00,2,16,0,465.6,0,8,23.3,51.6,3
2026-01-21 16:55:00,2,16,0,441.4,0,8,22.1,51.0,3
2026-01-21 17:00:00,2,17,0,479.4,0,8,24.0,52.0,3
2026-01-21 17:05:00,2,17,0,457.5,0,8,22.9,51.4,3
2026-01-21 17:10:00,2,17,0,465.0,0,8,23.2,51.6,3
2026-01-21 17:15:00,2,17,0,467.1,0,8,23.4,51.7,3
2026-01-21 17:20:00,2,17,0,450.3,0,8,22.5,51.3,3
2026-01-21 17:25:00,2,17,0,432.7,0,8,21.6,50.8,3
2026-01-21 17:30:00,2,17,0,452.5,0,8,22.6,51.3,3
2026-01-21 17:35:00,2,17,0,434.1,0,8,21.7,50.9,3
2026-01-21 17:40:00,2,17,0,440.5,0,8,22.0,51.0,3
2026-01-21 17:45:00,2,17,0,394.0,0,8,19.7,49.8,3
2026-01-21 17:50:00,2,17,0,429.0,0,8,21.4,50.7,3
2026-01-21 17:55:00,2,17,0,408.7,0,8,20.4,50.2,3
2026-01-21 18:00:00,2,18,0,439.0,0,8,22.0,51.0,3
2026-01-21 18:05:00,2,18,0,419.4,0,8,21.0,50.5,3
2026-01-21 18:10:00,2,18,0,409.4,0,8,20.5,50.2,3
2026-01-21 18:15:00,2,18,0,408.9,0,8,20.4,50.2,3
2026-01-21 18:20:00,2,18,0,382.4,0,8,19.1,49.6,3
2026-01-21 18:25:00,2,18,0,417.4,0,8,20.9,50.4,3
2026-01-21 18:30:00,2,18,0,418.5,0,8,20.9,50.5,3
2026-01-21 18:35:00,2,18,0,390.2,0,8,19.5,49.8,3
2026-01-21 18:40:00,2,18,0,403.8,0,8,20.2,50.1,3
2026-01-21 18:45:00,2,18,0,367.0,0,8,18.4,49.2,2
2026-01-21 18:50:00,2,18,0,359.2,0,8,18.0,49.0,2
2026-01-21 18:55:00,2,18,0,367.3,0,8,18.4,49.2,2
2026-01-21 19:00:00,2,19,0,368.8,0,8,18.4,49.2,2
2026-01-21 19:05:00,2,19,0,352.0,0,8,17.6,48.8,2
2026-01-21 19:10:00,2,19,0,361.5,0,8,18.1,49.0,2
2026-01-21 19:15:00,2,19,0,353.6,0,8,17.7,48.8,2
2026-01-21 19:20:00,2,19,0,329.7,0,8,16.5,48.2,2
2026-01-21 19:25:00,2,19,0,348.0,0,8,17.4,48.7,2
2026-01-21 19:30:00,2,19,0,348.8,0,8,17.4,48.7,2
2026-01-21 19:35:00,2,19,0,334.1,0,8,16.7,48.4,2
2026-01-21 19:40:00,2,19,0,344.5,0,8,17.2,48.6,2
2026-01-21 19:45:00,2,19,0,304.7,0,8,15.2,47.6,2
2026-01-21 19:50:00,2,19,0,325.7,0,8,16.3,48.1,2
2026-01-21 19:55:00,2,19,0,296.9,0,8,14.8,47.4,2
2026-01-21 20:00:00,2,20,0,293.5,0,8,14.7,47.3,2
2026-01-21 20:05:00,2,20,0,296.6,0,8,14.8,47.4,2
2026-01-21 20:10:00,2,20,0,287.8,0,8,14.4,47.2,2
2026-01-21 20:15:00,2,20,0,289.7,0,8,14.5,47.2,2
2026-01-21 20:20:00,2,20,0,290.7,0,8,14.5,47.3,2
2026-01-21 20:25:00,2,20,0,302.5,0,8,15.1,47.6,2
2026-01-21 20:30:00,2,20,0,281.2,0,8,14.1,47.0,2
2026-01-21 20:35:00,2,20,0,258.3,0,8,12.9,46.5,2
2026-01-21 20:40:00,2,20,0,295.4,0,8,14.8,47.4,2
2026-01-21 20:45:00,2,20,0,262.0,0,8,13.1,46.6,2
2026-01-21 20:50:00,2,20,0,270.0,0,8,13.5,46.8,2
2026-01-21 20:55:00,2,20,0,273.9,0,8,13.7,46.8,2
2026-01-21 21:00:00,2,21,0,266.6,0,8,13.3,46.7,2
2026-01-21 21:05:00,2,21,0,276.5,0,8,13.8,46.9,2
2026-01-21 21:10:00,2,21,0,263.8,0,8,13.2,46.6,2
2026-01-21 21:15:00,2,21,0,240.3,0,8,12.0,46.0,2
2026-01-21 21:20:00,2,21,0,282.6,0,8,14.1,47.1,2
2026-01-21 21:25:00,2,21,0,249.6,0,8,12.5,46.2,2
2026-01-21 21:30:00,2,21,0,241.3,0,8,12.1,46.0,2
2026-01-21 21:35:00,2,21,0,254.8,0,8,12.7,46.4,2
2026-01-21 21:40:00,2,21,0,241.0,0,8,12.0,46.0,2
2026-01-21 21:45:00,2,21,0,240.3,0,8,12.0,46.0,2
2026-01-21 21:50:00,2,21,0,268.7,0,8,13.4,46.7,2
2026-01-21 21:55:00,2,21,0,224.4,0,8,11.2,45.6,2
2026-01-21 22:00:00,2,22,0,220.9,0,8,11.0,45.5,2
2026-01-21 22:05:00,2,22,0,224.7,0,8,11.2,45.6,2
2026-01-21 22:10:00,2,22,0,236.4,0,8,11.8,45.9,2
2026-01-21 22:15:00,2,22,0,195.1,0,8,9.8,44.9,2
2026-01-21 22:20:00,2,22,0,185.7,0,8,9.3,44.6,2
2026-01-21 22:25:00,2,22,0,203.9,0,8,10.2,45.1,2
2026-01-21 22:30:00,2,22,0,185.8,0,8,9.3,44.6,2
2026-01-21 22:35:00,2,22,0,201.7,0,8,10.1,45.0,2
2026-01-21 22:40:00,2,22,0,213.3,0,8,10.7,45.3,2
2026-01-21 22:45:00,2,22,0,190.2,0,8,9.5,44.8,2
2026-01-21 22:50:00,2,22,0,180.0,0,8,9.0,44.5,2
2026-01-21 22:55:00,2,22,0,200.4,0,8,10.0,45.0,2
2026-01-21 23:00:00,2,23,0,210.3,0,8,10.5,45.3,2
2026-01-21 23:05:00,2,23,0,170.0,0,8,8.5,44.2,2
2026-01-21 23:10:00,2,23,0,205.8,0,8,10.3,45.1,2
2026-01-21 23:15:00,2,23,0,204.0,0,8,10.2,45.1,2
2026-01-21 23:20:00,2,23,0,204.3,0,8,10.2,45.1,2
2026-01-21 23:25:00,2,23,0,206.5,0,8,10.3,45.2,2
2026-01-21 23:30:00,2,23,0,219.6,0,8,11.0,45.5,2
2026-01-21 23:35:00,2,23,0,179.7,0,8,9.0,44.5,2
2026-01-21 23:40:00,2,23,0,185.1,0,8,9.3,44.6,2
2026-01-21 23:45:00,2,23,0,175.7,0,8,8.8,44.4,2
2026-01-21 23:50:00,2,23,0,180.6,0,8,9.0,44.5,2
2026-01-21 23:55:00,2,23,0,202.2,0,8,10.1,45.1,2
2026-01-22 00:00:00,3,0,0,130.1,0,8,6.5,43.3,2
2026-01-22 00:05:00,3,0,0,137.4,0,8,6.9,43.4,2
2026-01-22 00:10:00,3,0,0,171.0,0,8,8.6,44.3,2
2026-01-22 00:15:00,3,0,0,165.7,0,8,8.3,44.1,2
2026-01-22 00:20:00,3,0,0,145.0,0,8,7.2,43.6,2
2026-01-22 00:25:00,3,0,0,163.3,0,8,8.2,44.1,2
2026-01-22 00:30:00,3,0,0,155.6,0,8,7.8,43.9,2
2026-01-22 00:35:00,3,0,0,173.0,0,8,8.6,44.3,2
2026-01-22 00:40:00,3,0,0,151.7,0,8,7.6,43.8,2
2026-01-22 00:45:00,3,0,0,166.0,0,8,8.3,44.2,2
2026-01-22 00:50:00,3,0,0,190.3,0,8,9.5,44.8,2
2026-01-22 00:55:00,3,0,0,159.7,0,8,8.0,44.0,2
2026-01-22 01:00:00,3,1,0,151.5,0,8,7.6,43.8,2
2026-01-22 01:05:00,3,1,0,161.7,0,8,8.1,44.0,2
2026-01-22 01:10:00,3,1,0,145.4,0,8,7.3,43.6,2
2026-01-22 01:15:00,3,1,0,186.8,0,8,9.3,44.7,2
2026-01-22 01:20:00,3,1,0,153.7,0,8,7.7,43.8,2
2026-01-22 01:25:00,3,1,0,147.0,0,8,7.4,43.7,2
2026-01-22 01:30:00,3,1,0,138.6,0,8,6.9,43.5,2
2026-01-22 01:35:00,3,1,0,167.7,0,8,8.4,44.2,2
2026-01-22 01:40:00,3,1,0,164.4,0,8,8.2,44.1,2
2026-01-22 01:45:00,3,1,0,144.0,0,8,7.2,43.6,2
2026-01-22 01:50:00,3,1,0,160.2,0,8,8.0,44.0,2
2026-01-22 01:55:00,3,1,0,129.0,0,8,6.4,43.2,2
2026-01-22 02:00:00,3,2,0,154.6,0,8,7.7,43.9,2
2026-01-22 02:05:00,3,2,0,158.7,0,8,7.9,44.0,2
2026-01-22 02:10:00,3,2,0,177.6,0,8,8.9,44.4,2
2026-01-22 02:15:00,3,2,0,140.6,0,8,7.0,43.5,2
2026-01-22 02:20:00,3,2,0,133.2,0,8,6.7,43.3,2
2026-01-22 02:25:00,3,2,0,139.1,0,8,7.0,43.5,2
2026-01-22 02:30:00,3,2,0,132.6,0,8,6.6,43.3,2
2026-01-22 02:35:00,3,2,0,172.9,0,8,8.6,44.3,2
2026-01-22 02:40:00,3,2,0,176.2,0,8,8.8,44.4,2
2026-01-22 02:45:00,3,2,0,158.0,0,8,7.9,44.0,2
2026-01-22 02:50:00,3,2,0,171.7,0,8,8.6,44.3,2
2026-01-22 02:55:00,3,2,0,155.7,0,8,7.8,43.9,2
2026-01-22 03:00:00,3,3,0,152.5,0,8,7.6,43.8,2
2026-01-22 03:05:00,3,3,0,149.1,0,8,7.5,43.7,2
2026-01-22 03:10:00,3,3,0,149.7,0,8,7.5,43.7,2
2026-01-22 03:15:00,3,3,0,131.5,0,8,6.6,43.3,2
2026-01-22 03:20:00,3,3,0,158.9,0,8,7.9,44.0,2
2026-01-22 03:25:00,3,3,0,154.7,0,8,7.7,43.9,2
2026-01-22 03:30:00,3,3,0,166.8,0,8,8.3,44.2,2
2026-01-22 03:35:00,3,3,0,157.4,0,8,7.9,43.9,2
2026-01-22 03:40:00,3,3,0,153.9,0,8,7.7,43.8,2
2026-01-22 03:45:00,3,3,0,143.6,0,8,7.2,43.6,2
2026-01-22 03:50:00,3,3,0,158.2,0,8,7.9,44.0,2
2026-01-22 03:55:00,3,3,0,168.6,0,8,8.4,44.2,2
2026-01-22 04:00:00,3,4,0,140.8,0,8,7.0,43.5,2
2026-01-22 04:05:00,3,4,0,159.8,0,8,8.0,44.0,2
2026-01-22 04:10:00,3,4,0,162.4,0,8,8.1,44.1,2
2026-01-22 04:15:00,3,4,0,148.7,0,8,7.4,43.7,2
2026-01-22 04:20:00,3,4,0,151.2,0,8,7.6,43.8,2
2026-01-22 04:25:00,3,4,0,164.0,0,8,8.2,44.1,2
2026-01-22 04:30:00,3,4,0,144.2,0,8,7.2,43.6,2
2026-01-22 04:35:00,3,4,0,167.0,0,8,8.4,44.2,2
2026-01-22 04:40:00,3,4,0,149.0,0,8,7.4,43.7,2
2026-01-22 04:45:00,3,4,0,179.1,0,8,9.0,44.5,2
2026-01-22 04:50:00,3,4,0,198.9,0,8,9.9,45.0,2
2026-01-22 04:55:00,3,4,0,151.7,0,8,7.6,43.8,2
2026-01-22 05:00:00,3,5,0,173.4,0,8,8.7,44.3,2
2026-01-22 05:05:00,3,5,0,155.3,0,8,7.8,43.9,2
2026-01-22 05:10:00,3,5,0,182.7,0,8,9.1,44.6,2
2026-01-22 05:15:00,3,5,0,149.0,0,8,7.4,43.7,2
2026-01-22 05:20:00,3,5,0,176.1,0,8,8.8,44.4,2
2026-01-22 05:25:00,3,5,0,156.7,0,8,7.8,43.9,2
2026-01-22 05:30:00,3,5,0,167.8,0,8,8.4,44.2,2
2026-01-22 05:35:00,3,5,0,156.4,0,8,7.8,43.9,2
2026-01-22 05:40:00,3,5,0,185.3,0,8,9.3,44.6,2
2026-01-22 05:45:00,3,5,0,161.6,0,8,8.1,44.0,2
2026-01-22 05:50:00,3,5,0,183.6,0,8,9.2,44.6,2
2026-01-22 05:55:00,3,5,0,171.4,0,8,8.6,44.3,2
2026-01-22 06:00:00,3,6,0,176.1,0,8,8.8,44.4,2
2026-01-22 06:05:00,3,6,0,181.4,0,8,9.1,44.5,2
2026-01-22 06:10:00,3,6,0,169.1,0,8,8.5,44.2,2
2026-01-22 06:15:00,3,6,0,185.1,0,8,9.3,44.6,2
2026-01-22 06:20:00,3,6,0,206.4,0,8,10.3,45.2,2
2026-01-22 06:25:00,3,6,0,173.3,0,8,8.7,44.3,2
2026-01-22 06:30:00,3,6,0,204.2,0,8,10.2,45.1,2
2026-01-22 06:35:00,3,6,0,210.7,0,8,10.5,45.3,2
2026-01-22 06:40:00,3,6,0,177.7,0,8,8.9,44.4,2
2026-01-22 06:45:00,3,6,0,169.9,0,8,8.5,44.2,2
2026-01-22 06:50:00,3,6,0,198.1,0,8,9.9,45.0,2
2026-01-22 06:55:00,3,6,0,187.2,0,8,9.4,44.7,2
2026-01-22 07:00:00,3,7,0,225.4,0,8,11.3,45.6,2
2026-01-22 07:05:00,3,7,0,199.9,0,8,10.0,45.0,2
2026-01-22 07:10:00,3,7,0,189.4,0,8,9.5,44.7,2
2026-01-22 07:15:00,3,7,0,186.4,0,8,9.3,44.7,2
2026-01-22 07:20:00,3,7,0,222.1,0,8,11.1,45.6,2
2026-01-22 07:25:00,3,7,0,199.5,0,8,10.0,45.0,2
2026-01-22 07:30:00,3,7,0,211.0,0,8,10.5,45.3,2
2026-01-22 07:35:00,3,7,0,227.1,0,8,11.4,45.7,2
2026-01-22 07:40:00,3,7,0,207.9,0,8,10.4,45.2,2
2026-01-22 07:45:00,3,7,0,217.0,0,8,10.8,45.4,2
2026-01-22 07:50:00,3,7,0,220.1,0,8,11.0,45.5,2
2026-01-22 07:55:00,3,7,0,233.2,0,8,11.7,45.8,2
2026-01-22 08:00:00,3,8,0,234.6,0,8,11.7,45.9,2
2026-01-22 08:05:00,3,8,0,225.2,0,8,11.3,45.6,2
2026-01-22 08:10:00,3,8,0,232.3,0,8,11.6,45.8,2
2026-01-22 08:15:00,3,8,0,228.7,0,8,11.4,45.7,2
2026-01-22 08:20:00,3,8,0,215.1,0,8,10.8,45.4,2
2026-01-22 08:25:00,3,8,0,244.2,0,8,12.2,46.1,2
2026-01-22 08:30:00,3,8,0,271.9,0,8,13.6,46.8,2
2026-01-22 08:35:00,3,8,0,233.4,0,8,11.7,45.8,2
2026-01-22 08:40:00,3,8,0,238.3,0,8,11.9,46.0,2
2026-01-22 08:45:00,3,8,0,240.2,0,8,12.0,46.0,2
2026-01-22 08:50:00,3,8,0,267.5,0,8,13.4,46.7,2
2026-01-22 08:55:00,3,8,0,266.8,0,8,13.3,46.7,2
2026-01-22 09:00:00,3,9,0,261.3,0,8,13.1,46.5,2
2026-01-22 09:05:00,3,9,0,253.4,0,8,12.7,46.3,2
2026-01-22 09:10:00,3,9,0,272.2,0,8,13.6,46.8,2
2026-01-22 09:15:00,3,9,0,251.1,0,8,12.6,46.3,2
2026-01-22 09:20:00,3,9,0,280.5,0,8,14.0,47.0,2
2026-01-22 09:25:00,3,9,0,295.2,0,8,14.8,47.4,2
2026-01-22 09:30:00,3,9,0,267.2,0,8,13.4,46.7,2
2026-01-22 09:35:00,3,9,0,266.9,0,8,13.3,46.7,2
2026-01-22 09:40:00,3,9,0,317.6,0,8,15.9,47.9,2
2026-01-22 09:45:00,3,9,0,288.7,0,8,14.4,47.2,2
2026-01-22 09:50:00,3,9,0,319.0,0,8,16.0,48.0,2
2026-01-22 09:55:00,3,9,0,303.8,0,8,15.2,47.6,2
2026-01-22 10:00:00,3,10,0,307.8,0,8,15.4,47.7,2
2026-01-22 10:05:00,3,10,0,321.0,0,8,16.0,48.0,2
2026-01-22 10:10:00,3,10,0,305.4,0,8,15.3,47.6,2
2026-01-22 10:15:00,3,10,0,324.9,0,8,16.2,48.1,2
2026-01-22 10:20:00,3,10,0,321.5,0,8,16.1,48.0,2
2026-01-22 10:25:00,3,10,0,311.7,0,8,15.6,47.8,2
2026-01-22 10:30:00,3,10,0,340.9,0,8,17.0,48.5,2
2026-01-22 10:35:00,3,10,0,336.3,0,8,16.8,48.4,2
2026-01-22 10:40:00,3,10,0,342.3,0,8,17.1,48.6,2
2026-01-22 10:45:00,3,10,0,330.9,0,8,16.5,48.3,2
2026-01-22 10:50:00,3,10,0,377.3,0,8,18.9,49.4,3
2026-01-22 10:55:00,3,10,0,371.0,0,8,18.6,49.3,2
2026-01-22 11:00:00,3,11,0,376.7,0,8,18.8,49.4,3
2026-01-22 11:05:00,3,11,0,362.1,0,8,18.1,49.1,2
2026-01-22 11:10:00,3,11,0,345.2,0,8,17.3,48.6,2
2026-01-22 11:15:00,3,11,0,404.8,0,8,20.2,50.1,3
2026-01-22 11:20:00,3,11,0,379.0,0,8,19.0,49.5,3
2026-01-22 11:25:00,3,11,0,373.1,0,8,18.7,49.3,2
2026-01-22 11:30:00,3,11,0,394.9,0,8,19.7,49.9,3
2026-01-22 11:35:00,3,11,0,410.5,0,8,20.5,50.3,3
2026-01-22 11:40:00,3,11,0,397.0,0,8,19.8,49.9,3
2026-01-22 11:45:00,3,11,0,420.8,0,8,21.0,50.5,3
2026-01-22 11:50:00,3,11,0,422.1,0,8,21.1,50.6,3
2026-01-22 11:55:00,3,11,0,393.9,0,8,19.7,49.8,3
2026-01-22 12:00:00,3,12,0,404.1,0,8,20.2,50.1,3
2026-01-22 12:05:00,3,12,0,432.7,0,8,21.6,50.8,3
2026-01-22 12:10:00,3,12,0,381.7,0,8,19.1,49.5,3
2026-01-22 12:15:00,3,12,0,424.1,0,8,21.2,50.6,3
2026-01-22 12:20:00,3,12,0,408.8,0,8,20.4,50.2,3
2026-01-22 12:25:00,3,12,0,427.0,0,8,21.3,50.7,3
2026-01-22 12:30:00,3,12,0,433.4,0,8,21.7,50.8,3
2026-01-22 12:35:00,3,12,0,436.2,0,8,21.8,50.9,3
2026-01-22 12:40:00,3,12,0,437.0,0,8,21.8,50.9,3
2026-01-22 12:45:00,3,12,0,432.3,0,8,21.6,50.8,3
2026-01-22 12:50:00,3,12,0,486.6,0,8,24.3,52.2,3
2026-01-22 12:55:00,3,12,0,483.6,0,8,24.2,52.1,3
2026-01-22 13:00:00,3,13,0,441.4,0,8,22.1,51.0,3
2026-01-22 13:05:00,3,13,0,485.8,0,8,24.3,52.1,3
2026-01-22 13:10:00,3,13,0,459.1,0,8,23.0,51.5,3
2026-01-22 13:15:00,3,13,0,470.0,0,8,23.5,51.8,3
2026-01-22 13:20:00,3,13,0,470.0,0,8,23.5,51.8,3
2026-01-22 13:25:00,3,13,0,463.7,0,8,23.2,51.6,3
2026-01-22 13:30:00,3,13,0,491.0,0,8,24.6,52.3,3
2026-01-22 13:35:00,3,13,0,480.6,0,8,24.0,52.0,3
2026-01-22 13:40:00,3,13,0,473.9,0,8,23.7,51.8,3
2026-01-22 13:45:00,3,13,0,463.8,0,8,23.2,51.6,3
2026-01-22 13:50:00,3,13,0,472.0,0,8,23.6,51.8,3
2026-01-22 13:55:00,3,13,0,462.8,0,8,23.1,51.6,3
2026-01-22 14:00:00,3,14,0,489.4,0,8,24.5,52.2,3
2026-01-22 14:05:00,3,14,0,473.0,0,8,23.6,51.8,3
2026-01-22 14:10:00,3,14,0,488.5,0,8,24.4,52.2,3
2026-01-22 14:15:00,3,14,0,514.5,0,8,25.7,52.9,3
2026-01-22 14:20:00,3,14,0,513.2,0,8,25.7,52.8,3
2026-01-22 14:25:00,3,14,0,495.8,0,8,24.8,52.4,3
2026-01-22 14:30:00,3,14,0,496.0,0,8,24.8,52.4,3
2026-01-22 14:35:00,3,14,0,526.3,0,8,26.3,53.2,3
2026-01-22 14:40:00,3,14,0,506.6,0,8,25.3,52.7,3
2026-01-22 14:45:00,3,14,0,494.4,0,8,24.7,52.4,3
2026-01-22 14:50:00,3,14,0,478.3,0,8,23.9,52.0,3
2026-01-22 14:55:00,3,14,0,505.8,0,8,25.3,52.6,3
2026-01-22 15:00:00,3,15,0,512.4,0,8,25.6,52.8,3
2026-01-22 15:05:00,3,15,0,490.4,0,8,24.5,52.3,3
2026-01-22 15:10:00,3,15,0,504.1,0,8,25.2,52.6,3
2026-01-22 15:15:00,3,15,0,493.9,0,8,24.7,52.3,3
2026-01-22 15:20:00,3,15,0,496.0,0,8,24.8,52.4,3
2026-01-22 15:25:00,3,15,0,460.8,0,8,23.0,51.5,3
2026-01-22 15:30:00,3,15,0,493.9,0,8,24.7,52.3,3
2026-01-22 15:35:00,3,15,0,510.8,0,8,25.5,52.8,3
2026-01-22 15:40:00,3,15,0,485.7,0,8,24.3,52.1,3
2026-01-22 15:45:00,3,15,0,494.7,0,8,24.7,52.4,3
2026-01-22 15:50:00,3,15,0,481.1,0,8,24.1,52.0,3
2026-01-22 15:55:00,3,15,0,496.3,0,8,24.8,52.4,3
2026-01-22 16:00:00,3,16,0,486.0,0,8,24.3,52.2,3
2026-01-22 16:05:00,3,16,0,473.3,0,8,23.7,51.8,3
2026-01-22 16:10:00,3,16,0,505.4,0,8,25.3,52.6,3
2026-01-22 16:15:00,3,16,0,497.3,0,8,24.9,52.4,3
2026-01-22 16:20:00,3,16,0,472.0,0,8,23.6,51.8,3
2026-01-22 16:25:00,3,16,0,486.2,0,8,24.3,52.2,3
2026-01-22 16:30:00,3,16,0,484.3,0,8,24.2,52.1,3
2026-01-22 16:35:00,3,16,0,483.3,0,8,24.2,52.1,3
2026-01-22 16:40:00,3,16,0,445.5,0,8,22.3,51.1,3
2026-01-22 16:45:00,3,16,0,483.2,0,8,24.2,52.1,3
2026-01-22 16:50:00,3,16,0,456.6,0,8,22.8,51.4,3
2026-01-22 16:55:00,3,16,0,456.7,0,8,22.8,51.4,3
2026-01-22 17:00:00,3,17,0,498.4,0,8,24.9,52.5,3
2026-01-22 17:05:00,3,17,0,460.1,0,8,23.0,51.5,3
2026-01-22 17:10:00,3,17,0,446.4,0,8,22.3,51.2,3
2026-01-22 17:15:00,3,17,0,415.7,0,8,20.8,50.4,3
2026-01-22 17:20:00,3,17,0,466.1,0,8,23.3,51.7,3
2026-01-22 17:25:00,3,17,0,421.4,0,8,21.1,50.5,3
2026-01-22 17:30:00,3,17,0,422.9,0,8,21.1,50.6,3
2026-01-22 17:35:00,3,17,0,429.1,0,8,21.5,50.7,3
2026-01-22 17:40:00,3,17,0,451.5,0,8,22.6,51.3,3
2026-01-22 17:45:00,3,17,0,437.9,0,8,21.9,50.9,3
2026-01-22 17:50:00,3,17,0,420.0,0,8,21.0,50.5,3
2026-01-22 17:55:00,3,17,0,422.9,0,8,21.1,50.6,3
2026-01-22 18:00:00,3,18,0,405.2,0,8,20.3,50.1,3
2026-01-22 18:05:00,3,18,0,412.1,0,8,20.6,50.3,3
2026-01-22 18:10:00,3,18,0,406.9,0,8,20.3,50.2,3
2026-01-22 18:15:00,3,18,0,416.1,0,8,20.8,50.4,3
2026-01-22 18:20:00,3,18,0,411.8,0,8,20.6,50.3,3
2026-01-22 18:25:00,3,18,0,400.4,0,8,20.0,50.0,3
2026-01-22 18:30:00,3,18,0,383.2,0,8,19.2,49.6,3
2026-01-22 18:35:00,3,18,0,395.4,0,8,19.8,49.9,3
2026-01-22 18:40:00,3,18,0,378.6,0,8,18.9,49.5,3
2026-01-22 18:45:00,3,18,0,359.3,0,8,18.0,49.0,2
2026-01-22 18:50:00,3,18,0,365.1,0,8,18.3,49.1,2
2026-01-22 18:55:00,3,18,0,368.0,0,8,18.4,49.2,2
2026-01-22 19:00:00,3,19,0,375.9,0,8,18.8,49.4,3
2026-01-22 19:05:00,3,19,0,355.1,0,8,17.8,48.9,2
2026-01-22 19:10:00,3,19,0,335.3,0,8,16.8,48.4,2
2026-01-22 19:15:00,3,19,0,349.9,0,8,17.5,48.7,2
2026-01-22 19:20:00,3,19,0,346.3,0,8,17.3,48.7,2
2026-01-22 19:25:00,3,19,0,343.0,0,8,17.2,48.6,2
2026-01-22 19:30:00,3,19,0,349.7,0,8,17.5,48.7,2
2026-01-22 19:35:00,3,19,0,346.8,0,8,17.3,48.7,2
2026-01-22 19:40:00,3,19,0,318.3,0,8,15.9,48.0,2
2026-01-22 19:45:00,3,19,0,313.7,0,8,15.7,47.8,2
2026-01-22 19:50:00,3,19,0,303.1,0,8,15.2,47.6,2
2026-01-22 19:55:00,3,19,0,324.9,0,8,16.2,48.1,2
2026-01-22 20:00:00,3,20,0,332.0,0,8,16.6,48.3,2
2026-01-22 20:05:00,3,20,0,301.4,0,8,15.1,47.5,2
2026-01-22 20:10:00,3,20,0,298.4,0,8,14.9,47.5,2
2026-01-22 20:15:00,3,20,0,319.9,0,8,16.0,48.0,2
2026-01-22 20:20:00,3,20,0,301.5,0,8,15.1,47.5,2
2026-01-22 20:25:00,3,20,0,296.5,0,8,14.8,47.4,2
2026-01-22 20:30:00,3,20,0,268.1,0,8,13.4,46.7,2
2026-01-22 20:35:00,3,20,0,292.3,0,8,14.6,47.3,2
2026-01-22 20:40:00,3,20,0,264.4,0,8,13.2,46.6,2
2026-01-22 20:45:00,3,20,0,257.5,0,8,12.9,46.4,2
2026-01-22 20:50:00,3,20,0,265.7,0,8,13.3,46.6,2
2026-01-22 20:55:00,3,20,0,258.4,0,8,12.9,46.5,2
2026-01-22 21:00:00,3,21,0,260.3,0,8,13.0,46.5,2
2026-01-22 21:05:00,3,21,0,238.5,0,8,11.9,46.0,2
2026-01-22 21:10:00,3,21,0,271.0,0,8,13.6,46.8,2
2026-01-22 21:15:00,3,21,0,270.2,0,8,13.5,46.8,2
2026-01-22 21:20:00,3,21,0,220.7,0,8,11.0,45.5,2
2026-01-22 21:25:00,3,21,0,261.3,0,8,13.1,46.5,2
2026-01-22 21:30:00,3,21,0,231.3,0,8,11.6,45.8,2
2026-01-22 21:35:00,3,21,0,253.2,0,8,12.7,46.3,2
2026-01-22 21:40:00,3,21,0,236.2,0,8,11.8,45.9,2
2026-01-22 21:45:00,3,21,0,234.7,0,8,11.7,45.9,2
2026-01-22 21:50:00,3,21,0,228.6,0,8,11.4,45.7,2
2026-01-22 21:55:00,3,21,0,246.7,0,8,12.3,46.2,2
2026-01-22 22:00:00,3,22,0,207.1,0,8,10.4,45.2,2
2026-01-22 22:05:00,3,22,0,232.1,0,8,11.6,45.8,2
2026-01-22 22:10:00,3,22,0,236.8,0,8,11.8,45.9,2
2026-01-22 22:15:00,3,22,0,228.5,0,8,11.4,45.7,2
2026-01-22 22:20:00,3,22,0,250.1,0,8,12.5,46.3,2
2026-01-22 22:25:00,3,22,0,204.8,0,8,10.2,45.1,2
2026-01-22 22:30:00,3,22,0,224.7,0,8,11.2,45.6,2
2026-01-22 22:35:00,3,22,0,206.4,0,8,10.3,45.2,2
2026-01-22 22:40:00,3,22,0,224.3,0,8,11.2,45.6,2
2026-01-22 22:45:00,3,22,0,203.5,0,8,10.2,45.1,2
2026-01-22 22:50:00,3,22,0,195.6,0,8,9.8,44.9,2
2026-01-22 22:55:00,3,22,0,219.0,0,8,11.0,45.5,2
2026-01-22 23:00:00,3,23,0,190.0,0,8,9.5,44.8,2
2026-01-22 23:05:00,3,23,0,174.2,0,8,8.7,44.4,2
2026-01-22 23:10:00,3,23,0,185.8,0,8,9.3,44.6,2
2026-01-22 23:15:00,3,23,0,201.0,0,8,10.0,45.0,2
2026-01-22 23:20:00,3,23,0,210.8,0,8,10.5,45.3,2
2026-01-22 23:25:00,3,23,0,189.9,0,8,9.5,44.7,2
2026-01-22 23:30:00,3,23,0,206.4,0,8,10.3,45.2,2
2026-01-22 23:35:00,3,23,0,164.6,0,8,8.2,44.1,2
2026-01-22 23:40:00,3,23,0,176.8,0,8,8.8,44.4,2
2026-01-22 23:45:00,3,23,0,177.7,0,8,8.9,44.4,2
2026-01-22 23:50:00,3,23,0,178.8,0,8,8.9,44.5,2
2026-01-22 23:55:00,3,23,0,180.4,0,8,9.0,44.5,2
2026-01-23 00:00:00,4,0,0,160.7,0,8,8.0,44.0,2
2026-01-23 00:05:00,4,0,0,143.7,0,8,7.2,43.6,2
2026-01-23 00:10:00,4,0,0,152.4,0,8,7.6,43.8,2
2026-01-23 00:15:00,4,0,0,149.7,0,8,7.5,43.7,2
2026-01-23 00:20:00,4,0,0,136.5,0,8,6.8,43.4,2
2026-01-23 00:25:00,4,0,0,148.7,0,8,7.4,43.7,2
2026-01-23 00:30:00,4,0,0,148.3,0,8,7.4,43.7,2
2026-01-23 00:35:00,4,0,0,148.1,0,8,7.4,43.7,2
2026-01-23 00:40:00,4,0,0,151.0,0,8,7.6,43.8,2
2026-01-23 00:45:00,4,0,0,151.7,0,8,7.6,43.8,2
2026-01-23 00:50:00,4,0,0,144.2,0,8,7.2,43.6,2
2026-01-23 00:55:00,4,0,0,169.8,0,8,8.5,44.2,2
2026-01-23 01:00:00,4,1,0,133.2,0,8,6.7,43.3,2
2026-01-23 01:05:00,4,1,0,140.0,0,8,7.0,43.5,2
2026-01-23 01:10:00,4,1,0,192.6,0,8,9.6,44.8,2
2026-01-23 01:15:00,4,1,0,135.4,0,8,6.8,43.4,2
2026-01-23 01:20:00,4,1,0,130.7,0,8,6.5,43.3,2
2026-01-23 01:25:00,4,1,0,162.1,0,8,8.1,44.1,2
2026-01-23 01:30:00,4,1,0,120.0,0,8,6.0,43.0,2
2026-01-23 01:35:00,4,1,0,147.7,0,8,7.4,43.7,2
2026-01-23 01:40:00,4,1,0,183.5,0,8,9.2,44.6,2
2026-01-23 01:45:00,4,1,0,128.3,0,8,6.4,43.2,2
2026-01-23 01:50:00,4,1,0,121.8,0,8,6.1,43.0,2
2026-01-23 01:55:00,4,1,0,129.2,0,8,6.5,43.2,2
2026-01-23 02:00:00,4,2,0,165.3,0,8,8.3,44.1,2
2026-01-23 02:05:00,4,2,0,168.8,0,8,8.4,44.2,2
2026-01-23 02:10:00,4,2,0,144.3,0,8,7.2,43.6,2
2026-01-23 02:15:00,4,2,0,162.4,0,8,8.1,44.1,2
2026-01-23 02:20:00,4,2,0,173.2,0,8,8.7,44.3,2
2026-01-23 02:25:00,4,2,0,179.3,0,8,9.0,44.5,2
2026-01-23 02:30:00,4,2,0,149.0,0,8,7.4,43.7,2
2026-01-23 02:35:00,4,2,0,118.3,0,8,5.9,43.0,2
2026-01-23 02:40:00,4,2,0,140.7,0,8,7.0,43.5,2
2026-01-23 02:45:00,4,2,0,146.8,0,8,7.3,43.7,2
2026-01-23 02:50:00,4,2,0,149.5,0,8,7.5,43.7,2
2026-01-23 02:55:00,4,2,0,150.8,0,8,7.5,43.8,2
2026-01-23 03:00:00,4,3,0,170.7,0,8,8.5,44.3,2
2026-01-23 03:05:00,4,3,0,173.3,0,8,8.7,44.3,2
2026-01-23 03:10:00,4,3,0,151.8,0,8,7.6,43.8,2
2026-01-23 03:15:00,4,3,0,171.2,0,8,8.6,44.3,2
2026-01-23 03:20:00,4,3,0,160.3,0,8,8.0,44.0,2
2026-01-23 03:25:00,4,3,0,156.3,0,8,7.8,43.9,2
2026-01-23 03:30:00,4,3,0,169.2,0,8,8.5,44.2,2
2026-01-23 03:35:00,4,3,0,157.0,0,8,7.8,43.9,2
2026-01-23 03:40:00,4,3,0,187.2,0,8,9.4,44.7,2
2026-01-23 03:45:00,4,3,0,135.1,0,8,6.8,43.4,2
2026-01-23 03:50:00,4,3,0,149.4,0,8,7.5,43.7,2
2026-01-23 03:55:00,4,3,0,155.6,0,8,7.8,43.9,2
2026-01-23 04:00:00,4,4,0,164.6,0,8,8.2,44.1,2
2026-01-23 04:05:00,4,4,0,177.5,0,8,8.9,44.4,2
2026-01-23 04:10:00,4,4,0,158.6,0,8,7.9,44.0,2
2026-01-23 04:15:00,4,4,0,138.1,0,8,6.9,43.5,2
2026-01-23 04:20:00,4,4,0,172.6,0,8,8.6,44.3,2
2026-01-23 04:25:00,4,4,0,171.9,0,8,8.6,44.3,2
2026-01-23 04:30:00,4,4,0,132.0,0,8,6.6,43.3,2
2026-01-23 04:35:00,4,4,0,161.7,0,8,8.1,44.0,2
2026-01-23 04:40:00,4,4,0,138.6,0,8,6.9,43.5,2
2026-01-23 04:45:00,4,4,0,153.2,0,8,7.7,43.8,2
2026-01-23 04:50:00,4,4,0,150.3,0,8,7.5,43.8,2
2026-01-23 04:55:00,4,4,0,176.7,0,8,8.8,44.4,2
2026-01-23 05:00:00,4,5,0,167.1,0,8,8.4,44.2,2
2026-01-23 05:05:00,4,5,0,146.9,0,8,7.3,43.7,2
2026-01-23 05:10:00,4,5,0,180.3,0,8,9.0,44.5,2
2026-01-23 05:15:00,4,5,0,146.4,0,8,7.3,43.7,2
2026-01-23 05:20:00,4,5,0,173.8,0,8,8.7,44.3,2
2026-01-23 05:25:00,4,5,0,157.6,0,8,7.9,43.9,2
2026-01-23 05:30:00,4,5,0,165.4,0,8,8.3,44.1,2
2026-01-23 05:35:00,4,5,0,179.5,0,8,9.0,44.5,2
2026-01-23 05:40:00,4,5,0,180.8,0,8,9.0,44.5,2
2026-01-23 05:45:00,4,5,0,194.2,0,8,9.7,44.9,2
2026-01-23 05:50:00,4,5,0,174.1,0,8,8.7,44.4,2
2026-01-23 05:55:00,4,5,0,181.2,0,8,9.1,44.5,2
2026-01-23 06:00:00,4,6,0,171.3,0,8,8.6,44.3,2
2026-01-23 06:05:00,4,6,0,181.9,0,8,9.1,44.5,2
2026-01-23 06:10:00,4,6,0,187.1,0,8,9.4,44.7,2
2026-01-23 06:15:00,4,6,0,180.5,0,8,9.0,44.5,2
2026-01-23 06:20:00,4,6,0,156.4,0,8,7.8,43.9,2
2026-01-23 06:25:00,4,6,0,190.0,0,8,9.5,44.8,2
2026-01-23 06:30:00,4,6,0,192.1,0,8,9.6,44.8,2
2026-01-23 06:35:00,4,6,0,178.0,0,8,8.9,44.4,2
2026-01-23 06:40:00,4,6,0,170.7,0,8,8.5,44.3,2
2026-01-23 06:45:00,4,6,0,213.9,0,8,10.7,45.3,2
2026-01-23 06:50:00,4,6,0,200.9,0,8,10.0,45.0,2
2026-01-23 06:55:00,4,6,0,192.0,0,8,9.6,44.8,2
2026-01-23 07:00:00,4,7,0,180.3,0,8,9.0,44.5,2
2026-01-23 07:05:00,4,7,0,187.0,0,8,9.4,44.7,2
2026-01-23 07:10:00,4,7,0,221.0,0,8,11.0,45.5,2
2026-01-23 07:15:00,4,7,0,205.6,0,8,10.3,45.1,2
2026-01-23 07:20:00,4,7,0,197.5,0,8,9.9,44.9,2
2026-01-23 07:25:00,4,7,0,215.7,0,8,10.8,45.4,2
2026-01-23 07:30:00,4,7,0,198.1,0,8,9.9,45.0,2
2026-01-23 07:35:00,4,7,0,235.3,0,8,11.8,45.9,2
2026-01-23 07:40:00,4,7,0,235.5,0,8,11.8,45.9,2
2026-01-23 07:45:00,4,7,0,210.7,0,8,10.5,45.3,2
2026-01-23 07:50:00,4,7,0,210.9,0,8,10.5,45.3,2
2026-01-23 07:55:00,4,7,0,183.7,0,8,9.2,44.6,2
2026-01-23 08:00:00,4,8,0,203.5,0,8,10.2,45.1,2
2026-01-23 08:05:00,4,8,0,208.4,0,8,10.4,45.2,2
2026-01-23 08:10:00,4,8,0,233.4,0,8,11.7,45.8,2
2026-01-23 08:15:00,4,8,0,229.4,0,8,11.5,45.7,2
2026-01-23 08:20:00,4,8,0,217.1,0,8,10.9,45.4,2
2026-01-23 08:25:00,4,8,0,236.1,0,8,11.8,45.9,2
2026-01-23 08:30:00,4,8,0,251.0,0,8,12.6,46.3,2
2026-01-23 08:35:00,4,8,0,254.6,0,8,12.7,46.4,2
2026-01-23 08:40:00,4,8,0,221.4,0,8,11.1,45.5,2
2026-01-23 08:45:00,4,8,0,251.3,0,8,12.6,46.3,2
2026-01-23 08:50:00,4,8,0,235.9,0,8,11.8,45.9,2
2026-01-23 08:55:00,4,8,0,273.6,0,8,13.7,46.8,2
2026-01-23 09:00:00,4,9,0,275.4,0,8,13.8,46.9,2
2026-01-23 09:05:00,4,9,0,253.7,0,8,12.7,46.3,2
2026-01-23 09:10:00,4,9,0,259.4,0,8,13.0,46.5,2
2026-01-23 09:15:00,4,9,0,267.6,0,8,13.4,46.7,2
2026-01-23 09:20:00,4,9,0,244.5,0,8,12.2,46.1,2
2026-01-23 09:25:00,4,9,0,287.2,0,8,14.4,47.2,2
2026-01-23 09:30:00,4,9,0,281.9,0,8,14.1,47.0,2
2026-01-23 09:35:00,4,9,0,304.5,0,8,15.2,47.6,2
2026-01-23 09:40:00,4,9,0,277.4,0,8,13.9,46.9,2
2026-01-23 09:45:00,4,9,0,288.6,0,8,14.4,47.2,2
2026-01-23 09:50:00,4,9,0,279.4,0,8,14.0,47.0,2
2026-01-23 09:55:00,4,9,0,291.0,0,8,14.6,47.3,2
2026-01-23 10:00:00,4,10,0,292.5,0,8,14.6,47.3,2
2026-01-23 10:05:00,4,10,0,329.4,0,8,16.5,48.2,2
2026-01-23 10:10:00,4,10,0,308.2,0,8,15.4,47.7,2
2026-01-23 10:15:00,4,10,0,324.8,0,8,16.2,48.1,2
2026-01-23 10:20:00,4,10,0,321.5,0,8,16.1,48.0,2
2026-01-23 10:25:00,4,10,0,312.5,0,8,15.6,47.8,2
2026-01-23 10:30:00,4,10,0,333.4,0,8,16.7,48.3,2
2026-01-23 10:35:00,4,10,0,349.2,0,8,17.5,48.7,2
2026-01-23 10:40:00,4,10,0,326.5,0,8,16.3,48.2,2
2026-01-23 10:45:00,4,10,0,361.2,0,8,18.1,49.0,2
2026-01-23 10:50:00,4,10,0,340.7,0,8,17.0,48.5,2
2026-01-23 10:55:00,4,10,0,350.6,0,8,17.5,48.8,2
2026-01-23 11:00:00,4,11,0,370.2,0,8,18.5,49.3,2
2026-01-23 11:05:00,4,11,0,356.8,0,8,17.8,48.9,2
2026-01-23 11:10:00,4,11,0,371.7,0,8,18.6,49.3,2
2026-01-23 11:15:00,4,11,0,370.8,0,8,18.5,49.3,2
2026-01-23 11:20:00,4,11,0,381.9,0,8,19.1,49.5,3
2026-01-23 11:25:00,4,11,0,348.6,0,8,17.4,48.7,2
2026-01-23 11:30:00,4,11,0,361.2,0,8,18.1,49.0,2
2026-01-23 11:35:00,4,11,0,402.3,0,8,20.1,50.1,3
2026-01-23 11:40:00,4,11,0,412.9,0,8,20.6,50.3,3
2026-01-23 11:45:00,4,11,0,387.9,0,8,19.4,49.7,3
2026-01-23 11:50:00,4,11,0,402.2,0,8,20.1,50.1,3
2026-01-23 11:55:00,4,11,0,414.5,0,8,20.7,50.4,3
2026-01-23 12:00:00,4,12,0,424.6,0,8,21.2,50.6,3
2026-01-23 12:05:00,4,12,0,387.9,0,8,19.4,49.7,3
2026-01-23 12:10:00,4,12,0,409.1,0,8,20.5,50.2,3
2026-01-23 12:15:00,4,12,0,421.3,0,8,21.1,50.5,3
2026-01-23 12:20:00,4,12,0,440.8,0,8,22.0,51.0,3
2026-01-23 12:25:00,4,12,0,471.6,0,8,23.6,51.8,3
2026-01-23 12:30:00,4,12,0,434.5,0,8,21.7,50.9,3
2026-01-23 12:35:00,4,12,0,420.5,0,8,21.0,50.5,3
2026-01-23 12:40:00,4,12,0,451.3,0,8,22.6,51.3,3
2026-01-23 12:45:00,4,12,0,468.6,0,8,23.4,51.7,3
2026-01-23 12:50:00,4,12,0,453.9,0,8,22.7,51.3,3
2026-01-23 12:55:00,4,12,0,442.0,0,8,22.1,51.0,3
2026-01-23 13:00:00,4,13,0,473.2,0,8,23.7,51.8,3
2026-01-23 13:05:00,4,13,0,472.0,0,8,23.6,51.8,3
2026-01-23 13:10:00,4,13,0,449.7,0,8,22.5,51.2,3
2026-01-23 13:15:00,4,13,0,473.8,0,8,23.7,51.8,3
2026-01-23 13:20:00,4,13,0,485.9,0,8,24.3,52.1,3
2026-01-23 13:25:00,4,13,0,491.4,0,8,24.6,52.3,3
2026-01-23 13:30:00,4,13,0,475.2,0,8,23.8,51.9,3
2026-01-23 13:35:00,4,13,0,473.4,0,8,23.7,51.8,3
2026-01-23 13:40:00,4,13,0,499.5,0,8,25.0,52.5,3
2026-01-23 13:45:00,4,13,0,465.2,0,8,23.3,51.6,3
2026-01-23 13:50:00,4,13,0,492.0,0,8,24.6,52.3,3
2026-01-23 13:55:00,4,13,0,466.8,0,8,23.3,51.7,3
2026-01-23 14:00:00,4,14,0,505.2,0,8,25.3,52.6,3
2026-01-23 14:05:00,4,14,0,487.1,0,8,24.4,52.2,3
2026-01-23 14:10:00,4,14,0,511.5,0,8,25.6,52.8,3
2026-01-23 14:15:00,4,14,0,501.3,0,8,25.1,52.5,3
2026-01-23 14:20:00,4,14,0,476.8,0,8,23.8,51.9,3
2026-01-23 14:25:00,4,14,0,517.7,0,8,25.9,52.9,3
2026-01-23 14:30:00,4,14,0,520.5,0,8,26.0,53.0,3
2026-01-23 14:35:00,4,14,0,511.3,0,8,25.6,52.8,3
2026-01-23 14:40:00,4,14,0,487.4,0,8,24.4,52.2,3
2026-01-23 14:45:00,4,14,0,494.7,0,8,24.7,52.4,3
2026-01-23 14:50:00,4,14,0,501.9,0,8,25.1,52.5,3
2026-01-23 14:55:00,4,14,0,489.4,0,8,24.5,52.2,3
2026-01-23 15:00:00,4,15,0,525.4,0,8,26.3,53.1,3
2026-01-23 15:05:00,4,15,0,502.1,0,8,25.1,52.6,3
2026-01-23 15:10:00,4,15,0,459.1,0,8,23.0,51.5,3
2026-01-23 15:15:00,4,15,0,504.4,0,8,25.2,52.6,3
2026-01-23 15:20:00,4,15,0,493.6,0,8,24.7,52.3,3
2026-01-23 15:25:00,4,15,0,497.0,0,8,24.8,52.4,3
2026-01-23 15:30:00,4,15,0,491.7,0,8,24.6,52.3,3
2026-01-23 15:35:00,4,15,0,508.4,0,8,25.4,52.7,3
2026-01-23 15:40:00,4,15,0,512.0,0,8,25.6,52.8,3
2026-01-23 15:45:00,4,15,0,498.1,0,8,24.9,52.5,3
2026-01-23 15:50:00,4,15,0,487.4,0,8,24.4,52.2,3
2026-01-23 15:55:00,4,15,0,490.3,0,8,24.5,52.3,3
2026-01-23 16:00:00,4,16,0,489.5,0,8,24.5,52.2,3
2026-01-23 16:05:00,4,16,0,475.4,0,8,23.8,51.9,3
2026-01-23 16:10:00,4,16,0,494.1,0,8,24.7,52.4,3
2026-01-23 16:15:00,4,16,0,490.2,0,8,24.5,52.3,3
2026-01-23 16:20:00,4,16,0,504.2,0,8,25.2,52.6,3
2026-01-23 16:25:00,4,16,0,497.6,0,8,24.9,52.4,3
2026-01-23 16:30:00,4,16,0,466.0,0,8,23.3,51.6,3
2026-01-23 16:35:00,4,16,0,485.9,0,8,24.3,52.1,3
2026-01-23 16:40:00,4,16,0,456.6,0,8,22.8,51.4,3
2026-01-23 16:45:00,4,16,0,478.5,0,8,23.9,52.0,3
2026-01-23 16:50:00,4,16,0,457.4,0,8,22.9,51.4,3
2026-01-23 16:55:00,4,16,0,446.7,0,8,22.3,51.2,3
2026-01-23 17:00:00,4,17,0,463.1,0,8,23.2,51.6,3
2026-01-23 17:05:00,4,17,0,415.5,0,8,20.8,50.4,3
2026-01-23 17:10:00,4,17,0,426.0,0,8,21.3,50.6,3
2026-01-23 17:15:00,4,17,0,446.1,0,8,22.3,51.2,3
2026-01-23 17:20:00,4,17,0,446.5,0,8,22.3,51.2,3
2026-01-23 17:25:00,4,17,0,436.1,0,8,21.8,50.9,3
2026-01-23 17:30:00,4,17,0,414.2,0,8,20.7,50.4,3
2026-01-23 17:35:00,4,17,0,421.8,0,8,21.1,50.5,3
2026-01-23 17:40:00,4,17,0,436.1,0,8,21.8,50.9,3
2026-01-23 17:45:00,4,17,0,435.1,0,8,21.8,50.9,3
2026-01-23 17:50:00,4,17,0,422.1,0,8,21.1,50.6,3
2026-01-23 17:55:00,4,17,0,435.6,0,8,21.8,50.9,3
2026-01-23 18:00:00,4,18,0,420.2,0,8,21.0,50.5,3
2026-01-23 18:05:00,4,18,0,398.8,0,8,19.9,50.0,3
2026-01-23 18:10:00,4,18,0,401.6,0,8,20.1,50.0,3
2026-01-23 18:15:00,4,18,0,380.6,0,8,19.0,49.5,3
2026-01-23 18:20:00,4,18,0,395.7,0,8,19.8,49.9,3
2026-01-23 18:25:00,4,18,0,409.7,0,8,20.5,50.2,3
2026-01-23 18:30:00,4,18,0,399.0,0,8,20.0,50.0,3
2026-01-23 18:35:00,4,18,0,405.3,0,8,20.3,50.1,3
2026-01-23 18:40:00,4,18,0,375.4,0,8,18.8,49.4,3
2026-01-23 18:45:00,4,18,0,395.7,0,8,19.8,49.9,3
2026-01-23 18:50:00,4,18,0,368.2,0,8,18.4,49.2,2
2026-01-23 18:55:00,4,18,0,388.8,0,8,19.4,49.7,3
2026-01-23 19:00:00,4,19,0,362.0,0,8,18.1,49.0,2
2026-01-23 19:05:00,4,19,0,368.5,0,8,18.4,49.2,2
2026-01-23 19:10:00,4,19,0,375.6,0,8,18.8,49.4,3
2026-01-23 19:15:00,4,19,0,346.1,0,8,17.3,48.7,2
2026-01-23 19:20:00,4,19,0,347.9,0,8,17.4,48.7,2
2026-01-23 19:25:00,4,19,0,359.6,0,8,18.0,49.0,2
2026-01-23 19:30:00,4,19,0,333.9,0,8,16.7,48.3,2
2026-01-23 19:35:00,4,19,0,311.7,0,8,15.6,47.8,2
2026-01-23 19:40:00,4,19,0,359.4,0,8,18.0,49.0,2
2026-01-23 19:45:00,4,19,0,315.9,0,8,15.8,47.9,2
2026-01-23 19:50:00,4,19,0,321.0,0,8,16.0,48.0,2
2026-01-23 19:55:00,4,19,0,331.8,0,8,16.6,48.3,2
2026-01-23 20:00:00,4,20,0,301.1,0,8,15.1,47.5,2
2026-01-23 20:05:00,4,20,0,291.0,0,8,14.6,47.3,2
2026-01-23 20:10:00,4,20,0,305.8,0,8,15.3,47.6,2
2026-01-23 20:15:00,4,20,0,271.0,0,8,13.6,46.8,2
2026-01-23 20:20:00,4,20,0,289.6,0,8,14.5,47.2,2
2026-01-23 20:25:00,4,20,0,293.6,0,8,14.7,47.3,2
2026-01-23 20:30:00,4,20,0,281.9,0,8,14.1,47.0,2
2026-01-23 20:35:00,4,20,0,259.0,0,8,13.0,46.5,2
2026-01-23 20:40:00,4,20,0,302.2,0,8,15.1,47.6,2
2026-01-23 20:45:00,4,20,0,276.1,0,8,13.8,46.9,2
2026-01-23 20:50:00,4,20,0,292.3,0,8,14.6,47.3,2
2026-01-23 20:55:00,4,20,0,263.3,0,8,13.2,46.6,2
2026-01-23 21:00:00,4,21,0,250.4,0,8,12.5,46.3,2
2026-01-23 21:05:00,4,21,0,264.1,0,8,13.2,46.6,2
2026-01-23 21:10:00,4,21,0,253.4,0,8,12.7,46.3,2
2026-01-23 21:15:00,4,21,0,235.6,0,8,11.8,45.9,2
2026-01-23 21:20:00,4,21,0,272.0,0,8,13.6,46.8,2
2026-01-23 21:25:00,4,21,0,237.3,0,8,11.9,45.9,2
2026-01-23 21:30:00,4,21,0,215.9,0,8,10.8,45.4,2
2026-01-23 21:35:00,4,21,0,260.3,0,8,13.0,46.5,2
2026-01-23 21:40:00,4,21,0,229.7,0,8,11.5,45.7,2
2026-01-23 21:45:00,4,21,0,225.2,0,8,11.3,45.6,2
2026-01-23 21:50:00,4,21,0,204.9,0,8,10.2,45.1,2
2026-01-23 21:55:00,4,21,0,254.6,0,8,12.7,46.4,2
2026-01-23 22:00:00,4,22,0,206.4,0,8,10.3,45.2,2
2026-01-23 22:05:00,4,22,0,223.8,0,8,11.2,45.6,2
2026-01-23 22:10:00,4,22,0,234.0,0,8,11.7,45.8,2
2026-01-23 22:15:00,4,22,0,224.0,0,8,11.2,45.6,2
2026-01-23 22:20:00,4,22,0,214.3,0,8,10.7,45.4,2
2026-01-23 22:25:00,4,22,0,187.2,0,8,9.4,44.7,2
2026-01-23 22:30:00,4,22,0,198.2,0,8,9.9,45.0,2
2026-01-23 22:35:00,4,22,0,210.8,0,8,10.5,45.3,2
2026-01-23 22:40:00,4,22,0,194.0,0,8,9.7,44.8,2
2026-01-23 22:45:00,4,22,0,206.6,0,8,10.3,45.2,2
2026-01-23 22:50:00,4,22,0,211.7,0,8,10.6,45.3,2
2026-01-23 22:55:00,4,22,0,213.8,0,8,10.7,45.3,2
2026-01-23 23:00:00,4,23,0,179.0,0,8,9.0,44.5,2
2026-01-23 23:05:00,4,23,0,228.4,0,8,11.4,45.7,2
2026-01-23 23:10:00,4,23,0,205.1,0,8,10.3,45.1,2
2026-01-23 23:15:00,4,23,0,191.7,0,8,9.6,44.8,2
2026-01-23 23:20:00,4,23,0,206.3,0,8,10.3,45.2,2
2026-01-23 23:25:00,4,23,0,223.7,0,8,11.2,45.6,2
2026-01-23 23:30:00,4,23,0,165.0,0,8,8.2,44.1,2
2026-01-23 23:35:00,4,23,0,181.6,0,8,9.1,44.5,2
2026-01-23 23:40:00,4,23,0,147.8,0,8,7.4,43.7,2
2026-01-23 23:45:00,4,23,0,184.9,0,8,9.2,44.6,2
2026-01-23 23:50:00,4,23,0,186.0,0,8,9.3,44.6,2
2026-01-23 23:55:00,4,23,0,178.6,0,8,8.9,44.5,2
2026-01-24 00:00:00,5,0,1,87.9,0,8,4.4,42.2,2
2026-01-24 00:05:00,5,0,1,67.0,0,8,3.4,41.7,2
2026-01-24 00:10:00,5,0,1,103.3,0,8,5.2,42.6,2
2026-01-24 00:15:00,5,0,1,119.6,0,8,6.0,43.0,2
2026-01-24 00:20:00,5,0,1,88.9,0,8,4.4,42.2,2
2026-01-24 00:25:00,5,0,1,104.4,0,8,5.2,42.6,2
2026-01-24 00:30:00,5,0,1,74.3,0,8,3.7,41.9,2
2026-01-24 00:35:00,5,0,1,104.7,0,8,5.2,42.6,2
2026-01-24 00:40:00,5,0,1,92.0,0,8,4.6,42.3,2
2026-01-24 00:45:00,5,0,1,86.5,0,8,4.3,42.2,2
2026-01-24 00:50:00,5,0,1,86.5,0,8,4.3,42.2,2
2026-01-24 00:55:00,5,0,1,92.1,0,8,4.6,42.3,2
2026-01-24 01:00:00,5,1,1,103.7,0,8,5.2,42.6,2
2026-01-24 01:05:00,5,1,1,78.4,0,8,3.9,42.0,2
2026-01-24 01:10:00,5,1,1,92.1,0,8,4.6,42.3,2
2026-01-24 01:15:00,5,1,1,97.5,0,8,4.9,42.4,2
2026-01-24 01:20:00,5,1,1,81.7,0,8,4.1,42.0,2
2026-01-24 01:25:00,5,1,1,125.2,0,8,6.3,43.1,2
2026-01-24 01:30:00,5,1,1,85.5,0,8,4.3,42.1,2
2026-01-24 01:35:00,5,1,1,88.3,0,8,4.4,42.2,2
2026-01-24 01:40:00,5,1,1,83.7,0,8,4.2,42.1,2
2026-01-24 01:45:00,5,1,1,125.4,0,8,6.3,43.1,2
2026-01-24 01:50:00,5,1,1,106.8,0,8,5.3,42.7,2
2026-01-24 01:55:00,5,1,1,84.5,0,8,4.2,42.1,2
2026-01-24 02:00:00,5,2,1,115.3,0,8,5.8,42.9,2
2026-01-24 02:05:00,5,2,1,101.7,0,8,5.1,42.5,2
2026-01-24 02:10:00,5,2,1,102.7,0,8,5.1,42.6,2
2026-01-24 02:15:00,5,2,1,93.7,0,8,4.7,42.3,2
2026-01-24 02:20:00,5,2,1,87.8,0,8,4.4,42.2,2
2026-01-24 02:25:00,5,2,1,104.2,0,8,5.2,42.6,2
2026-01-24 02:30:00,5,2,1,91.0,0,8,4.6,42.3,2
2026-01-24 02:35:00,5,2,1,126.6,0,8,6.3,43.2,2
2026-01-24 02:40:00,5,2,1,80.4,0,8,4.0,42.0,2
2026-01-24 02:45:00,5,2,1,122.6,0,8,6.1,43.1,2
2026-01-24 02:50:00,5,2,1,98.1,0,8,4.9,42.5,2
2026-01-24 02:55:00,5,2,1,104.4,0,8,5.2,42.6,2
2026-01-24 03:00:00,5,3,1,112.5,0,8,5.6,42.8,2
2026-01-24 03:05:00,5,3,1,90.7,0,8,4.5,42.3,2
2026-01-24 03:10:00,5,3,1,113.3,0,8,5.7,42.8,2
2026-01-24 03:15:00,5,3,1,59.9,0,8,3.0,41.5,2
2026-01-24 03:20:00,5,3,1,89.9,0,8,4.5,42.2,2
2026-01-24 03:25:00,5,3,1,87.1,0,8,4.4,42.2,2
2026-01-24 03:30:00,5,3,1,82.3,0,8,4.1,42.1,2
2026-01-24 03:35:00,5,3,1,98.1,0,8,4.9,42.5,2
2026-01-24 03:40:00,5,3,1,107.4,0,8,5.4,42.7,2
2026-01-24 03:45:00,5,3,1,112.4,0,8,5.6,42.8,2
2026-01-24 03:50:00,5,3,1,105.7,0,8,5.3,42.6,2
2026-01-24 03:55:00,5,3,1,92.4,0,8,4.6,42.3,2
2026-01-24 04:00:00,5,4,1,108.2,0,8,5.4,42.7,2
2026-01-24 04:05:00,5,4,1,104.9,0,8,5.2,42.6,2
2026-01-24 04:10:00,5,4,1,117.4,0,8,5.9,42.9,2
2026-01-24 04:15:00,5,4,1,115.3,0,8,5.8,42.9,2
2026-01-24 04:20:00,5,4,1,104.5,0,8,5.2,42.6,2
2026-01-24 04:25:00,5,4,1,90.9,0,8,4.5,42.3,2
2026-01-24 04:30:00,5,4,1,95.0,0,8,4.8,42.4,2
2026-01-24 04:35:00,5,4,1,96.9,0,8,4.8,42.4,2
2026-01-24 04:40:00,5,4,1,100.9,0,8,5.0,42.5,2
2026-01-24 04:45:00,5,4,1,110.1,0,8,5.5,42.8,2
2026-01-24 04:50:00,5,4,1,117.2,0,8,5.9,42.9,2
2026-01-24 04:55:00,5,4,1,106.2,0,8,5.3,42.7,2
2026-01-24 05:00:00,5,5,1,107.7,0,8,5.4,42.7,2
2026-01-24 05:05:00,5,5,1,110.2,0,8,5.5,42.8,2
2026-01-24 05:10:00,5,5,1,100.8,0,8,5.0,42.5,2
2026-01-24 05:15:00,5,5,1,95.3,0,8,4.8,42.4,2
2026-01-24 05:20:00,5,5,1,83.4,0,8,4.2,42.1,2
2026-01-24 05:25:00,5,5,1,100.0,0,8,5.0,42.5,2
2026-01-24 05:30:00,5,5,1,118.2,0,8,5.9,43.0,2
2026-01-24 05:35:00,5,5,1,101.2,0,8,5.1,42.5,2
2026-01-24 05:40:00,5,5,1,108.9,0,8,5.4,42.7,2
2026-01-24 05:45:00,5,5,1,120.2,0,8,6.0,43.0,2
2026-01-24 05:50:00,5,5,1,121.8,0,8,6.1,43.0,2
2026-01-24 05:55:00,5,5,1,98.6,0,8,4.9,42.5,2
2026-01-24 06:00:00,5,6,1,130.6,0,8,6.5,43.3,2
2026-01-24 06:05:00,5,6,1,133.4,0,8,6.7,43.3,2
2026-01-24 06:10:00,5,6,1,100.4,0,8,5.0,42.5,2
2026-01-24 06:15:00,5,6,1,105.9,0,8,5.3,42.6,2
2026-01-24 06:20:00,5,6,1,137.1,0,8,6.9,43.4,2
2026-01-24 06:25:00,5,6,1,118.1,0,8,5.9,43.0,2
2026-01-24 06:30:00,5,6,1,88.0,0,8,4.4,42.2,2
2026-01-24 06:35:00,5,6,1,101.4,0,8,5.1,42.5,2
2026-01-24 06:40:00,5,6,1,119.7,0,8,6.0,43.0,2
2026-01-24 06:45:00,5,6,1,107.2,0,8,5.4,42.7,2
2026-01-24 06:50:00,5,6,1,119.6,0,8,6.0,43.0,2
2026-01-24 06:55:00,5,6,1,127.5,0,8,6.4,43.2,2
2026-01-24 07:00:00,5,7,1,150.2,0,8,7.5,43.8,2
2026-01-24 07:05:00,5,7,1,125.2,0,8,6.3,43.1,2
2026-01-24 07:10:00,5,7,1,147.0,0,8,7.4,43.7,2
2026-01-24 07:15:00,5,7,1,153.8,0,8,7.7,43.8,2
2026-01-24 07:20:00,5,7,1,155.3,0,8,7.8,43.9,2
2026-01-24 07:25:00,5,7,1,139.5,0,8,7.0,43.5,2
2026-01-24 07:30:00,5,7,1,107.3,0,8,5.4,42.7,2
2026-01-24 07:35:00,5,7,1,145.2,0,8,7.3,43.6,2
2026-01-24 07:40:00,5,7,1,155.6,0,8,7.8,43.9,2
2026-01-24 07:45:00,5,7,1,140.3,0,8,7.0,43.5,2
2026-01-24 07:50:00,5,7,1,169.4,0,8,8.5,44.2,2
2026-01-24 07:55:00,5,7,1,157.8,0,8,7.9,43.9,2
2026-01-24 08:00:00,5,8,1,155.2,0,8,7.8,43.9,2
2026-01-24 08:05:00,5,8,1,164.8,0,8,8.2,44.1,2
2026-01-24 08:10:00,5,8,1,155.4,0,8,7.8,43.9,2
2026-01-24 08:15:00,5,8,1,114.9,0,8,5.7,42.9,2
2026-01-24 08:20:00,5,8,1,146.7,0,8,7.3,43.7,2
2026-01-24 08:25:00,5,8,1,174.2,0,8,8.7,44.4,2
2026-01-24 08:30:00,5,8,1,146.1,0,8,7.3,43.7,2
2026-01-24 08:35:00,5,8,1,157.0,0,8,7.8,43.9,2
2026-01-24 08:40:00,5,8,1,146.8,0,8,7.3,43.7,2
2026-01-24 08:45:00,5,8,1,191.4,0,8,9.6,44.8,2
2026-01-24 08:50:00,5,8,1,192.0,0,8,9.6,44.8,2
2026-01-24 08:55:00,5,8,1,155.8,0,8,7.8,43.9,2
2026-01-24 09:00:00,5,9,1,173.6,0,8,8.7,44.3,2
2026-01-24 09:05:00,5,9,1,163.5,0,8,8.2,44.1,2
2026-01-24 09:10:00,5,9,1,185.3,0,8,9.3,44.6,2
2026-01-24 09:15:00,5,9,1,186.1,0,8,9.3,44.7,2
2026-01-24 09:20:00,5,9,1,193.1,0,8,9.7,44.8,2
2026-01-24 09:25:00,5,9,1,188.4,0,8,9.4,44.7,2
2026-01-24 09:30:00,5,9,1,229.9,0,8,11.5,45.7,2
2026-01-24 09:35:00,5,9,1,173.0,0,8,8.6,44.3,2
2026-01-24 09:40:00,5,9,1,165.4,0,8,8.3,44.1,2
2026-01-24 09:45:00,5,9,1,187.7,0,8,9.4,44.7,2
2026-01-24 09:50:00,5,9,1,172.8,0,8,8.6,44.3,2
2026-01-24 09:55:00,5,9,1,176.6,0,8,8.8,44.4,2
2026-01-24 10:00:00,5,10,1,186.6,0,8,9.3,44.7,2
2026-01-24 10:05:00,5,10,1,190.5,0,8,9.5,44.8,2
2026-01-24 10:10:00,5,10,1,192.8,0,8,9.6,44.8,2
2026-01-24 10:15:00,5,10,1,217.7,0,8,10.9,45.4,2
2026-01-24 10:20:00,5,10,1,205.1,0,8,10.3,45.1,2
2026-01-24 10:25:00,5,10,1,212.8,0,8,10.6,45.3,2
2026-01-24 10:30:00,5,10,1,231.7,0,8,11.6,45.8,2
2026-01-24 10:35:00,5,10,1,209.7,0,8,10.5,45.2,2
2026-01-24 10:40:00,5,10,1,220.0,0,8,11.0,45.5,2
2026-01-24 10:45:00,5,10,1,232.4,0,8,11.6,45.8,2
2026-01-24 10:50:00,5,10,1,200.6,0,8,10.0,45.0,2
2026-01-24 10:55:00,5,10,1,196.8,0,8,9.8,44.9,2
2026-01-24 11:00:00,5,11,1,240.7,0,8,12.0,46.0,2
2026-01-24 11:05:00,5,11,1,245.7,0,8,12.3,46.1,2
2026-01-24 11:10:00,5,11,1,272.2,0,8,13.6,46.8,2
2026-01-24 11:15:00,5,11,1,246.5,0,8,12.3,46.2,2
2026-01-24 11:20:00,5,11,1,259.3,0,8,13.0,46.5,2
2026-01-24 11:25:00,5,11,1,246.9,0,8,12.3,46.2,2
2026-01-24 11:30:00,5,11,1,257.1,0,8,12.9,46.4,2
2026-01-24 11:35:00,5,11,1,280.5,0,8,14.0,47.0,2
2026-01-24 11:40:00,5,11,1,226.4,0,8,11.3,45.7,2
2026-01-24 11:45:00,5,11,1,267.2,0,8,13.4,46.7,2
2026-01-24 11:50:00,5,11,1,295.8,0,8,14.8,47.4,2
2026-01-24 11:55:00,5,11,1,270.8,0,8,13.5,46.8,2
2026-01-24 12:00:00,5,12,1,294.0,0,8,14.7,47.4,2
2026-01-24 12:05:00,5,12,1,262.5,0,8,13.1,46.6,2
2026-01-24 12:10:00,5,12,1,274.0,0,8,13.7,46.8,2
2026-01-24 12:15:00,5,12,1,277.6,0,8,13.9,46.9,2
2026-01-24 12:20:00,5,12,1,246.4,0,8,12.3,46.2,2
2026-01-24 12:25:00,5,12,1,264.7,0,8,13.2,46.6,2
2026-01-24 12:30:00,5,12,1,268.2,0,8,13.4,46.7,2
2026-01-24 12:35:00,5,12,1,299.4,0,8,15.0,47.5,2
2026-01-24 12:40:00,5,12,1,302.5,0,8,15.1,47.6,2
2026-01-24 12:45:00,5,12,1,296.6,0,8,14.8,47.4,2
2026-01-24 12:50:00,5,12,1,306.3,0,8,15.3,47.7,2
2026-01-24 12:55:00,5,12,1,293.7,0,8,14.7,47.3,2
2026-01-24 13:00:00,5,13,1,316.3,0,8,15.8,47.9,2
2026-01-24 13:05:00,5,13,1,300.5,0,8,15.0,47.5,2
2026-01-24 13:10:00,5,13,1,303.2,0,8,15.2,47.6,2
2026-01-24 13:15:00,5,13,1,300.3,0,8,15.0,47.5,2
2026-01-24 13:20:00,5,13,1,316.4,0,8,15.8,47.9,2
2026-01-24 13:25:00,5,13,1,301.5,0,8,15.1,47.5,2
2026-01-24 13:30:00,5,13,1,324.2,0,8,16.2,48.1,2
2026-01-24 13:35:00,5,13,1,294.2,0,8,14.7,47.4,2
2026-01-24 13:40:00,5,13,1,296.2,0,8,14.8,47.4,2
2026-01-24 13:45:00,5,13,1,324.5,0,8,16.2,48.1,2
2026-01-24 13:50:00,5,13,1,314.2,0,8,15.7,47.9,2
2026-01-24 13:55:00,5,13,1,310.0,0,8,15.5,47.8,2
2026-01-24 14:00:00,5,14,1,331.4,0,8,16.6,48.3,2
2026-01-24 14:05:00,5,14,1,310.0,0,8,15.5,47.8,2
2026-01-24 14:10:00,5,14,1,317.1,0,8,15.9,47.9,2
2026-01-24 14:15:00,5,14,1,342.0,0,8,17.1,48.6,2
2026-01-24 14:20:00,5,14,1,344.9,0,8,17.2,48.6,2
2026-01-24 14:25:00,5,14,1,346.2,0,8,17.3,48.7,2
2026-01-24 14:30:00,5,14,1,319.0,0,8,16.0,48.0,2
2026-01-24 14:35:00,5,14,1,342.2,0,8,17.1,48.6,2
2026-01-24 14:40:00,5,14,1,310.0,0,8,15.5,47.8,2
2026-01-24 14:45:00,5,14,1,311.0,0,8,15.6,47.8,2
2026-01-24 14:50:00,5,14,1,289.5,0,8,14.5,47.2,2
2026-01-24 14:55:00,5,14,1,350.0,0,8,17.5,48.8,2
2026-01-24 15:00:00,5,15,1,312.0,0,8,15.6,47.8,2
2026-01-24 15:05:00,5,15,1,323.1,0,8,16.2,48.1,2
2026-01-24 15:10:00,5,15,1,311.1,0,8,15.6,47.8,2
2026-01-24 15:15:00,5,15,1,335.0,0,8,16.8,48.4,2
2026-01-24 15:20:00,5,15,1,318.6,0,8,15.9,48.0,2
2026-01-24 15:25:00,5,15,1,304.2,0,8,15.2,47.6,2
2026-01-24 15:30:00,5,15,1,329.9,0,8,16.5,48.2,2
2026-01-24 15:35:00,5,15,1,301.1,0,8,15.1,47.5,2
2026-01-24 15:40:00,5,15,1,309.3,0,8,15.5,47.7,2
2026-01-24 15:45:00,5,15,1,289.4,0,8,14.5,47.2,2
2026-01-24 15:50:00,5,15,1,298.8,0,8,14.9,47.5,2
2026-01-24 15:55:00,5,15,1,321.8,0,8,16.1,48.0,2
2026-01-24 16:00:00,5,16,1,288.5,0,8,14.4,47.2,2
2026-01-24 16:05:00,5,16,1,294.6,0,8,14.7,47.4,2
2026-01-24 16:10:00,5,16,1,315.5,0,8,15.8,47.9,2
2026-01-24 16:15:00,5,16,1,306.0,0,8,15.3,47.6,2
2026-01-24 16:20:00,5,16,1,342.6,0,8,17.1,48.6,2
2026-01-24 16:25:00,5,16,1,338.7,0,8,16.9,48.5,2
2026-01-24 16:30:00,5,16,1,296.5,0,8,14.8,47.4,2
2026-01-24 16:35:00,5,16,1,316.2,0,8,15.8,47.9,2
2026-01-24 16:40:00,5,16,1,317.3,0,8,15.9,47.9,2
2026-01-24 16:45:00,5,16,1,295.3,0,8,14.8,47.4,2
2026-01-24 16:50:00,5,16,1,279.9,0,8,14.0,47.0,2
2026-01-24 16:55:00,5,16,1,300.1,0,8,15.0,47.5,2
2026-01-24 17:00:00,5,17,1,295.7,0,8,14.8,47.4,2
2026-01-24 17:05:00,5,17,1,289.6,0,8,14.5,47.2,2
2026-01-24 17:10:00,5,17,1,300.6,0,8,15.0,47.5,2
2026-01-24 17:15:00,5,17,1,280.5,0,8,14.0,47.0,2
2026-01-24 17:20:00,5,17,1,272.1,0,8,13.6,46.8,2
2026-01-24 17:25:00,5,17,1,288.7,0,8,14.4,47.2,2
2026-01-24 17:30:00,5,17,1,290.4,0,8,14.5,47.3,2
2026-01-24 17:35:00,5,17,1,264.5,0,8,13.2,46.6,2
2026-01-24 17:40:00,5,17,1,293.6,0,8,14.7,47.3,2
2026-01-24 17:45:00,5,17,1,250.6,0,8,12.5,46.3,2
2026-01-24 17:50:00,5,17,1,265.9,0,8,13.3,46.6,2
2026-01-24 17:55:00,5,17,1,268.0,0,8,13.4,46.7,2
2026-01-24 18:00:00,5,18,1,259.7,0,8,13.0,46.5,2
2026-01-24 18:05:00,5,18,1,258.1,0,8,12.9,46.5,2
2026-01-24 18:10:00,5,18,1,291.9,0,8,14.6,47.3,2
2026-01-24 18:15:00,5,18,1,248.3,0,8,12.4,46.2,2
2026-01-24 18:20:00,5,18,1,294.9,0,8,14.7,47.4,2
2026-01-24 18:25:00,5,18,1,262.0,0,8,13.1,46.6,2
2026-01-24 18:30:00,5,18,1,254.0,0,8,12.7,46.4,2
2026-01-24 18:35:00,5,18,1,256.9,0,8,12.8,46.4,2
2026-01-24 18:40:00,5,18,1,284.9,0,8,14.2,47.1,2
2026-01-24 18:45:00,5,18,1,229.2,0,8,11.5,45.7,2
2026-01-24 18:50:00,5,18,1,224.4,0,8,11.2,45.6,2
2026-01-24 18:55:00,5,18,1,227.0,0,8,11.4,45.7,2
2026-01-24 19:00:00,5,19,1,236.0,0,8,11.8,45.9,2
2026-01-24 19:05:00,5,19,1,206.7,0,8,10.3,45.2,2
2026-01-24 19:10:00,5,19,1,230.1,0,8,11.5,45.8,2
2026-01-24 19:15:00,5,19,1,252.3,0,8,12.6,46.3,2
2026-01-24 19:20:00,5,19,1,226.3,0,8,11.3,45.7,2
2026-01-24 19:25:00,5,19,1,216.8,0,8,10.8,45.4,2
2026-01-24 19:30:00,5,19,1,209.1,0,8,10.5,45.2,2
2026-01-24 19:35:00,5,19,1,229.0,0,8,11.5,45.7,2
2026-01-24 19:40:00,5,19,1,200.3,0,8,10.0,45.0,2
2026-01-24 19:45:00,5,19,1,237.6,0,8,11.9,45.9,2
2026-01-24 19:50:00,5,19,1,236.1,0,8,11.8,45.9,2
2026-01-24 19:55:00,5,19,1,208.2,0,8,10.4,45.2,2
2026-01-24 20:00:00,5,20,1,201.5,0,8,10.1,45.0,2
2026-01-24 20:05:00,5,20,1,214.4,0,8,10.7,45.4,2
2026-01-24 20:10:00,5,20,1,212.7,0,8,10.6,45.3,2
2026-01-24 20:15:00,5,20,1,181.6,0,8,9.1,44.5,2
2026-01-24 20:20:00,5,20,1,183.1,0,8,9.2,44.6,2
2026-01-24 20:25:00,5,20,1,168.6,0,8,8.4,44.2,2
2026-01-24 20:30:00,5,20,1,192.0,0,8,9.6,44.8,2
2026-01-24 20:35:00,5,20,1,193.4,0,8,9.7,44.8,2
2026-01-24 20:40:00,5,20,1,160.7,0,8,8.0,44.0,2
2026-01-24 20:45:00,5,20,1,171.6,0,8,8.6,44.3,2
2026-01-24 20:50:00,5,20,1,155.8,0,8,7.8,43.9,2
2026-01-24 20:55:00,5,20,1,160.2,0,8,8.0,44.0,2
2026-01-24 21:00:00,5,21,1,179.6,0,8,9.0,44.5,2
2026-01-24 21:05:00,5,21,1,158.1,0,8,7.9,44.0,2
2026-01-24 21:10:00,5,21,1,162.3,0,8,8.1,44.1,2
2026-01-24 21:15:00,5,21,1,140.2,0,8,7.0,43.5,2
2026-01-24 21:20:00,5,21,1,165.3,0,8,8.3,44.1,2
2026-01-24 21:25:00,5,21,1,159.7,0,8,8.0,44.0,2
2026-01-24 21:30:00,5,21,1,147.3,0,8,7.4,43.7,2
2026-01-24 21:35:00,5,21,1,153.4,0,8,7.7,43.8,2
2026-01-24 21:40:00,5,21,1,156.9,0,8,7.8,43.9,2
2026-01-24 21:45:00,5,21,1,140.1,0,8,7.0,43.5,2
2026-01-24 21:50:00,5,21,1,128.2,0,8,6.4,43.2,2
2026-01-24 21:55:00,5,21,1,175.6,0,8,8.8,44.4,2
2026-01-24 22:00:00,5,22,1,137.2,0,8,6.9,43.4,2
2026-01-24 22:05:00,5,22,1,143.5,0,8,7.2,43.6,2
2026-01-24 22:10:00,5,22,1,158.4,0,8,7.9,44.0,2
2026-01-24 22:15:00,5,22,1,194.5,0,8,9.7,44.9,2
2026-01-24 22:20:00,5,22,1,121.2,0,8,6.1,43.0,2
2026-01-24 22:25:00,5,22,1,145.0,0,8,7.2,43.6,2
2026-01-24 22:30:00,5,22,1,126.1,0,8,6.3,43.2,2
2026-01-24 22:35:00,5,22,1,127.1,0,8,6.4,43.2,2
2026-01-24 22:40:00,5,22,1,122.9,0,8,6.1,43.1,2
2026-01-24 22:45:00,5,22,1,115.4,0,8,5.8,42.9,2
2026-01-24 22:50:00,5,22,1,130.3,0,8,6.5,43.3,2
2026-01-24 22:55:00,5,22,1,107.5,0,8,5.4,42.7,2
2026-01-24 23:00:00,5,23,1,142.5,0,8,7.1,43.6,2
2026-01-24 23:05:00,5,23,1,127.9,0,8,6.4,43.2,2
2026-01-24 23:10:00,5,23,1,132.1,0,8,6.6,43.3,2
2026-01-24 23:15:00,5,23,1,117.6,0,8,5.9,42.9,2
2026-01-24 23:20:00,5,23,1,118.0,0,8,5.9,43.0,2
2026-01-24 23:25:00,5,23,1,126.7,0,8,6.3,43.2,2
2026-01-24 23:30:00,5,23,1,103.8,0,8,5.2,42.6,2
2026-01-24 23:35:00,5,23,1,114.9,0,8,5.7,42.9,2
2026-01-24 23:40:00,5,23,1,106.4,0,8,5.3,42.7,2
2026-01-24 23:45:00,5,23,1,104.9,0,8,5.2,42.6,2
2026-01-24 23:50:00,5,23,1,85.7,0,8,4.3,42.1,2
2026-01-24 23:55:00,5,23,1,136.6,0,8,6.8,43.4,2
2026-01-25 00:00:00,6,0,1,87.4,0,8,4.4,42.2,2
2026-01-25 00:05:00,6,0,1,115.2,0,8,5.8,42.9,2
2026-01-25 00:10:00,6,0,1,113.8,0,8,5.7,42.8,2
2026-01-25 00:15:00,6,0,1,78.5,0,8,3.9,42.0,2
2026-01-25 00:20:00,6,0,1,81.4,0,8,4.1,42.0,2
2026-01-25 00:25:00,6,0,1,136.2,0,8,6.8,43.4,2
2026-01-25 00:30:00,6,0,1,124.1,0,8,6.2,43.1,2
2026-01-25 00:35:00,6,0,1,97.4,0,8,4.9,42.4,2
2026-01-25 00:40:00,6,0,1,101.7,0,8,5.1,42.5,2
2026-01-25 00:45:00,6,0,1,88.4,0,8,4.4,42.2,2
2026-01-25 00:50:00,6,0,1,104.4,0,8,5.2,42.6,2
2026-01-25 00:55:00,6,0,1,87.2,0,8,4.4,42.2,2
2026-01-25 01:00:00,6,1,1,67.5,0,8,3.4,41.7,2
2026-01-25 01:05:00,6,1,1,78.2,0,8,3.9,42.0,2
2026-01-25 01:10:00,6,1,1,98.4,0,8,4.9,42.5,2
2026-01-25 01:15:00,6,1,1,81.2,0,8,4.1,42.0,2
2026-01-25 01:20:00,6,1,1,97.2,0,8,4.9,42.4,2
2026-01-25 01:25:00,6,1,1,82.1,0,8,4.1,42.1,2
2026-01-25 01:30:00,6,1,1,86.5,0,8,4.3,42.2,2
2026-01-25 01:35:00,6,1,1,111.1,0,8,5.6,42.8,2
2026-01-25 01:40:00,6,1,1,102.1,0,8,5.1,42.6,2
2026-01-25 01:45:00,6,1,1,98.3,0,8,4.9,42.5,2
2026-01-25 01:50:00,6,1,1,111.7,0,8,5.6,42.8,2
2026-01-25 01:55:00,6,1,1,105.8,0,8,5.3,42.6,2
2026-01-25 02:00:00,6,2,1,120.4,0,8,6.0,43.0,2
2026-01-25 02:05:00,6,2,1,91.8,0,8,4.6,42.3,2
2026-01-25 02:10:00,6,2,1,92.4,0,8,4.6,42.3,2
2026-01-25 02:15:00,6,2,1,79.4,0,8,4.0,42.0,2
2026-01-25 02:20:00,6,2,1,92.6,0,8,4.6,42.3,2
2026-01-25 02:25:00,6,2,1,113.6,0,8,5.7,42.8,2
2026-01-25 02:30:00,6,2,1,118.7,0,8,5.9,43.0,2
2026-01-25 02:35:00,6,2,1,113.7,0,8,5.7,42.8,2
2026-01-25 02:40:00,6,2,1,72.5,0,8,3.6,41.8,2
2026-01-25 02:45:00,6,2,1,115.8,0,8,5.8,42.9,2
2026-01-25 02:50:00,6,2,1,72.2,0,8,3.6,41.8,2
2026-01-25 02:55:00,6,2,1,113.3,0,8,5.7,42.8,2
2026-01-25 03:00:00,6,3,1,94.5,0,8,4.7,42.4,2
2026-01-25 03:05:00,6,3,1,110.7,0,8,5.5,42.8,2
2026-01-25 03:10:00,6,3,1,80.4,0,8,4.0,42.0,2
2026-01-25 03:15:00,6,3,1,118.1,0,8,5.9,43.0,2
2026-01-25 03:20:00,6,3,1,78.8,0,8,3.9,42.0,2
2026-01-25 03:25:00,6,3,1,90.9,0,8,4.5,42.3,2
2026-01-25 03:30:00,6,3,1,86.2,0,8,4.3,42.2,2
2026-01-25 03:35:00,6,3,1,75.1,0,8,3.8,41.9,2
2026-01-25 03:40:00,6,3,1,103.0,0,8,5.1,42.6,2
2026-01-25 03:45:00,6,3,1,128.9,0,8,6.4,43.2,2
2026-01-25 03:50:00,6,3,1,142.1,0,8,7.1,43.6,2
2026-01-25 03:55:00,6,3,1,103.9,0,8,5.2,42.6,2
2026-01-25 04:00:00,6,4,1,119.4,0,8,6.0,43.0,2
2026-01-25 04:05:00,6,4,1,106.5,0,8,5.3,42.7,2
2026-01-25 04:10:00,6,4,1,110.8,0,8,5.5,42.8,2
2026-01-25 04:15:00,6,4,1,98.5,0,8,4.9,42.5,2
2026-01-25 04:20:00,6,4,1,106.9,0,8,5.3,42.7,2
2026-01-25 04:25:00,6,4,1,112.4,0,8,5.6,42.8,2
2026-01-25 04:30:00,6,4,1,96.1,0,8,4.8,42.4,2
2026-01-25 04:35:00,6,4,1,104.0,0,8,5.2,42.6,2
2026-01-25 04:40:00,6,4,1,104.7,0,8,5.2,42.6,2
2026-01-25 04:45:00,6,4,1,118.4,0,8,5.9,43.0,2
2026-01-25 04:50:00,6,4,1,90.5,0,8,4.5,42.3,2
2026-01-25 04:55:00,6,4,1,106.2,0,8,5.3,42.7,2
2026-01-25 05:00:00,6,5,1,136.2,0,8,6.8,43.4,2
2026-01-25 05:05:00,6,5,1,125.5,0,8,6.3,43.1,2
2026-01-25 05:10:00,6,5,1,128.8,0,8,6.4,43.2,2
2026-01-25 05:15:00,6,5,1,109.5,0,8,5.5,42.7,2
2026-01-25 05:20:00,6,5,1,114.6,0,8,5.7,42.9,2
2026-01-25 05:25:00,6,5,1,125.4,0,8,6.3,43.1,2
2026-01-25 05:30:00,6,5,1,134.5,0,8,6.7,43.4,2
2026-01-25 05:35:00,6,5,1,82.5,0,8,4.1,42.1,2
2026-01-25 05:40:00,6,5,1,92.7,0,8,4.6,42.3,2
2026-01-25 05:45:00,6,5,1,132.8,0,8,6.6,43.3,2
2026-01-25 05:50:00,6,5,1,109.8,0,8,5.5,42.7,2
2026-01-25 05:55:00,6,5,1,104.7,0,8,5.2,42.6,2
2026-01-25 06:00:00,6,6,1,96.8,0,8,4.8,42.4,2
2026-01-25 06:05:00,6,6,1,108.1,0,8,5.4,42.7,2
2026-01-25 06:10:00,6,6,1,96.3,0,8,4.8,42.4,2
2026-01-25 06:15:00,6,6,1,149.7,0,8,7.5,43.7,2
2026-01-25 06:20:00,6,6,1,118.9,0,8,5.9,43.0,2
2026-01-25 06:25:00,6,6,1,119.4,0,8,6.0,43.0,2
2026-01-25 06:30:00,6,6,1,130.1,0,8,6.5,43.3,2
2026-01-25 06:35:00,6,6,1,136.8,0,8,6.8,43.4,2
2026-01-25 06:40:00,6,6,1,137.7,1,8,6.9,43.4,2
2026-01-25 06:45:00,6,6,1,384.2,1,8,19.2,49.6,3
2026-01-25 06:50:00,6,6,1,494.6,1,8,24.7,52.4,3
2026-01-25 06:55:00,6,6,1,659.4,1,8,33.0,56.5,4
2026-01-25 07:00:00,6,7,1,836.3,1,8,41.8,60.9,5
2026-01-25 07:05:00,6,7,1,727.8,1,8,36.4,58.2,4
2026-01-25 07:10:00,6,7,1,704.0,1,8,35.2,57.6,4
2026-01-25 07:15:00,6,7,1,587.9,1,8,29.4,54.7,4
2026-01-25 07:20:00,6,7,1,397.3,1,8,19.9,49.9,3
2026-01-25 07:25:00,6,7,1,108.5,0,8,5.4,42.7,2
2026-01-25 07:30:00,6,7,1,147.4,0,8,7.4,43.7,2
2026-01-25 07:35:00,6,7,1,134.8,0,8,6.7,43.4,2
2026-01-25 07:40:00,6,7,1,150.5,0,8,7.5,43.8,2
2026-01-25 07:45:00,6,7,1,153.2,0,8,7.7,43.8,2
2026-01-25 07:50:00,6,7,1,167.3,0,8,8.4,44.2,2
2026-01-25 07:55:00,6,7,1,165.2,0,8,8.3,44.1,2
2026-01-25 08:00:00,6,8,1,166.9,0,8,8.3,44.2,2
2026-01-25 08:05:00,6,8,1,170.2,0,8,8.5,44.3,2
2026-01-25 08:10:00,6,8,1,154.7,0,8,7.7,43.9,2
2026-01-25 08:15:00,6,8,1,152.8,0,8,7.6,43.8,2
2026-01-25 08:20:00,6,8,1,167.3,0,8,8.4,44.2,2
2026-01-25 08:25:00,6,8,1,167.2,0,8,8.4,44.2,2
2026-01-25 08:30:00,6,8,1,153.6,0,8,7.7,43.8,2
2026-01-25 08:35:00,6,8,1,166.4,0,8,8.3,44.2,2
2026-01-25 08:40:00,6,8,1,161.9,0,8,8.1,44.0,2
2026-01-25 08:45:00,6,8,1,151.8,0,8,7.6,43.8,2
2026-01-25 08:50:00,6,8,1,186.2,0,8,9.3,44.7,2
2026-01-25 08:55:00,6,8,1,169.9,0,8,8.5,44.2,2
2026-01-25 09:00:00,6,9,1,202.1,0,8,10.1,45.1,2
2026-01-25 09:05:00,6,9,1,149.3,0,8,7.5,43.7,2
2026-01-25 09:10:00,6,9,1,167.7,0,8,8.4,44.2,2
2026-01-25 09:15:00,6,9,1,178.9,0,8,8.9,44.5,2
2026-01-25 09:20:00,6,9,1,198.0,0,8,9.9,45.0,2
2026-01-25 09:25:00,6,9,1,189.4,0,8,9.5,44.7,2
2026-01-25 09:30:00,6,9,1,190.6,0,8,9.5,44.8,2
2026-01-25 09:35:00,6,9,1,171.5,0,8,8.6,44.3,2
2026-01-25 09:40:00,6,9,1,173.7,0,8,8.7,44.3,2
2026-01-25 09:45:00,6,9,1,198.5,0,8,9.9,45.0,2
2026-01-25 09:50:00,6,9,1,175.8,0,8,8.8,44.4,2
2026-01-25 09:55:00,6,9,1,191.0,0,8,9.6,44.8,2
2026-01-25 10:00:00,6,10,1,209.2,0,8,10.5,45.2,2
2026-01-25 10:05:00,6,10,1,189.6,0,8,9.5,44.7,2
2026-01-25 10:10:00,6,10,1,231.2,0,8,11.6,45.8,2
2026-01-25 10:15:00,6,10,1,228.3,0,8,11.4,45.7,2
2026-01-25 10:20:00,6,10,1,189.1,0,8,9.5,44.7,2
2026-01-25 10:25:00,6,10,1,201.5,0,8,10.1,45.0,2
2026-01-25 10:30:00,6,10,1,184.0,0,8,9.2,44.6,2
2026-01-25 10:35:00,6,10,1,209.4,0,8,10.5,45.2,2
2026-01-25 10:40:00,6,10,1,235.5,0,8,11.8,45.9,2
2026-01-25 10:45:00,6,10,1,220.7,0,8,11.0,45.5,2
2026-01-25 10:50:00,6,10,1,236.7,0,8,11.8,45.9,2
2026-01-25 10:55:00,6,10,1,209.8,0,8,10.5,45.2,2
2026-01-25 11:00:00,6,11,1,247.5,0,8,12.4,46.2,2
2026-01-25 11:05:00,6,11,1,230.0,0,8,11.5,45.8,2
2026-01-25 11:10:00,6,11,1,241.4,0,8,12.1,46.0,2
2026-01-25 11:15:00,6,11,1,242.7,0,8,12.1,46.1,2
2026-01-25 11:20:00,6,11,1,227.9,0,8,11.4,45.7,2
2026-01-25 11:25:00,6,11,1,232.5,0,8,11.6,45.8,2
2026-01-25 11:30:00,6,11,1,267.2,0,8,13.4,46.7,2
2026-01-25 11:35:00,6,11,1,261.4,0,8,13.1,46.5,2
2026-01-25 11:40:00,6,11,1,274.0,0,8,13.7,46.8,2
2026-01-25 11:45:00,6,11,1,265.9,0,8,13.3,46.6,2
2026-01-25 11:50:00,6,11,1,265.9,0,8,13.3,46.6,2
2026-01-25 11:55:00,6,11,1,240.6,0,8,12.0,46.0,2
2026-01-25 12:00:00,6,12,1,265.2,0,8,13.3,46.6,2
2026-01-25 12:05:00,6,12,1,271.5,0,8,13.6,46.8,2
2026-01-25 12:10:00,6,12,1,303.8,0,8,15.2,47.6,2
2026-01-25 12:15:00,6,12,1,287.4,0,8,14.4,47.2,2
2026-01-25 12:20:00,6,12,1,302.7,0,8,15.1,47.6,2
2026-01-25 12:25:00,6,12,1,291.1,0,8,14.6,47.3,2
2026-01-25 12:30:00,6,12,1,274.0,0,8,13.7,46.8,2
2026-01-25 12:35:00,6,12,1,288.8,0,8,14.4,47.2,2
2026-01-25 12:40:00,6,12,1,293.0,0,8,14.6,47.3,2
2026-01-25 12:45:00,6,12,1,277.6,0,8,13.9,46.9,2
2026-01-25 12:50:00,6,12,1,288.2,0,8,14.4,47.2,2
2026-01-25 12:55:00,6,12,1,293.1,0,8,14.7,47.3,2
2026-01-25 13:00:00,6,13,1,322.4,0,8,16.1,48.1,2
2026-01-25 13:05:00,6,13,1,269.1,0,8,13.5,46.7,2
2026-01-25 13:10:00,6,13,1,320.4,0,8,16.0,48.0,2
2026-01-25 13:15:00,6,13,1,290.2,0,8,14.5,47.3,2
2026-01-25 13:20:00,6,13,1,285.5,0,8,14.3,47.1,2
2026-01-25 13:25:00,6,13,1,325.6,0,8,16.3,48.1,2
2026-01-25 13:30:00,6,13,1,320.5,0,8,16.0,48.0,2
2026-01-25 13:35:00,6,13,1,330.0,0,8,16.5,48.2,2
2026-01-25 13:40:00,6,13,1,324.7,0,8,16.2,48.1,2
2026-01-25 13:45:00,6,13,1,345.1,0,8,17.3,48.6,2
2026-01-25 13:50:00,6,13,1,323.9,0,8,16.2,48.1,2
2026-01-25 13:55:00,6,13,1,314.5,0,8,15.7,47.9,2
2026-01-25 14:00:00,6,14,1,323.1,0,8,16.2,48.1,2
2026-01-25 14:05:00,6,14,1,337.8,0,8,16.9,48.4,2
2026-01-25 14:10:00,6,14,1,308.4,0,8,15.4,47.7,2
2026-01-25 14:15:00,6,14,1,311.3,0,8,15.6,47.8,2
2026-01-25 14:20:00,6,14,1,317.2,0,8,15.9,47.9,2
2026-01-25 14:25:00,6,14,1,291.0,0,8,14.6,47.3,2
2026-01-25 14:30:00,6,14,1,325.3,0,8,16.3,48.1,2
2026-01-25 14:35:00,6,14,1,295.5,0,8,14.8,47.4,2
2026-01-25 14:40:00,6,14,1,325.0,0,8,16.2,48.1,2
2026-01-25 14:45:00,6,14,1,337.5,0,8,16.9,48.4,2
2026-01-25 14:50:00,6,14,1,317.6,0,8,15.9,47.9,2
2026-01-25 14:55:00,6,14,1,350.1,0,8,17.5,48.8,2
2026-01-25 15:00:00,6,15,1,303.1,0,8,15.2,47.6,2
2026-01-25 15:05:00,6,15,1,342.8,0,8,17.1,48.6,2
2026-01-25 15:10:00,6,15,1,334.9,0,8,16.7,48.4,2
2026-01-25 15:15:00,6,15,1,298.8,0,8,14.9,47.5,2
2026-01-25 15:20:00,6,15,1,364.9,0,8,18.2,49.1,2
2026-01-25 15:25:00,6,15,1,322.8,0,8,16.1,48.1,2
2026-01-25 15:30:00,6,15,1,310.1,0,8,15.5,47.8,2
2026-01-25 15:35:00,6,15,1,301.5,0,8,15.1,47.5,2
2026-01-25 15:40:00,6,15,1,318.6,0,8,15.9,48.0,2
2026-01-25 15:45:00,6,15,1,319.1,0,8,16.0,48.0,2
2026-01-25 15:50:00,6,15,1,321.7,0,8,16.1,48.0,2
2026-01-25 15:55:00,6,15,1,314.6,0,8,15.7,47.9,2
2026-01-25 16:00:00,6,16,1,327.5,0,8,16.4,48.2,2
2026-01-25 16:05:00,6,16,1,311.0,0,8,15.6,47.8,2
2026-01-25 16:10:00,6,16,1,286.5,0,8,14.3,47.2,2
2026-01-25 16:15:00,6,16,1,311.9,0,8,15.6,47.8,2
2026-01-25 16:20:00,6,16,1,277.2,0,8,13.9,46.9,2
2026-01-25 16:25:00,6,16,1,316.5,0,8,15.8,47.9,2
2026-01-25 16:30:00,6,16,1,294.9,0,8,14.7,47.4,2
2026-01-25 16:35:00,6,16,1,310.3,0,8,15.5,47.8,2
2026-01-25 16:40:00,6,16,1,325.8,0,8,16.3,48.1,2
2026-01-25 16:45:00,6,16,1,290.0,0,8,14.5,47.2,2
2026-01-25 16:50:00,6,16,1,318.2,0,8,15.9,48.0,2
2026-01-25 16:55:00,6,16,1,293.8,0,8,14.7,47.3,2
2026-01-25 17:00:00,6,17,1,324.6,0,8,16.2,48.1,2
2026-01-25 17:05:00,6,17,1,290.7,0,8,14.5,47.3,2
2026-01-25 17:10:00,6,17,1,281.4,0,8,14.1,47.0,2
2026-01-25 17:15:00,6,17,1,302.0,0,8,15.1,47.6,2
2026-01-25 17:20:00,6,17,1,282.9,1,8,14.1,47.1,2
2026-01-25 17:25:00,6,17,1,863.1,1,8,43.2,61.6,5
2026-01-25 17:30:00,6,17,1,1419.6,1,8,71.0,75.5,8
2026-01-25 17:35:00,6,17,1,1901.2,1,8,95.1,343.7,11
2026-01-25 17:40:00,6,17,1,2376.0,1,8,118.8,1528.5,13
2026-01-25 17:45:00,6,17,1,2117.8,1,8,105.9,779.3,12
2026-01-25 17:50:00,6,17,1,2346.3,1,8,117.3,1430.3,13
2026-01-25 17:55:00,6,17,1,2229.1,1,8,111.5,1072.8,12
2026-01-25 18:00:00,6,18,1,1837.9,1,8,91.9,252.5,10
2026-01-25 18:05:00,6,18,1,1464.1,1,8,73.2,76.6,8
2026-01-25 18:10:00,6,18,1,826.1,1,8,41.3,60.7,5
2026-01-25 18:15:00,6,18,1,258.3,0,8,12.9,46.5,2
2026-01-25 18:20:00,6,18,1,267.1,0,8,13.4,46.7,2
2026-01-25 18:25:00,6,18,1,257.0,0,8,12.8,46.4,2
2026-01-25 18:30:00,6,18,1,246.8,0,8,12.3,46.2,2
2026-01-25 18:35:00,6,18,1,257.5,0,8,12.9,46.4,2
2026-01-25 18:40:00,6,18,1,237.2,0,8,11.9,45.9,2
2026-01-25 18:45:00,6,18,1,234.9,0,8,11.7,45.9,2
2026-01-25 18:50:00,6,18,1,233.3,0,8,11.7,45.8,2
2026-01-25 18:55:00,6,18,1,258.7,0,8,12.9,46.5,2
2026-01-25 19:00:00,6,19,1,187.2,0,8,9.4,44.7,2
2026-01-25 19:05:00,6,19,1,238.5,0,8,11.9,46.0,2
2026-01-25 19:10:00,6,19,1,230.3,0,8,11.5,45.8,2
2026-01-25 19:15:00,6,19,1,201.7,0,8,10.1,45.0,2
2026-01-25 19:20:00,6,19,1,228.7,0,8,11.4,45.7,2
2026-01-25 19:25:00,6,19,1,228.3,0,8,11.4,45.7,2
2026-01-25 19:30:00,6,19,1,227.2,0,8,11.4,45.7,2
2026-01-25 19:35:00,6,19,1,175.7,0,8,8.8,44.4,2
2026-01-25 19:40:00,6,19,1,233.2,0,8,11.7,45.8,2
2026-01-25 19:45:00,6,19,1,198.8,0,8,9.9,45.0,2
2026-01-25 19:50:00,6,19,1,217.4,0,8,10.9,45.4,2
2026-01-25 19:55:00,6,19,1,215.5,0,8,10.8,45.4,2
2026-01-25 20:00:00,6,20,1,188.5,0,8,9.4,44.7,2
2026-01-25 20:05:00,6,20,1,208.9,0,8,10.4,45.2,2
2026-01-25 20:10:00,6,20,1,190.5,0,8,9.5,44.8,2
2026-01-25 20:15:00,6,20,1,162.6,0,8,8.1,44.1,2
2026-01-25 20:20:00,6,20,1,208.5,0,8,10.4,45.2,2
2026-01-25 20:25:00,6,20,1,176.8,0,8,8.8,44.4,2
2026-01-25 20:30:00,6,20,1,173.1,0,8,8.7,44.3,2
2026-01-25 20:35:00,6,20,1,177.3,0,8,8.9,44.4,2
2026-01-25 20:40:00,6,20,1,185.0,0,8,9.2,44.6,2
2026-01-25 20:45:00,6,20,1,177.6,0,8,8.9,44.4,2
2026-01-25 20:50:00,6,20,1,184.3,0,8,9.2,44.6,2
2026-01-25 20:55:00,6,20,1,153.6,0,8,7.7,43.8,2
2026-01-25 21:00:00,6,21,1,160.2,0,8,8.0,44.0,2
2026-01-25 21:05:00,6,21,1,167.3,0,8,8.4,44.2,2
2026-01-25 21:10:00,6,21,1,195.3,0,8,9.8,44.9,2
2026-01-25 21:15:00,6,21,1,162.9,0,8,8.1,44.1,2
2026-01-25 21:20:00,6,21,1,178.7,0,8,8.9,44.5,2
2026-01-25 21:25:00,6,21,1,160.9,0,8,8.0,44.0,2
2026-01-25 21:30:00,6,21,1,151.0,0,8,7.6,43.8,2
2026-01-25 21:35:00,6,21,1,152.5,0,8,7.6,43.8,2
2026-01-25 21:40:00,6,21,1,151.7,0,8,7.6,43.8,2
2026-01-25 21:45:00,6,21,1,161.3,0,8,8.1,44.0,2
2026-01-25 21:50:00,6,21,1,171.0,0,8,8.6,44.3,2
2026-01-25 21:55:00,6,21,1,153.9,0,8,7.7,43.8,2
2026-01-25 22:00:00,6,22,1,164.5,0,8,8.2,44.1,2
2026-01-25 22:05:00,6,22,1,130.5,0,8,6.5,43.3,2
2026-01-25 22:10:00,6,22,1,137.0,0,8,6.8,43.4,2
2026-01-25 22:15:00,6,22,1,130.7,0,8,6.5,43.3,2
2026-01-25 22:20:00,6,22,1,144.6,0,8,7.2,43.6,2
2026-01-25 22:25:00,6,22,1,132.9,0,8,6.6,43.3,2
2026-01-25 22:30:00,6,22,1,147.7,0,8,7.4,43.7,2
2026-01-25 22:35:00,6,22,1,121.2,0,8,6.1,43.0,2
2026-01-25 22:40:00,6,22,1,134.4,0,8,6.7,43.4,2
2026-01-25 22:45:00,6,22,1,142.6,0,8,7.1,43.6,2
2026-01-25 22:50:00,6,22,1,100.0,0,8,5.0,42.5,2
2026-01-25 22:55:00,6,22,1,161.4,0,8,8.1,44.0,2
2026-01-25 23:00:00,6,23,1,124.0,0,8,6.2,43.1,2
2026-01-25 23:05:00,6,23,1,96.7,0,8,4.8,42.4,2
2026-01-25 23:10:00,6,23,1,128.2,0,8,6.4,43.2,2
2026-01-25 23:15:00,6,23,1,125.1,0,8,6.3,43.1,2
2026-01-25 23:20:00,6,23,1,122.2,0,8,6.1,43.1,2
2026-01-25 23:25:00,6,23,1,137.2,0,8,6.9,43.4,2
2026-01-25 23:30:00,6,23,1,132.5,0,8,6.6,43.3,2
2026-01-25 23:35:00,6,23,1,124.7,0,8,6.2,43.1,2
2026-01-25 23:40:00,6,23,1,126.0,0,8,6.3,43.2,2
2026-01-25 23:45:00,6,23,1,116.7,0,8,5.8,42.9,2
2026-01-25 23:50:00,6,23,1,144.0,0,8,7.2,43.6,2
2026-01-25 23:55:00,6,23,1,94.3,0,8,4.7,42.4,2
2026-01-26 00:00:00,0,0,0,152.4,0,8,7.6,43.8,2
2026-01-26 00:05:00,0,0,0,151.3,0,8,7.6,43.8,2
2026-01-26 00:10:00,0,0,0,162.6,0,8,8.1,44.1,2
2026-01-26 00:15:00,0,0,0,137.7,0,8,6.9,43.4,2
2026-01-26 00:20:00,0,0,0,124.3,0,8,6.2,43.1,2
2026-01-26 00:25:00,0,0,0,152.8,0,8,7.6,43.8,2
2026-01-26 00:30:00,0,0,0,154.7,0,8,7.7,43.9,2
2026-01-26 00:35:00,0,0,0,172.9,0,8,8.6,44.3,2
2026-01-26 00:40:00,0,0,0,131.5,0,8,6.6,43.3,2
2026-01-26 00:45:00,0,0,0,167.9,0,8,8.4,44.2,2
2026-01-26 00:50:00,0,0,0,186.2,0,8,9.3,44.7,2
2026-01-26 00:55:00,0,0,0,145.0,0,8,7.2,43.6,2
2026-01-26 01:00:00,0,1,0,131.4,0,8,6.6,43.3,2
2026-01-26 01:05:00,0,1,0,144.7,0,8,7.2,43.6,2
2026-01-26 01:10:00,0,1,0,151.1,0,8,7.6,43.8,2
2026-01-26 01:15:00,0,1,0,159.4,0,8,8.0,44.0,2
2026-01-26 01:20:00,0,1,0,142.2,0,8,7.1,43.6,2
2026-01-26 01:25:00,0,1,0,174.4,0,8,8.7,44.4,2
2026-01-26 01:30:00,0,1,0,134.5,0,8,6.7,43.4,2
2026-01-26 01:35:00,0,1,0,125.2,0,8,6.3,43.1,2
2026-01-26 01:40:00,0,1,0,168.0,0,8,8.4,44.2,2
2026-01-26 01:45:00,0,1,0,117.3,0,8,5.9,42.9,2
2026-01-26 01:50:00,0,1,0,148.5,0,8,7.4,43.7,2
2026-01-26 01:55:00,0,1,0,198.4,0,8,9.9,45.0,2
2026-01-26 02:00:00,0,2,0,151.6,0,8,7.6,43.8,2
2026-01-26 02:05:00,0,2,0,135.1,0,8,6.8,43.4,2
2026-01-26 02:10:00,0,2,0,151.2,0,8,7.6,43.8,2
2026-01-26 02:15:00,0,2,0,151.4,0,8,7.6,43.8,2
2026-01-26 02:20:00,0,2,0,154.7,0,8,7.7,43.9,2
2026-01-26 02:25:00,0,2,0,162.4,0,8,8.1,44.1,2
2026-01-26 02:30:00,0,2,0,137.1,0,8,6.9,43.4,2
2026-01-26 02:35:00,0,2,0,178.1,0,8,8.9,44.5,2
2026-01-26 02:40:00,0,2,0,156.7,0,8,7.8,43.9,2
2026-01-26 02:45:00,0,2,0,164.1,0,8,8.2,44.1,2
2026-01-26 02:50:00,0,2,0,144.0,0,8,7.2,43.6,2
2026-01-26 02:55:00,0,2,0,172.9,0,8,8.6,44.3,2
2026-01-26 03:00:00,0,3,0,150.0,0,8,7.5,43.8,2
2026-01-26 03:05:00,0,3,0,158.3,0,8,7.9,44.0,2
2026-01-26 03:10:00,0,3,0,140.4,0,8,7.0,43.5,2
2026-01-26 03:15:00,0,3,0,139.7,0,8,7.0,43.5,2
2026-01-26 03:20:00,0,3,0,165.3,0,8,8.3,44.1,2
2026-01-26 03:25:00,0,3,0,148.6,0,8,7.4,43.7,2
2026-01-26 03:30:00,0,3,0,142.8,0,8,7.1,43.6,2
2026-01-26 03:35:00,0,3,0,146.3,0,8,7.3,43.7,2
2026-01-26 03:40:00,0,3,0,166.8,0,8,8.3,44.2,2
2026-01-26 03:45:00,0,3,0,147.3,0,8,7.4,43.7,2
2026-01-26 03:50:00,0,3,0,155.3,0,8,7.8,43.9,2
2026-01-26 03:55:00,0,3,0,157.8,0,8,7.9,43.9,2
2026-01-26 04:00:00,0,4,0,129.2,0,8,6.5,43.2,2
2026-01-26 04:05:00,0,4,0,136.4,0,8,6.8,43.4,2
2026-01-26 04:10:00,0,4,0,164.0,0,8,8.2,44.1,2
2026-01-26 04:15:00,0,4,0,148.4,0,8,7.4,43.7,2
2026-01-26 04:20:00,0,4,0,175.8,0,8,8.8,44.4,2
2026-01-26 04:25:00,0,4,0,175.1,0,8,8.8,44.4,2
2026-01-26 04:30:00,0,4,0,172.0,0,8,8.6,44.3,2
2026-01-26 04:35:00,0,4,0,189.1,0,8,9.5,44.7,2
2026-01-26 04:40:00,0,4,0,161.2,0,8,8.1,44.0,2
2026-01-26 04:45:00,0,4,0,172.9,0,8,8.6,44.3,2
2026-01-26 04:50:00,0,4,0,155.1,0,8,7.8,43.9,2
2026-01-26 04:55:00,0,4,0,201.4,0,8,10.1,45.0,2
2026-01-26 05:00:00,0,5,0,195.1,0,8,9.8,44.9,2
2026-01-26 05:05:00,0,5,0,166.4,0,8,8.3,44.2,2
2026-01-26 05:10:00,0,5,0,172.9,0,8,8.6,44.3,2
2026-01-26 05:15:00,0,5,0,188.3,0,8,9.4,44.7,2
2026-01-26 05:20:00,0,5,0,166.7,0,8,8.3,44.2,2
2026-01-26 05:25:00,0,5,0,160.0,0,8,8.0,44.0,2
2026-01-26 05:30:00,0,5,0,184.0,0,8,9.2,44.6,2
2026-01-26 05:35:00,0,5,0,173.1,0,8,8.7,44.3,2
2026-01-26 05:40:00,0,5,0,175.7,0,8,8.8,44.4,2
2026-01-26 05:45:00,0,5,0,161.6,0,8,8.1,44.0,2
2026-01-26 05:50:00,0,5,0,149.6,0,8,7.5,43.7,2
2026-01-26 05:55:00,0,5,0,180.1,0,8,9.0,44.5,2
2026-01-26 06:00:00,0,6,0,191.4,0,8,9.6,44.8,2
2026-01-26 06:05:00,0,6,0,175.8,0,8,8.8,44.4,2
2026-01-26 06:10:00,0,6,0,202.1,0,8,10.1,45.1,2
2026-01-26 06:15:00,0,6,0,171.4,0,8,8.6,44.3,2
2026-01-26 06:20:00,0,6,0,167.7,0,8,8.4,44.2,2
2026-01-26 06:25:00,0,6,0,184.0,0,8,9.2,44.6,2
2026-01-26 06:30:00,0,6,0,185.4,0,8,9.3,44.6,2
2026-01-26 06:35:00,0,6,0,199.8,0,8,10.0,45.0,2
2026-01-26 06:40:00,0,6,0,178.3,0,8,8.9,44.5,2
2026-01-26 06:45:00,0,6,0,212.2,0,8,10.6,45.3,2
2026-01-26 06:50:00,0,6,0,223.0,0,8,11.2,45.6,2
2026-01-26 06:55:00,0,6,0,194.8,0,8,9.7,44.9,2
2026-01-26 07:00:00,0,7,0,216.1,0,8,10.8,45.4,2
2026-01-26 07:05:00,0,7,0,183.5,0,8,9.2,44.6,2
2026-01-26 07:10:00,0,7,0,217.6,0,8,10.9,45.4,2
2026-01-26 07:15:00,0,7,0,219.3,0,8,11.0,45.5,2
2026-01-26 07:20:00,0,7,0,218.7,0,8,10.9,45.5,2
2026-01-26 07:25:00,0,7,0,207.8,1,8,10.4,45.2,2
2026-01-26 07:30:00,0,7,0,515.4,1,8,25.8,52.9,3
2026-01-26 07:35:00,0,7,0,1023.3,1,8,51.2,65.6,6
2026-01-26 07:40:00,0,7,0,1367.5,1,8,68.4,74.2,8
2026-01-26 07:45:00,0,7,0,1582.5,1,8,79.1,79.6,9
2026-01-26 07:50:00,0,7,0,1864.4,1,8,93.2,288.6,10
2026-01-26 07:55:00,0,7,0,1818.6,1,8,90.9,228.1,10
2026-01-26 08:00:00,0,8,0,1662.7,1,8,83.1,95.6,9
2026-01-26 08:05:00,0,8,0,1412.7,1,8,70.6,75.3,8
2026-01-26 08:10:00,0,8,0,1111.5,1,8,55.6,67.8,6
2026-01-26 08:15:00,0,8,0,779.5,1,8,39.0,59.5,5
2026-01-26 08:20:00,0,8,0,227.4,0,8,11.4,45.7,2
2026-01-26 08:25:00,0,8,0,232.6,0,8,11.6,45.8,2
2026-01-26 08:30:00,0,8,0,236.6,0,8,11.8,45.9,2
2026-01-26 08:35:00,0,8,0,251.8,0,8,12.6,46.3,2
2026-01-26 08:40:00,0,8,0,256.8,0,8,12.8,46.4,2
2026-01-26 08:45:00,0,8,0,207.6,0,8,10.4,45.2,2
2026-01-26 08:50:00,0,8,0,272.0,0,8,13.6,46.8,2
2026-01-26 08:55:00,0,8,0,281.7,0,8,14.1,47.0,2
2026-01-26 09:00:00,0,9,0,247.9,0,8,12.4,46.2,2
2026-01-26 09:05:00,0,9,0,252.6,0,8,12.6,46.3,2
2026-01-26 09:10:00,0,9,0,264.1,0,8,13.2,46.6,2
2026-01-26 09:15:00,0,9,0,263.2,0,8,13.2,46.6,2
2026-01-26 09:20:00,0,9,0,281.7,0,8,14.1,47.0,2
2026-01-26 09:25:00,0,9,0,252.9,0,8,12.6,46.3,2
2026-01-26 09:30:00,0,9,0,269.2,0,8,13.5,46.7,2
2026-01-26 09:35:00,0,9,0,313.0,0,8,15.6,47.8,2
2026-01-26 09:40:00,0,9,0,280.0,0,8,14.0,47.0,2
2026-01-26 09:45:00,0,9,0,316.6,0,8,15.8,47.9,2
2026-01-26 09:50:00,0,9,0,307.3,0,8,15.4,47.7,2
2026-01-26 09:55:00,0,9,0,278.9,0,8,13.9,47.0,2
2026-01-26 10:00:00,0,10,0,319.8,0,8,16.0,48.0,2
2026-01-26 10:05:00,0,10,0,312.7,0,8,15.6,47.8,2
2026-01-26 10:10:00,0,10,0,311.8,0,8,15.6,47.8,2
2026-01-26 10:15:00,0,10,0,326.6,0,8,16.3,48.2,2
2026-01-26 10:20:00,0,10,0,334.3,0,8,16.7,48.4,2
2026-01-26 10:25:00,0,10,0,342.2,0,8,17.1,48.6,2
2026-01-26 10:30:00,0,10,0,353.6,0,8,17.7,48.8,2
2026-01-26 10:35:00,0,10,0,346.4,0,8,17.3,48.7,2
2026-01-26 10:40:00,0,10,0,324.0,0,8,16.2,48.1,2
2026-01-26 10:45:00,0,10,0,341.9,0,8,17.1,48.5,2
2026-01-26 10:50:00,0,10,0,397.6,0,8,19.9,49.9,3
2026-01-26 10:55:00,0,10,0,368.7,0,8,18.4,49.2,2
2026-01-26 11:00:00,0,11,0,397.8,0,8,19.9,49.9,3
2026-01-26 11:05:00,0,11,0,387.6,0,8,19.4,49.7,3
2026-01-26 11:10:00,0,11,0,374.8,0,8,18.7,49.4,2
2026-01-26 11:15:00,0,11,0,380.1,0,8,19.0,49.5,3
2026-01-26 11:20:00,0,11,0,379.4,0,8,19.0,49.5,3
2026-01-26 11:25:00,0,11,0,358.2,0,8,17.9,49.0,2
2026-01-26 11:30:00,0,11,0,388.9,0,8,19.4,49.7,3
2026-01-26 11:35:00,0,11,0,411.2,0,8,20.6,50.3,3
2026-01-26 11:40:00,0,11,0,388.3,0,8,19.4,49.7,3
2026-01-26 11:45:00,0,11,0,407.8,0,8,20.4,50.2,3
2026-01-26 11:50:00,0,11,0,418.6,0,8,20.9,50.5,3
2026-01-26 11:55:00,0,11,0,396.4,0,8,19.8,49.9,3
2026-01-26 12:00:00,0,12,0,407.4,0,8,20.4,50.2,3
2026-01-26 12:05:00,0,12,0,403.0,0,8,20.2,50.1,3
2026-01-26 12:10:00,0,12,0,410.0,0,8,20.5,50.2,3
2026-01-26 12:15:00,0,12,0,407.0,0,8,20.3,50.2,3
2026-01-26 12:20:00,0,12,0,416.8,0,8,20.8,50.4,3
2026-01-26 12:25:00,0,12,0,455.4,0,8,22.8,51.4,3
2026-01-26 12:30:00,0,12,0,424.2,0,8,21.2,50.6,3
2026-01-26 12:35:00,0,12,0,443.5,0,8,22.2,51.1,3
2026-01-26 12:40:00,0,12,0,437.7,0,8,21.9,50.9,3
2026-01-26 12:45:00,0,12,0,466.5,0,8,23.3,51.7,3
2026-01-26 12:50:00,0,12,0,471.9,0,8,23.6,51.8,3
2026-01-26 12:55:00,0,12,0,468.6,0,8,23.4,51.7,3
2026-01-26 13:00:00,0,13,0,463.5,0,8,23.2,51.6,3
2026-01-26 13:05:00,0,13,0,458.6,0,8,22.9,51.5,3
2026-01-26 13:10:00,0,13,0,447.2,0,8,22.4,51.2,3
2026-01-26 13:15:00,0,13,0,497.2,0,8,24.9,52.4,3
2026-01-26 13:20:00,0,13,0,459.5,0,8,23.0,51.5,3
2026-01-26 13:25:00,0,13,0,483.6,0,8,24.2,52.1,3
2026-01-26 13:30:00,0,13,0,492.1,0,8,24.6,52.3,3
2026-01-26 13:35:00,0,13,0,470.4,0,8,23.5,51.8,3
2026-01-26 13:40:00,0,13,0,496.7,0,8,24.8,52.4,3
2026-01-26 13:45:00,0,13,0,494.8,0,8,24.7,52.4,3
2026-01-26 13:50:00,0,13,0,511.3,0,8,25.6,52.8,3
2026-01-26 13:55:00,0,13,0,480.4,0,8,24.0,52.0,3
2026-01-26 14:00:00,0,14,0,469.9,0,8,23.5,51.7,3
2026-01-26 14:05:00,0,14,0,483.3,0,8,24.2,52.1,3
2026-01-26 14:10:00,0,14,0,495.6,0,8,24.8,52.4,3
2026-01-26 14:15:00,0,14,0,494.8,0,8,24.7,52.4,3
2026-01-26 14:20:00,0,14,0,489.3,0,8,24.5,52.2,3
2026-01-26 14:25:00,0,14,0,467.7,0,8,23.4,51.7,3
2026-01-26 14:30:00,0,14,0,504.3,0,8,25.2,52.6,3
2026-01-26 14:35:00,0,14,0,527.7,0,8,26.4,53.2,3
2026-01-26 14:40:00,0,14,0,505.8,0,8,25.3,52.6,3
2026-01-26 14:45:00,0,14,0,508.5,0,8,25.4,52.7,3
2026-01-26 14:50:00,0,14,0,508.3,0,8,25.4,52.7,3
2026-01-26 14:55:00,0,14,0,505.9,0,8,25.3,52.6,3
2026-01-26 15:00:00,0,15,0,514.0,0,8,25.7,52.8,3
2026-01-26 15:05:00,0,15,0,505.9,0,8,25.3,52.6,3
2026-01-26 15:10:00,0,15,0,495.0,0,8,24.8,52.4,3
2026-01-26 15:15:00,0,15,0,487.4,0,8,24.4,52.2,3
2026-01-26 15:20:00,0,15,0,495.1,0,8,24.8,52.4,3
2026-01-26 15:25:00,0,15,0,502.8,0,8,25.1,52.6,3
2026-01-26 15:30:00,0,15,0,492.5,0,8,24.6,52.3,3
2026-01-26 15:35:00,0,15,0,501.0,0,8,25.0,52.5,3
2026-01-26 15:40:00,0,15,0,501.8,0,8,25.1,52.5,3
2026-01-26 15:45:00,0,15,0,506.4,0,8,25.3,52.7,3
2026-01-26 15:50:00,0,15,0,511.7,0,8,25.6,52.8,3
2026-01-26 15:55:00,0,15,0,492.1,0,8,24.6,52.3,3
2026-01-26 16:00:00,0,16,0,469.6,0,8,23.5,51.7,3
2026-01-26 16:05:00,0,16,0,482.2,0,8,24.1,52.1,3
2026-01-26 16:10:00,0,16,0,486.1,0,8,24.3,52.2,3
2026-01-26 16:15:00,0,16,0,455.8,0,8,22.8,51.4,3
2026-01-26 16:20:00,0,16,0,501.9,0,8,25.1,52.5,3
2026-01-26 16:25:00,0,16,0,480.9,0,8,24.0,52.0,3
2026-01-26 16:30:00,0,16,0,482.0,0,8,24.1,52.0,3
2026-01-26 16:35:00,0,16,0,494.1,0,8,24.7,52.4,3
2026-01-26 16:40:00,0,16,0,461.4,0,8,23.1,51.5,3
2026-01-26 16:45:00,0,16,0,476.7,0,8,23.8,51.9,3
2026-01-26 16:50:00,0,16,0,463.5,0,8,23.2,51.6,3
2026-01-26 16:55:00,0,16,0,459.3,0,8,23.0,51.5,3
2026-01-26 17:00:00,0,17,0,447.3,0,8,22.4,51.2,3
2026-01-26 17:05:00,0,17,0,480.6,0,8,24.0,52.0,3
2026-01-26 17:10:00,0,17,0,446.6,0,8,22.3,51.2,3
2026-01-26 17:15:00,0,17,0,459.3,0,8,23.0,51.5,3
2026-01-26 17:20:00,0,17,0,417.1,0,8,20.9,50.4,3
2026-01-26 17:25:00,0,17,0,459.3,0,8,23.0,51.5,3
2026-01-26 17:30:00,0,17,0,453.7,0,8,22.7,51.3,3
2026-01-26 17:35:00,0,17,0,435.6,0,8,21.8,50.9,3
2026-01-26 17:40:00,0,17,0,426.9,0,8,21.3,50.7,3
2026-01-26 17:45:00,0,17,0,432.3,0,8,21.6,50.8,3
2026-01-26 17:50:00,0,17,0,456.7,0,8,22.8,51.4,3
2026-01-26 17:55:00,0,17,0,391.8,0,8,19.6,49.8,3
2026-01-26 18:00:00,0,18,0,425.9,0,8,21.3,50.6,3
2026-01-26 18:05:00,0,18,0,396.4,0,8,19.8,49.9,3
2026-01-26 18:10:00,0,18,0,405.5,0,8,20.3,50.1,3
2026-01-26 18:15:00,0,18,0,397.9,0,8,19.9,49.9,3
2026-01-26 18:20:00,0,18,0,390.9,0,8,19.5,49.8,3
2026-01-26 18:25:00,0,18,0,392.9,0,8,19.6,49.8,3
2026-01-26 18:30:00,0,18,0,371.7,0,8,18.6,49.3,2
2026-01-26 18:35:00,0,18,0,399.8,0,8,20.0,50.0,3
2026-01-26 18:40:00,0,18,0,353.0,0,8,17.6,48.8,2
2026-01-26 18:45:00,0,18,0,383.6,0,8,19.2,49.6,3
2026-01-26 18:50:00,0,18,0,366.2,0,8,18.3,49.2,2
2026-01-26 18:55:00,0,18,0,349.1,0,8,17.5,48.7,2
2026-01-26 19:00:00,0,19,0,365.3,0,8,18.3,49.1,2
2026-01-26 19:05:00,0,19,0,334.5,0,8,16.7,48.4,2
2026-01-26 19:10:00,0,19,0,354.0,0,8,17.7,48.8,2
2026-01-26 19:15:00,0,19,0,327.7,0,8,16.4,48.2,2
2026-01-26 19:20:00,0,19,0,351.6,0,8,17.6,48.8,2
2026-01-26 19:25:00,0,19,0,326.4,0,8,16.3,48.2,2
2026-01-26 19:30:00,0,19,0,329.1,0,8,16.5,48.2,2
2026-01-26 19:35:00,0,19,0,335.9,0,8,16.8,48.4,2
2026-01-26 19:40:00,0,19,0,315.6,0,8,15.8,47.9,2
2026-01-26 19:45:00,0,19,0,322.1,0,8,16.1,48.1,2
2026-01-26 19:50:00,0,19,0,296.0,0,8,14.8,47.4,2
2026-01-26 19:55:00,0,19,0,323.9,0,8,16.2,48.1,2
2026-01-26 20:00:00,0,20,0,336.7,0,8,16.8,48.4,2
2026-01-26 20:05:00,0,20,0,348.0,0,8,17.4,48.7,2
2026-01-26 20:10:00,0,20,0,303.3,0,8,15.2,47.6,2
2026-01-26 20:15:00,0,20,0,309.7,1,8,15.5,47.7,2
2026-01-26 20:20:00,0,20,0,1016.2,1,8,50.8,65.4,6
2026-01-26 20:25:00,0,20,0,1729.8,1,8,86.5,138.0,10
2026-01-26 20:30:00,0,20,0,1647.8,1,8,82.4,89.6,9
2026-01-26 20:35:00,0,20,0,1045.4,1,8,52.3,66.1,6
2026-01-26 20:40:00,0,20,0,296.9,0,8,14.8,47.4,2
2026-01-26 20:45:00,0,20,0,270.7,0,8,13.5,46.8,2
2026-01-26 20:50:00,0,20,0,264.0,0,8,13.2,46.6,2
2026-01-26 20:55:00,0,20,0,274.3,0,8,13.7,46.9,2
2026-01-26 21:00:00,0,21,0,247.7,0,8,12.4,46.2,2
2026-01-26 21:05:00,0,21,0,275.4,0,8,13.8,46.9,2
2026-01-26 21:10:00,0,21,0,240.8,0,8,12.0,46.0,2
2026-01-26 21:15:00,0,21,0,237.5,0,8,11.9,45.9,2
2026-01-26 21:20:00,0,21,0,236.3,0,8,11.8,45.9,2
2026-01-26 21:25:00,0,21,0,258.1,0,8,12.9,46.5,2
2026-01-26 21:30:00,0,21,0,234.2,0,8,11.7,45.9,2
2026-01-26 21:35:00,0,21,0,220.1,0,8,11.0,45.5,2
2026-01-26 21:40:00,0,21,0,228.2,0,8,11.4,45.7,2
2026-01-26 21:45:00,0,21,0,233.8,0,8,11.7,45.8,2
2026-01-26 21:50:00,0,21,0,213.6,0,8,10.7,45.3,2
2026-01-26 21:55:00,0,21,0,211.2,0,8,10.6,45.3,2
2026-01-26 22:00:00,0,22,0,257.4,0,8,12.9,46.4,2
2026-01-26 22:05:00,0,22,0,210.1,0,8,10.5,45.3,2
2026-01-26 22:10:00,0,22,0,215.5,0,8,10.8,45.4,2
2026-01-26 22:15:00,0,22,0,212.2,0,8,10.6,45.3,2
2026-01-26 22:20:00,0,22,0,208.9,0,8,10.4,45.2,2
2026-01-26 22:25:00,0,22,0,222.1,0,8,11.1,45.6,2
2026-01-26 22:30:00,0,22,0,224.6,0,8,11.2,45.6,2
2026-01-26 22:35:00,0,22,0,203.4,0,8,10.2,45.1,2
2026-01-26 22:40:00,0,22,0,187.2,0,8,9.4,44.7,2
2026-01-26 22:45:00,0,22,0,222.7,0,8,11.1,45.6,2
2026-01-26 22:50:00,0,22,0,200.0,0,8,10.0,45.0,2
2026-01-26 22:55:00,0,22,0,225.3,0,8,11.3,45.6,2
2026-01-26 23:00:00,0,23,0,163.7,0,8,8.2,44.1,2
2026-01-26 23:05:00,0,23,0,198.4,0,8,9.9,45.0,2
2026-01-26 23:10:00,0,23,0,222.3,0,8,11.1,45.6,2
2026-01-26 23:15:00,0,23,0,186.4,0,8,9.3,44.7,2
2026-01-26 23:20:00,0,23,0,186.6,0,8,9.3,44.7,2
2026-01-26 23:25:00,0,23,0,192.7,0,8,9.6,44.8,2
2026-01-26 23:30:00,0,23,0,178.2,0,8,8.9,44.5,2
2026-01-26 23:35:00,0,23,0,180.3,0,8,9.0,44.5,2
2026-01-26 23:40:00,0,23,0,178.4,0,8,8.9,44.5,2
2026-01-26 23:45:00,0,23,0,172.6,0,8,8.6,44.3,2
2026-01-26 23:50:00,0,23,0,199.0,0,8,10.0,45.0,2
2026-01-26 23:55:00,0,23,0,186.1,0,8,9.3,44.7,2
2026-01-27 00:00:00,1,0,0,154.1,0,8,7.7,43.9,2
2026-01-27 00:05:00,1,0,0,162.5,0,8,8.1,44.1,2
2026-01-27 00:10:00,1,0,0,146.4,0,8,7.3,43.7,2
2026-01-27 00:15:00,1,0,0,138.8,0,8,6.9,43.5,2
2026-01-27 00:20:00,1,0,0,141.4,0,8,7.1,43.5,2
2026-01-27 00:25:00,1,0,0,150.5,0,8,7.5,43.8,2
2026-01-27 00:30:00,1,0,0,134.6,0,8,6.7,43.4,2
2026-01-27 00:35:00,1,0,0,143.0,0,8,7.2,43.6,2
2026-01-27 00:40:00,1,0,0,142.8,0,8,7.1,43.6,2
2026-01-27 00:45:00,1,0,0,182.5,0,8,9.1,44.6,2
2026-01-27 00:50:00,1,0,0,109.1,0,8,5.5,42.7,2
2026-01-27 00:55:00,1,0,0,148.0,0,8,7.4,43.7,2
2026-01-27 01:00:00,1,1,0,176.7,0,8,8.8,44.4,2
2026-01-27 01:05:00,1,1,0,152.7,0,8,7.6,43.8,2
2026-01-27 01:10:00,1,1,0,162.2,0,8,8.1,44.1,2
2026-01-27 01:15:00,1,1,0,152.4,0,8,7.6,43.8,2
2026-01-27 01:20:00,1,1,0,141.0,0,8,7.0,43.5,2
2026-01-27 01:25:00,1,1,0,117.5,0,8,5.9,42.9,2
2026-01-27 01:30:00,1,1,0,154.3,0,8,7.7,43.9,2
2026-01-27 01:35:00,1,1,0,139.6,0,8,7.0,43.5,2
2026-01-27 01:40:00,1,1,0,139.3,0,8,7.0,43.5,2
2026-01-27 01:45:00,1,1,0,144.0,0,8,7.2,43.6,2
2026-01-27 01:50:00,1,1,0,177.7,0,8,8.9,44.4,2
2026-01-27 01:55:00,1,1,0,187.7,0,8,9.4,44.7,2
2026-01-27 02:00:00,1,2,0,155.0,0,8,7.8,43.9,2
2026-01-27 02:05:00,1,2,0,144.9,0,8,7.2,43.6,2
2026-01-27 02:10:00,1,2,0,134.4,0,8,6.7,43.4,2
2026-01-27 02:15:00,1,2,0,159.2,0,8,8.0,44.0,2
2026-01-27 02:20:00,1,2,0,179.1,0,8,9.0,44.5,2
2026-01-27 02:25:00,1,2,0,148.8,0,8,7.4,43.7,2
2026-01-27 02:30:00,1,2,0,117.0,0,8,5.9,42.9,2
2026-01-27 02:35:00,1,2,0,162.9,0,8,8.1,44.1,2
2026-01-27 02:40:00,1,2,0,167.8,0,8,8.4,44.2,2
2026-01-27 02:45:00,1,2,0,129.4,0,8,6.5,43.2,2
2026-01-27 02:50:00,1,2,0,156.1,0,8,7.8,43.9,2
2026-01-27 02:55:00,1,2,0,160.4,0,8,8.0,44.0,2
2026-01-27 03:00:00,1,3,0,152.8,0,8,7.6,43.8,2
2026-01-27 03:05:00,1,3,0,142.3,0,8,7.1,43.6,2
2026-01-27 03:10:00,1,3,0,169.6,0,8,8.5,44.2,2
2026-01-27 03:15:00,1,3,0,148.6,0,8,7.4,43.7,2
2026-01-27 03:20:00,1,3,0,132.7,0,8,6.6,43.3,2
2026-01-27 03:25:00,1,3,0,124.5,0,8,6.2,43.1,2
2026-01-27 03:30:00,1,3,0,174.5,0,8,8.7,44.4,2
2026-01-27 03:35:00,1,3,0,165.2,0,8,8.3,44.1,2
2026-01-27 03:40:00,1,3,0,157.6,0,8,7.9,43.9,2
2026-01-27 03:45:00,1,3,0,150.1,0,8,7.5,43.8,2
2026-01-27 03:50:00,1,3,0,149.2,0,8,7.5,43.7,2
2026-01-27 03:55:00,1,3,0,141.4,0,8,7.1,43.5,2
2026-01-27 04:00:00,1,4,0,151.5,0,8,7.6,43.8,2
2026-01-27 04:05:00,1,4,0,126.6,0,8,6.3,43.2,2
2026-01-27 04:10:00,1,4,0,147.9,0,8,7.4,43.7,2
2026-01-27 04:15:00,1,4,0,154.8,0,8,7.7,43.9,2
2026-01-27 04:20:00,1,4,0,169.1,0,8,8.5,44.2,2
2026-01-27 04:25:00,1,4,0,160.0,0,8,8.0,44.0,2
2026-01-27 04:30:00,1,4,0,173.1,0,8,8.7,44.3,2
2026-01-27 04:35:00,1,4,0,182.0,0,8,9.1,44.6,2
2026-01-27 04:40:00,1,4,0,178.3,0,8,8.9,44.5,2
2026-01-27 04:45:00,1,4,0,170.2,0,8,8.5,44.3,2
2026-01-27 04:50:00,1,4,0,164.0,0,8,8.2,44.1,2
2026-01-27 04:55:00,1,4,0,149.9,0,8,7.5,43.7,2
2026-01-27 05:00:00,1,5,0,176.5,0,8,8.8,44.4,2
2026-01-27 05:05:00,1,5,0,191.4,0,8,9.6,44.8,2
2026-01-27 05:10:00,1,5,0,172.2,0,8,8.6,44.3,2
2026-01-27 05:15:00,1,5,0,196.7,0,8,9.8,44.9,2
2026-01-27 05:20:00,1,5,0,146.0,0,8,7.3,43.6,2
2026-01-27 05:25:00,1,5,0,152.5,0,8,7.6,43.8,2
2026-01-27 05:30:00,1,5,0,183.7,0,8,9.2,44.6,2
2026-01-27 05:35:00,1,5,0,175.9,0,8,8.8,44.4,2
2026-01-27 05:40:00,1,5,0,192.7,0,8,9.6,44.8,2
2026-01-27 05:45:00,1,5,0,173.9,0,8,8.7,44.3,2
2026-01-27 05:50:00,1,5,0,162.3,0,8,8.1,44.1,2
2026-01-27 05:55:00,1,5,0,173.4,0,8,8.7,44.3,2
2026-01-27 06:00:00,1,6,0,154.9,0,8,7.7,43.9,2
2026-01-27 06:05:00,1,6,0,162.2,0,8,8.1,44.1,2
2026-01-27 06:10:00,1,6,0,195.1,0,8,9.8,44.9,2
2026-01-27 06:15:00,1,6,0,195.1,0,8,9.8,44.9,2
2026-01-27 06:20:00,1,6,0,188.9,0,8,9.4,44.7,2
2026-01-27 06:25:00,1,6,0,159.2,0,8,8.0,44.0,2
2026-01-27 06:30:00,1,6,0,181.2,0,8,9.1,44.5,2
2026-01-27 06:35:00,1,6,0,169.9,0,8,8.5,44.2,2
2026-01-27 06:40:00,1,6,0,207.6,0,8,10.4,45.2,2
2026-01-27 06:45:00,1,6,0,183.0,0,8,9.2,44.6,2
2026-01-27 06:50:00,1,6,0,177.3,0,8,8.9,44.4,2
2026-01-27 06:55:00,1,6,0,195.9,0,8,9.8,44.9,2
2026-01-27 07:00:00,1,7,0,187.8,0,8,9.4,44.7,2
2026-01-27 07:05:00,1,7,0,221.6,0,8,11.1,45.5,2
2026-01-27 07:10:00,1,7,0,190.4,0,8,9.5,44.8,2
2026-01-27 07:15:00,1,7,0,182.6,0,8,9.1,44.6,2
2026-01-27 07:20:00,1,7,0,173.5,0,8,8.7,44.3,2
2026-01-27 07:25:00,1,7,0,207.6,0,8,10.4,45.2,2
2026-01-27 07:30:00,1,7,0,201.9,0,8,10.1,45.0,2
2026-01-27 07:35:00,1,7,0,191.3,0,8,9.6,44.8,2
2026-01-27 07:40:00,1,7,0,233.0,0,8,11.6,45.8,2
2026-01-27 07:45:00,1,7,0,227.7,0,8,11.4,45.7,2
2026-01-27 07:50:00,1,7,0,219.9,0,8,11.0,45.5,2
2026-01-27 07:55:00,1,7,0,243.4,0,8,12.2,46.1,2
2026-01-27 08:00:00,1,8,0,235.6,0,8,11.8,45.9,2
2026-01-27 08:05:00,1,8,0,216.1,0,8,10.8,45.4,2
2026-01-27 08:10:00,1,8,0,215.8,0,8,10.8,45.4,2
2026-01-27 08:15:00,1,8,0,246.5,0,8,12.3,46.2,2
2026-01-27 08:20:00,1,8,0,243.2,0,8,12.2,46.1,2
2026-01-27 08:25:00,1,8,0,242.9,0,8,12.1,46.1,2
2026-01-27 08:30:00,1,8,0,230.8,0,8,11.5,45.8,2
2026-01-27 08:35:00,1,8,0,255.8,0,8,12.8,46.4,2
2026-01-27 08:40:00,1,8,0,238.6,0,8,11.9,46.0,2
2026-01-27 08:45:00,1,8,0,251.7,0,8,12.6,46.3,2
2026-01-27 08:50:00,1,8,0,278.4,0,8,13.9,47.0,2
2026-01-27 08:55:00,1,8,0,250.2,0,8,12.5,46.3,2
2026-01-27 09:00:00,1,9,0,240.0,0,8,12.0,46.0,2
2026-01-27 09:05:00,1,9,0,251.4,0,8,12.6,46.3,2
2026-01-27 09:10:00,1,9,0,285.8,0,8,14.3,47.1,2
2026-01-27 09:15:00,1,9,0,278.4,0,8,13.9,47.0,2
2026-01-27 09:20:00,1,9,0,276.4,0,8,13.8,46.9,2
2026-01-27 09:25:00,1,9,0,274.5,0,8,13.7,46.9,2
2026-01-27 09:30:00,1,9,0,293.3,0,8,14.7,47.3,2
2026-01-27 09:35:00,1,9,0,277.2,0,8,13.9,46.9,2
2026-01-27 09:40:00,1,9,0,298.5,0,8,14.9,47.5,2
2026-01-27 09:45:00,1,9,0,286.9,0,8,14.3,47.2,2
2026-01-27 09:50:00,1,9,0,288.5,0,8,14.4,47.2,2
2026-01-27 09:55:00,1,9,0,296.5,0,8,14.8,47.4,2
2026-01-27 10:00:00,1,10,0,304.6,0,8,15.2,47.6,2
2026-01-27 10:05:00,1,10,0,313.7,0,8,15.7,47.8,2
2026-01-27 10:10:00,1,10,0,322.2,0,8,16.1,48.1,2
2026-01-27 10:15:00,1,10,0,267.6,0,8,13.4,46.7,2
2026-01-27 10:20:00,1,10,0,315.1,0,8,15.8,47.9,2
2026-01-27 10:25:00,1,10,0,325.7,0,8,16.3,48.1,2
2026-01-27 10:30:00,1,10,0,358.5,0,8,17.9,49.0,2
2026-01-27 10:35:00,1,10,0,324.1,0,8,16.2,48.1,2
2026-01-27 10:40:00,1,10,0,347.1,0,8,17.4,48.7,2
2026-01-27 10:45:00,1,10,0,371.5,0,8,18.6,49.3,2
2026-01-27 10:50:00,1,10,0,333.8,0,8,16.7,48.3,2
2026-01-27 10:55:00,1,10,0,363.8,0,8,18.2,49.1,2
2026-01-27 11:00:00,1,11,0,350.3,0,8,17.5,48.8,2
2026-01-27 11:05:00,1,11,0,359.1,0,8,18.0,49.0,2
2026-01-27 11:10:00,1,11,0,359.1,0,8,18.0,49.0,2
2026-01-27 11:15:00,1,11,0,364.6,0,8,18.2,49.1,2
2026-01-27 11:20:00,1,11,0,420.8,0,8,21.0,50.5,3
2026-01-27 11:25:00,1,11,0,397.0,0,8,19.8,49.9,3
2026-01-27 11:30:00,1,11,0,405.2,0,8,20.3,50.1,3
2026-01-27 11:35:00,1,11,0,400.4,0,8,20.0,50.0,3
2026-01-27 11:40:00,1,11,0,373.2,0,8,18.7,49.3,2
2026-01-27 11:45:00,1,11,0,407.5,0,8,20.4,50.2,3
2026-01-27 11:50:00,1,11,0,421.9,0,8,21.1,50.5,3
2026-01-27 11:55:00,1,11,0,397.2,0,8,19.9,49.9,3
2026-01-27 12:00:00,1,12,0,428.7,0,8,21.4,50.7,3
2026-01-27 12:05:00,1,12,0,428.9,0,8,21.4,50.7,3
2026-01-27 12:10:00,1,12,0,450.1,0,8,22.5,51.3,3
2026-01-27 12:15:00,1,12,0,420.1,0,8,21.0,50.5,3
2026-01-27 12:20:00,1,12,0,413.8,0,8,20.7,50.3,3
2026-01-27 12:25:00,1,12,0,428.7,0,8,21.4,50.7,3
2026-01-27 12:30:00,1,12,0,459.4,0,8,23.0,51.5,3
2026-01-27 12:35:00,1,12,0,414.2,0,8,20.7,50.4,3
2026-01-27 12:40:00,1,12,0,414.2,0,8,20.7,50.4,3
2026-01-27 12:45:00,1,12,0,450.1,0,8,22.5,51.3,3
2026-01-27 12:50:00,1,12,0,445.6,0,8,22.3,51.1,3
2026-01-27 12:55:00,1,12,0,455.7,0,8,22.8,51.4,3
2026-01-27 13:00:00,1,13,0,473.1,0,8,23.7,51.8,3
2026-01-27 13:05:00,1,13,0,453.8,0,8,22.7,51.3,3
2026-01-27 13:10:00,1,13,0,437.0,0,8,21.8,50.9,3
2026-01-27 13:15:00,1,13,0,498.7,0,8,24.9,52.5,3
2026-01-27 13:20:00,1,13,0,455.9,0,8,22.8,51.4,3
2026-01-27 13:25:00,1,13,0,457.7,0,8,22.9,51.4,3
2026-01-27 13:30:00,1,13,0,492.8,0,8,24.6,52.3,3
2026-01-27 13:35:00,1,13,0,473.0,0,8,23.6,51.8,3
2026-01-27 13:40:00,1,13,0,480.1,0,8,24.0,52.0,3
2026-01-27 13:45:00,1,13,0,490.6,0,8,24.5,52.3,3
2026-01-27 13:50:00,1,13,0,501.7,0,8,25.1,52.5,3
2026-01-27 13:55:00,1,13,0,482.4,0,8,24.1,52.1,3
2026-01-27 14:00:00,1,14,0,512.0,0,8,25.6,52.8,3
2026-01-27 14:05:00,1,14,0,458.9,0,8,22.9,51.5,3
2026-01-27 14:10:00,1,14,0,503.9,0,8,25.2,52.6,3
2026-01-27 14:15:00,1,14,0,481.3,0,8,24.1,52.0,3
2026-01-27 14:20:00,1,14,0,515.8,0,8,25.8,52.9,3
2026-01-27 14:25:00,1,14,0,498.4,0,8,24.9,52.5,3
2026-01-27 14:30:00,1,14,0,487.2,0,8,24.4,52.2,3
2026-01-27 14:35:00,1,14,0,508.0,0,8,25.4,52.7,3
2026-01-27 14:40:00,1,14,0,512.2,0,8,25.6,52.8,3
2026-01-27 14:45:00,1,14,0,508.9,0,8,25.4,52.7,3
2026-01-27 14:50:00,1,14,0,484.3,0,8,24.2,52.1,3
2026-01-27 14:55:00,1,14,0,492.7,0,8,24.6,52.3,3
2026-01-27 15:00:00,1,15,0,499.9,0,8,25.0,52.5,3
2026-01-27 15:05:00,1,15,0,499.3,0,8,25.0,52.5,3
2026-01-27 15:10:00,1,15,0,510.9,0,8,25.5,52.8,3
2026-01-27 15:15:00,1,15,0,469.1,0,8,23.5,51.7,3
2026-01-27 15:20:00,1,15,0,503.8,0,8,25.2,52.6,3
2026-01-27 15:25:00,1,15,0,493.8,0,8,24.7,52.3,3
2026-01-27 15:30:00,1,15,0,484.7,0,8,24.2,52.1,3
2026-01-27 15:35:00,1,15,0,485.2,0,8,24.3,52.1,3
2026-01-27 15:40:00,1,15,0,492.0,0,8,24.6,52.3,3
2026-01-27 15:45:00,1,15,0,439.9,0,8,22.0,51.0,3
2026-01-27 15:50:00,1,15,0,482.0,0,8,24.1,52.0,3
2026-01-27 15:55:00,1,15,0,477.8,0,8,23.9,51.9,3
2026-01-27 16:00:00,1,16,0,497.2,0,8,24.9,52.4,3
2026-01-27 16:05:00,1,16,0,475.3,0,8,23.8,51.9,3
2026-01-27 16:10:00,1,16,0,482.2,0,8,24.1,52.1,3
2026-01-27 16:15:00,1,16,0,506.5,0,8,25.3,52.7,3
2026-01-27 16:20:00,1,16,0,496.0,0,8,24.8,52.4,3
2026-01-27 16:25:00,1,16,0,492.3,0,8,24.6,52.3,3
2026-01-27 16:30:00,1,16,0,468.7,0,8,23.4,51.7,3
2026-01-27 16:35:00,1,16,0,481.8,0,8,24.1,52.0,3
2026-01-27 16:40:00,1,16,0,467.4,0,8,23.4,51.7,3
2026-01-27 16:45:00,1,16,0,465.1,0,8,23.3,51.6,3
2026-01-27 16:50:00,1,16,0,471.2,0,8,23.6,51.8,3
2026-01-27 16:55:00,1,16,0,453.1,0,8,22.7,51.3,3
2026-01-27 17:00:00,1,17,0,481.3,0,8,24.1,52.0,3
2026-01-27 17:05:00,1,17,0,453.2,0,8,22.7,51.3,3
2026-01-27 17:10:00,1,17,0,461.5,0,8,23.1,51.5,3
2026-01-27 17:15:00,1,17,0,470.6,0,8,23.5,51.8,3
2026-01-27 17:20:00,1,17,0,460.7,0,8,23.0,51.5,3
2026-01-27 17:25:00,1,17,0,420.5,0,8,21.0,50.5,3
2026-01-27 17:30:00,1,17,0,444.6,0,8,22.2,51.1,3
2026-01-27 17:35:00,1,17,0,446.9,0,8,22.3,51.2,3
2026-01-27 17:40:00,1,17,0,443.6,0,8,22.2,51.1,3
2026-01-27 17:45:00,1,17,0,409.6,0,8,20.5,50.2,3
2026-01-27 17:50:00,1,17,0,412.5,0,8,20.6,50.3,3
2026-01-27 17:55:00,1,17,0,433.2,0,8,21.7,50.8,3
2026-01-27 18:00:00,1,18,0,402.8,0,8,20.1,50.1,3
2026-01-27 18:05:00,1,18,0,405.5,0,8,20.3,50.1,3
2026-01-27 18:10:00,1,18,0,429.5,0,8,21.5,50.7,3
2026-01-27 18:15:00,1,18,0,400.9,0,8,20.0,50.0,3
2026-01-27 18:20:00,1,18,0,386.4,0,8,19.3,49.7,3
2026-01-27 18:25:00,1,18,0,379.9,0,8,19.0,49.5,3
2026-01-27 18:30:00,1,18,0,393.7,0,8,19.7,49.8,3
2026-01-27 18:35:00,1,18,0,364.3,0,8,18.2,49.1,2
2026-01-27 18:40:00,1,18,0,376.2,0,8,18.8,49.4,3
2026-01-27 18:45:00,1,18,0,380.5,0,8,19.0,49.5,3
2026-01-27 18:50:00,1,18,0,390.6,0,8,19.5,49.8,3
2026-01-27 18:55:00,1,18,0,376.7,0,8,18.8,49.4,3
2026-01-27 19:00:00,1,19,0,351.6,0,8,17.6,48.8,2
2026-01-27 19:05:00,1,19,0,375.5,0,8,18.8,49.4,3
2026-01-27 19:10:00,1,19,0,349.0,0,8,17.4,48.7,2
2026-01-27 19:15:00,1,19,0,330.5,0,8,16.5,48.3,2
2026-01-27 19:20:00,1,19,0,342.1,0,8,17.1,48.6,2
2026-01-27 19:25:00,1,19,0,361.8,0,8,18.1,49.0,2
2026-01-27 19:30:00,1,19,0,338.4,0,8,16.9,48.5,2
2026-01-27 19:35:00,1,19,0,331.7,0,8,16.6,48.3,2
2026-01-27 19:40:00,1,19,0,351.8,0,8,17.6,48.8,2
2026-01-27 19:45:00,1,19,0,301.5,0,8,15.1,47.5,2
2026-01-27 19:50:00,1,19,0,299.4,0,8,15.0,47.5,2
2026-01-27 19:55:00,1,19,0,290.2,0,8,14.5,47.3,2
2026-01-27 20:00:00,1,20,0,315.8,0,8,15.8,47.9,2
2026-01-27 20:05:00,1,20,0,308.6,0,8,15.4,47.7,2
2026-01-27 20:10:00,1,20,0,325.1,0,8,16.3,48.1,2
2026-01-27 20:15:00,1,20,0,301.6,0,8,15.1,47.5,2
2026-01-27 20:20:00,1,20,0,287.8,0,8,14.4,47.2,2
2026-01-27 20:25:00,1,20,0,289.9,0,8,14.5,47.2,2
2026-01-27 20:30:00,1,20,0,287.8,0,8,14.4,47.2,2
2026-01-27 20:35:00,1,20,0,257.0,0,8,12.8,46.4,2
2026-01-27 20:40:00,1,20,0,319.0,0,8,16.0,48.0,2
2026-01-27 20:45:00,1,20,0,282.4,0,8,14.1,47.1,2
2026-01-27 20:50:00,1,20,0,274.0,0,8,13.7,46.8,2
2026-01-27 20:55:00,1,20,0,276.4,0,8,13.8,46.9,2
2026-01-27 21:00:00,1,21,0,274.3,0,8,13.7,46.9,2
2026-01-27 21:05:00,1,21,0,258.0,0,8,12.9,46.4,2
2026-01-27 21:10:00,1,21,0,247.2,0,8,12.4,46.2,2
2026-01-27 21:15:00,1,21,0,262.2,0,8,13.1,46.6,2
2026-01-27 21:20:00,1,21,0,255.7,0,8,12.8,46.4,2
2026-01-27 21:25:00,1,21,0,234.5,0,8,11.7,45.9,2
2026-01-27 21:30:00,1,21,0,264.8,0,8,13.2,46.6,2
2026-01-27 21:35:00,1,21,0,244.7,0,8,12.2,46.1,2
2026-01-27 21:40:00,1,21,0,248.2,0,8,12.4,46.2,2
2026-01-27 21:45:00,1,21,0,255.2,0,8,12.8,46.4,2
2026-01-27 21:50:00,1,21,0,231.7,0,8,11.6,45.8,2
2026-01-27 21:55:00,1,21,0,233.2,0,8,11.7,45.8,2
2026-01-27 22:00:00,1,22,0,237.8,0,8,11.9,45.9,2
2026-01-27 22:05:00,1,22,0,212.1,0,8,10.6,45.3,2
2026-01-27 22:10:00,1,22,0,221.1,0,8,11.1,45.5,2
2026-01-27 22:15:00,1,22,0,219.6,0,8,11.0,45.5,2
2026-01-27 22:20:00,1,22,0,200.9,0,8,10.0,45.0,2
2026-01-27 22:25:00,1,22,0,247.5,0,8,12.4,46.2,2
2026-01-27 22:30:00,1,22,0,189.2,0,8,9.5,44.7,2
2026-01-27 22:35:00,1,22,0,188.6,0,8,9.4,44.7,2
2026-01-27 22:40:00,1,22,0,225.5,0,8,11.3,45.6,2
2026-01-27 22:45:00,1,22,0,214.3,0,8,10.7,45.4,2
2026-01-27 22:50:00,1,22,0,186.0,0,8,9.3,44.6,2
2026-01-27 22:55:00,1,22,0,208.5,0,8,10.4,45.2,2
2026-01-27 23:00:00,1,23,0,219.4,0,8,11.0,45.5,2
2026-01-27 23:05:00,1,23,0,195.0,0,8,9.8,44.9,2
2026-01-27 23:10:00,1,23,0,232.5,0,8,11.6,45.8,2
2026-01-27 23:15:00,1,23,0,165.9,0,8,8.3,44.1,2
2026-01-27 23:20:00,1,23,0,200.4,0,8,10.0,45.0,2
2026-01-27 23:25:00,1,23,0,205.7,0,8,10.3,45.1,2
2026-01-27 23:30:00,1,23,0,200.0,0,8,10.0,45.0,2
2026-01-27 23:35:00,1,23,0,181.9,0,8,9.1,44.5,2
2026-01-27 23:40:00,1,23,0,179.1,0,8,9.0,44.5,2
2026-01-27 23:45:00,1,23,0,188.6,0,8,9.4,44.7,2
2026-01-27 23:50:00,1,23,0,192.8,0,8,9.6,44.8,2
2026-01-27 23:55:00,1,23,0,188.2,0,8,9.4,44.7,2
2026-01-28 00:00:00,2,0,0,165.9,0,8,8.3,44.1,2
2026-01-28 00:05:00,2,0,0,135.1,0,8,6.8,43.4,2
2026-01-28 00:10:00,2,0,0,146.9,0,8,7.3,43.7,2
2026-01-28 00:15:00,2,0,0,136.3,0,8,6.8,43.4,2
2026-01-28 00:20:00,2,0,0,144.6,0,8,7.2,43.6,2
2026-01-28 00:25:00,2,0,0,165.7,0,8,8.3,44.1,2
2026-01-28 00:30:00,2,0,0,152.1,0,8,7.6,43.8,2
2026-01-28 00:35:00,2,0,0,189.6,0,8,9.5,44.7,2
2026-01-28 00:40:00,2,0,0,153.5,0,8,7.7,43.8,2
2026-01-28 00:45:00,2,0,0,151.5,0,8,7.6,43.8,2
2026-01-28 00:50:00,2,0,0,152.3,0,8,7.6,43.8,2
2026-01-28 00:55:00,2,0,0,141.1,0,8,7.1,43.5,2
2026-01-28 01:00:00,2,1,0,149.9,0,8,7.5,43.7,2
2026-01-28 01:05:00,2,1,0,167.7,0,8,8.4,44.2,2
2026-01-28 01:10:00,2,1,0,152.6,0,8,7.6,43.8,2
2026-01-28 01:15:00,2,1,0,139.0,0,8,7.0,43.5,2
2026-01-28 01:20:00,2,1,0,137.1,0,8,6.9,43.4,2
2026-01-28 01:25:00,2,1,0,144.3,0,8,7.2,43.6,2
2026-01-28 01:30:00,2,1,0,152.3,0,8,7.6,43.8,2
2026-01-28 01:35:00,2,1,0,169.2,0,8,8.5,44.2,2
2026-01-28 01:40:00,2,1,0,131.2,0,8,6.6,43.3,2
2026-01-28 01:45:00,2,1,0,146.7,0,8,7.3,43.7,2
2026-01-28 01:50:00,2,1,0,153.7,0,8,7.7,43.8,2
2026-01-28 01:55:00,2,1,0,124.2,0,8,6.2,43.1,2
2026-01-28 02:00:00,2,2,0,139.3,0,8,7.0,43.5,2
2026-01-28 02:05:00,2,2,0,141.7,0,8,7.1,43.5,2
2026-01-28 02:10:00,2,2,0,140.1,0,8,7.0,43.5,2
2026-01-28 02:15:00,2,2,0,155.1,0,8,7.8,43.9,2
2026-01-28 02:20:00,2,2,0,149.9,0,8,7.5,43.7,2
2026-01-28 02:25:00,2,2,0,144.2,0,8,7.2,43.6,2
2026-01-28 02:30:00,2,2,0,159.1,0,8,8.0,44.0,2
2026-01-28 02:35:00,2,2,0,178.7,0,8,8.9,44.5,2
2026-01-28 02:40:00,2,2,0,177.6,0,8,8.9,44.4,2
2026-01-28 02:45:00,2,2,0,124.4,0,8,6.2,43.1,2
2026-01-28 02:50:00,2,2,0,162.1,0,8,8.1,44.1,2
2026-01-28 02:55:00,2,2,0,151.0,0,8,7.6,43.8,2
2026-01-28 03:00:00,2,3,0,156.2,0,8,7.8,43.9,2
2026-01-28 03:05:00,2,3,0,148.2,0,8,7.4,43.7,2
2026-01-28 03:10:00,2,3,0,156.2,0,8,7.8,43.9,2
2026-01-28 03:15:00,2,3,0,157.0,0,8,7.8,43.9,2
2026-01-28 03:20:00,2,3,0,146.3,0,8,7.3,43.7,2
2026-01-28 03:25:00,2,3,0,141.8,0,8,7.1,43.5,2
2026-01-28 03:30:00,2,3,0,148.9,0,8,7.4,43.7,2
2026-01-28 03:35:00,2,3,0,159.5,0,8,8.0,44.0,2
2026-01-28 03:40:00,2,3,0,165.3,0,8,8.3,44.1,2
2026-01-28 03:45:00,2,3,0,169.5,0,8,8.5,44.2,2
2026-01-28 03:50:00,2,3,0,149.7,0,8,7.5,43.7,2
2026-01-28 03:55:00,2,3,0,161.8,0,8,8.1,44.0,2
2026-01-28 04:00:00,2,4,0,172.4,0,8,8.6,44.3,2
2026-01-28 04:05:00,2,4,0,175.9,0,8,8.8,44.4,2
2026-01-28 04:10:00,2,4,0,158.1,0,8,7.9,44.0,2
2026-01-28 04:15:00,2,4,0,156.1,0,8,7.8,43.9,2
2026-01-28 04:20:00,2,4,0,162.9,0,8,8.1,44.1,2
2026-01-28 04:25:00,2,4,0,143.3,0,8,7.2,43.6,2
2026-01-28 04:30:00,2,4,0,158.3,0,8,7.9,44.0,2
2026-01-28 04:35:00,2,4,0,173.0,0,8,8.6,44.3,2
2026-01-28 04:40:00,2,4,0,172.1,0,8,8.6,44.3,2
2026-01-28 04:45:00,2,4,0,159.1,0,8,8.0,44.0,2
2026-01-28 04:50:00,2,4,0,167.1,0,8,8.4,44.2,2
2026-01-28 04:55:00,2,4,0,152.2,0,8,7.6,43.8,2
2026-01-28 05:00:00,2,5,0,175.9,0,8,8.8,44.4,2
2026-01-28 05:05:00,2,5,0,165.0,0,8,8.2,44.1,2
2026-01-28 05:10:00,2,5,0,162.9,0,8,8.1,44.1,2
2026-01-28 05:15:00,2,5,0,162.5,0,8,8.1,44.1,2
2026-01-28 05:20:00,2,5,0,167.9,0,8,8.4,44.2,2
2026-01-28 05:25:00,2,5,0,163.1,0,8,8.2,44.1,2
2026-01-28 05:30:00,2,5,0,180.7,0,8,9.0,44.5,2
2026-01-28 05:35:00,2,5,0,166.0,0,8,8.3,44.2,2
2026-01-28 05:40:00,2,5,0,196.9,0,8,9.8,44.9,2
2026-01-28 05:45:00,2,5,0,196.1,0,8,9.8,44.9,2
2026-01-28 05:50:00,2,5,0,162.0,0,8,8.1,44.0,2
2026-01-28 05:55:00,2,5,0,177.6,0,8,8.9,44.4,2
2026-01-28 06:00:00,2,6,0,168.1,0,8,8.4,44.2,2
2026-01-28 06:05:00,2,6,0,174.3,0,8,8.7,44.4,2
2026-01-28 06:10:00,2,6,0,210.6,0,8,10.5,45.3,2
2026-01-28 06:15:00,2,6,0,177.4,0,8,8.9,44.4,2
2026-01-28 06:20:00,2,6,0,188.9,0,8,9.4,44.7,2
2026-01-28 06:25:00,2,6,0,193.1,0,8,9.7,44.8,2
2026-01-28 06:30:00,2,6,0,171.6,0,8,8.6,44.3,2
2026-01-28 06:35:00,2,6,0,175.4,0,8,8.8,44.4,2
2026-01-28 06:40:00,2,6,0,171.9,0,8,8.6,44.3,2
2026-01-28 06:45:00,2,6,0,178.4,0,8,8.9,44.5,2
2026-01-28 06:50:00,2,6,0,150.8,0,8,7.5,43.8,2
2026-01-28 06:55:00,2,6,0,203.6,0,8,10.2,45.1,2
2026-01-28 07:00:00,2,7,0,228.2,0,8,11.4,45.7,2
2026-01-28 07:05:00,2,7,0,201.6,0,8,10.1,45.0,2
2026-01-28 07:10:00,2,7,0,180.2,0,8,9.0,44.5,2
2026-01-28 07:15:00,2,7,0,193.9,0,8,9.7,44.8,2
2026-01-28 07:20:00,2,7,0,198.9,0,8,9.9,45.0,2
2026-01-28 07:25:00,2,7,0,192.8,0,8,9.6,44.8,2
2026-01-28 07:30:00,2,7,0,223.3,0,8,11.2,45.6,2
2026-01-28 07:35:00,2,7,0,224.9,0,8,11.2,45.6,2
2026-01-28 07:40:00,2,7,0,197.9,0,8,9.9,44.9,2
2026-01-28 07:45:00,2,7,0,228.6,0,8,11.4,45.7,2
2026-01-28 07:50:00,2,7,0,243.2,0,8,12.2,46.1,2
2026-01-28 07:55:00,2,7,0,251.5,0,8,12.6,46.3,2
2026-01-28 08:00:00,2,8,0,268.7,0,8,13.4,46.7,2
2026-01-28 08:05:00,2,8,0,215.0,0,8,10.8,45.4,2
2026-01-28 08:10:00,2,8,0,273.7,0,8,13.7,46.8,2
2026-01-28 08:15:00,2,8,0,229.0,0,8,11.5,45.7,2
2026-01-28 08:20:00,2,8,0,228.4,0,8,11.4,45.7,2
2026-01-28 08:25:00,2,8,0,245.2,0,8,12.3,46.1,2
2026-01-28 08:30:00,2,8,0,234.7,0,8,11.7,45.9,2
2026-01-28 08:35:00,2,8,0,252.7,0,8,12.6,46.3,2
2026-01-28 08:40:00,2,8,0,230.1,0,8,11.5,45.8,2
2026-01-28 08:45:00,2,8,0,249.7,0,8,12.5,46.2,2
2026-01-28 08:50:00,2,8,0,275.9,0,8,13.8,46.9,2
2026-01-28 08:55:00,2,8,0,259.3,0,8,13.0,46.5,2
2026-01-28 09:00:00,2,9,0,265.8,0,8,13.3,46.6,2
2026-01-28 09:05:00,2,9,0,274.3,0,8,13.7,46.9,2
2026-01-28 09:10:00,2,9,0,288.4,0,8,14.4,47.2,2
2026-01-28 09:15:00,2,9,0,249.7,0,8,12.5,46.2,2
2026-01-28 09:20:00,2,9,0,287.1,0,8,14.4,47.2,2
2026-01-28 09:25:00,2,9,0,278.1,0,8,13.9,47.0,2
2026-01-28 09:30:00,2,9,0,288.5,0,8,14.4,47.2,2
2026-01-28 09:35:00,2,9,0,305.8,0,8,15.3,47.6,2
2026-01-28 09:40:00,2,9,0,276.0,0,8,13.8,46.9,2
2026-01-28 09:45:00,2,9,0,282.7,0,8,14.1,47.1,2
2026-01-28 09:50:00,2,9,0,272.9,0,8,13.6,46.8,2
2026-01-28 09:55:00,2,9,0,297.9,0,8,14.9,47.4,2
2026-01-28 10:00:00,2,10,0,330.2,0,8,16.5,48.3,2
2026-01-28 10:05:00,2,10,0,312.6,0,8,15.6,47.8,2
2026-01-28 10:10:00,2,10,0,298.6,0,8,14.9,47.5,2
2026-01-28 10:15:00,2,10,0,315.6,0,8,15.8,47.9,2
2026-01-28 10:20:00,2,10,0,304.9,0,8,15.2,47.6,2
2026-01-28 10:25:00,2,10,0,314.7,0,8,15.7,47.9,2
2026-01-28 10:30:00,2,10,0,341.7,0,8,17.1,48.5,2
2026-01-28 10:35:00,2,10,0,322.6,0,8,16.1,48.1,2
2026-01-28 10:40:00,2,10,0,361.3,0,8,18.1,49.0,2
2026-01-28 10:45:00,2,10,0,348.0,0,8,17.4,48.7,2
2026-01-28 10:50:00,2,10,0,354.7,0,8,17.7,48.9,2
2026-01-28 10:55:00,2,10,0,353.7,0,8,17.7,48.8,2
2026-01-28 11:00:00,2,11,0,373.9,0,8,18.7,49.3,2
2026-01-28 11:05:00,2,11,0,378.5,0,8,18.9,49.5,3
2026-01-28 11:10:00,2,11,0,376.2,0,8,18.8,49.4,3
2026-01-28 11:15:00,2,11,0,384.0,0,8,19.2,49.6,3
2026-01-28 11:20:00,2,11,0,376.8,0,8,18.8,49.4,3
2026-01-28 11:25:00,2,11,0,392.4,0,8,19.6,49.8,3
2026-01-28 11:30:00,2,11,0,383.6,0,8,19.2,49.6,3
2026-01-28 11:35:00,2,11,0,393.1,0,8,19.7,49.8,3
2026-01-28 11:40:00,2,11,0,393.2,0,8,19.7,49.8,3
2026-01-28 11:45:00,2,11,0,394.7,0,8,19.7,49.9,3
2026-01-28 11:50:00,2,11,0,395.5,0,8,19.8,49.9,3
2026-01-28 11:55:00,2,11,0,417.1,0,8,20.9,50.4,3
2026-01-28 12:00:00,2,12,0,433.9,0,8,21.7,50.8,3
2026-01-28 12:05:00,2,12,0,435.9,0,8,21.8,50.9,3
2026-01-28 12:10:00,2,12,0,403.5,0,8,20.2,50.1,3
2026-01-28 12:15:00,2,12,0,445.7,0,8,22.3,51.1,3
2026-01-28 12:20:00,2,12,0,425.5,0,8,21.3,50.6,3
2026-01-28 12:25:00,2,12,0,443.1,0,8,22.2,51.1,3
2026-01-28 12:30:00,2,12,0,424.3,0,8,21.2,50.6,3
2026-01-28 12:35:00,2,12,0,443.7,0,8,22.2,51.1,3
2026-01-28 12:40:00,2,12,0,449.9,0,8,22.5,51.2,3
2026-01-28 12:45:00,2,12,0,426.5,0,8,21.3,50.7,3
2026-01-28 12:50:00,2,12,0,461.4,0,8,23.1,51.5,3
2026-01-28 12:55:00,2,12,0,475.8,0,8,23.8,51.9,3
2026-01-28 13:00:00,2,13,0,456.3,0,8,22.8,51.4,3
2026-01-28 13:05:00,2,13,0,482.4,0,8,24.1,52.1,3
2026-01-28 13:10:00,2,13,0,462.3,0,8,23.1,51.6,3
2026-01-28 13:15:00,2,13,0,480.8,0,8,24.0,52.0,3
2026-01-28 13:20:00,2,13,0,437.6,0,8,21.9,50.9,3
2026-01-28 13:25:00,2,13,0,509.9,0,8,25.5,52.7,3
2026-01-28 13:30:00,2,13,0,498.7,0,8,24.9,52.5,3
2026-01-28 13:35:00,2,13,0,474.5,0,8,23.7,51.9,3
2026-01-28 13:40:00,2,13,0,451.5,0,8,22.6,51.3,3
2026-01-28 13:45:00,2,13,0,487.6,0,8,24.4,52.2,3
2026-01-28 13:50:00,2,13,0,463.8,0,8,23.2,51.6,3
2026-01-28 13:55:00,2,13,0,494.1,0,8,24.7,52.4,3
2026-01-28 14:00:00,2,14,0,495.4,0,8,24.8,52.4,3
2026-01-28 14:05:00,2,14,0,476.8,0,8,23.8,51.9,3
2026-01-28 14:10:00,2,14,0,509.3,0,8,25.5,52.7,3
2026-01-28 14:15:00,2,14,0,506.0,0,8,25.3,52.6,3
2026-01-28 14:20:00,2,14,0,509.8,0,8,25.5,52.7,3
2026-01-28 14:25:00,2,14,0,496.4,0,8,24.8,52.4,3
2026-01-28 14:30:00,2,14,0,476.0,0,8,23.8,51.9,3
2026-01-28 14:35:00,2,14,0,512.8,0,8,25.6,52.8,3
2026-01-28 14:40:00,2,14,0,494.7,0,8,24.7,52.4,3
2026-01-28 14:45:00,2,14,0,478.5,0,8,23.9,52.0,3
2026-01-28 14:50:00,2,14,0,520.0,0,8,26.0,53.0,3
2026-01-28 14:55:00,2,14,0,531.4,0,8,26.6,53.3,3
2026-01-28 15:00:00,2,15,0,499.4,0,8,25.0,52.5,3
2026-01-28 15:05:00,2,15,0,532.3,0,8,26.6,53.3,3
2026-01-28 15:10:00,2,15,0,501.1,0,8,25.1,52.5,3
2026-01-28 15:15:00,2,15,0,493.6,0,8,24.7,52.3,3
2026-01-28 15:20:00,2,15,0,489.3,0,8,24.5,52.2,3
2026-01-28 15:25:00,2,15,0,522.7,0,8,26.1,53.1,3
2026-01-28 15:30:00,2,15,0,485.6,0,8,24.3,52.1,3
2026-01-28 15:35:00,2,15,0,507.3,0,8,25.4,52.7,3
2026-01-28 15:40:00,2,15,0,486.8,0,8,24.3,52.2,3
2026-01-28 15:45:00,2,15,0,487.0,0,8,24.3,52.2,3
2026-01-28 15:50:00,2,15,0,507.9,0,8,25.4,52.7,3
2026-01-28 15:55:00,2,15,0,485.2,0,8,24.3,52.1,3
2026-01-28 16:00:00,2,16,0,483.2,0,8,24.2,52.1,3
2026-01-28 16:05:00,2,16,0,504.4,0,8,25.2,52.6,3
2026-01-28 16:10:00,2,16,0,509.4,0,8,25.5,52.7,3
2026-01-28 16:15:00,2,16,0,493.0,0,8,24.6,52.3,3
2026-01-28 16:20:00,2,16,0,471.3,0,8,23.6,51.8,3
2026-01-28 16:25:00,2,16,0,471.1,0,8,23.6,51.8,3
2026-01-28 16:30:00,2,16,0,477.4,0,8,23.9,51.9,3
2026-01-28 16:35:00,2,16,0,478.4,0,8,23.9,52.0,3
2026-01-28 16:40:00,2,16,0,456.1,0,8,22.8,51.4,3
2026-01-28 16:45:00,2,16,0,478.9,0,8,23.9,52.0,3
2026-01-28 16:50:00,2,16,0,466.4,0,8,23.3,51.7,3
2026-01-28 16:55:00,2,16,0,436.3,0,8,21.8,50.9,3
2026-01-28 17:00:00,2,17,0,444.9,0,8,22.2,51.1,3
2026-01-28 17:05:00,2,17,0,448.0,0,8,22.4,51.2,3
2026-01-28 17:10:00,2,17,0,451.2,0,8,22.6,51.3,3
2026-01-28 17:15:00,2,17,0,477.1,0,8,23.9,51.9,3
2026-01-28 17:20:00,2,17,0,448.8,0,8,22.4,51.2,3
2026-01-28 17:25:00,2,17,0,429.0,0,8,21.4,50.7,3
2026-01-28 17:30:00,2,17,0,441.2,0,8,22.1,51.0,3
2026-01-28 17:35:00,2,17,0,428.8,0,8,21.4,50.7,3
2026-01-28 17:40:00,2,17,0,435.1,0,8,21.8,50.9,3
2026-01-28 17:45:00,2,17,0,435.0,0,8,21.8,50.9,3
2026-01-28 17:50:00,2,17,0,440.5,0,8,22.0,51.0,3
2026-01-28 17:55:00,2,17,0,417.9,0,8,20.9,50.4,3
2026-01-28 18:00:00,2,18,0,438.8,0,8,21.9,51.0,3
2026-01-28 18:05:00,2,18,0,423.7,0,8,21.2,50.6,3
2026-01-28 18:10:00,2,18,0,395.2,0,8,19.8,49.9,3
2026-01-28 18:15:00,2,18,0,434.8,0,8,21.7,50.9,3
2026-01-28 18:20:00,2,18,0,402.2,0,8,20.1,50.1,3
2026-01-28 18:25:00,2,18,0,380.5,0,8,19.0,49.5,3
2026-01-28 18:30:00,2,18,0,413.5,0,8,20.7,50.3,3
2026-01-28 18:35:00,2,18,0,415.5,0,8,20.8,50.4,3
2026-01-28 18:40:00,2,18,0,379.4,0,8,19.0,49.5,3
2026-01-28 18:45:00,2,18,0,368.0,0,8,18.4,49.2,2
2026-01-28 18:50:00,2,18,0,368.5,0,8,18.4,49.2,2
2026-01-28 18:55:00,2,18,0,377.4,0,8,18.9,49.4,3
2026-01-28 19:00:00,2,19,0,381.5,0,8,19.1,49.5,3
2026-01-28 19:05:00,2,19,0,366.4,0,8,18.3,49.2,2
2026-01-28 19:10:00,2,19,0,355.0,0,8,17.8,48.9,2
2026-01-28 19:15:00,2,19,0,371.5,0,8,18.6,49.3,2
2026-01-28 19:20:00,2,19,0,339.9,0,8,17.0,48.5,2
2026-01-28 19:25:00,2,19,0,355.7,0,8,17.8,48.9,2
2026-01-28 19:30:00,2,19,0,331.6,0,8,16.6,48.3,2
2026-01-28 19:35:00,2,19,0,338.0,0,8,16.9,48.4,2
2026-01-28 19:40:00,2,19,0,325.5,0,8,16.3,48.1,2
2026-01-28 19:45:00,2,19,0,322.1,0,8,16.1,48.1,2
2026-01-28 19:50:00,2,19,0,313.0,0,8,15.6,47.8,2
2026-01-28 19:55:00,2,19,0,334.6,0,8,16.7,48.4,2
2026-01-28 20:00:00,2,20,0,299.2,0,8,15.0,47.5,2
2026-01-28 20:05:00,2,20,0,295.0,0,8,14.8,47.4,2
2026-01-28 20:10:00,2,20,0,333.8,0,8,16.7,48.3,2
2026-01-28 20:15:00,2,20,0,312.6,0,8,15.6,47.8,2
2026-01-28 20:20:00,2,20,0,258.1,0,8,12.9,46.5,2
2026-01-28 20:25:00,2,20,0,281.4,0,8,14.1,47.0,2
2026-01-28 20:30:00,2,20,0,258.8,0,8,12.9,46.5,2
2026-01-28 20:35:00,2,20,0,267.9,0,8,13.4,46.7,2
2026-01-28 20:40:00,2,20,0,231.2,0,8,11.6,45.8,2
2026-01-28 20:45:00,2,20,0,272.5,0,8,13.6,46.8,2
2026-01-28 20:50:00,2,20,0,253.7,0,8,12.7,46.3,2
2026-01-28 20:55:00,2,20,0,268.1,0,8,13.4,46.7,2
2026-01-28 21:00:00,2,21,0,239.3,0,8,12.0,46.0,2
2026-01-28 21:05:00,2,21,0,261.4,0,8,13.1,46.5,2
2026-01-28 21:10:00,2,21,0,250.4,0,8,12.5,46.3,2
2026-01-28 21:15:00,2,21,0,275.8,0,8,13.8,46.9,2
2026-01-28 21:20:00,2,21,0,271.1,0,8,13.6,46.8,2
2026-01-28 21:25:00,2,21,0,258.4,0,8,12.9,46.5,2
2026-01-28 21:30:00,2,21,0,238.6,0,8,11.9,46.0,2
2026-01-28 21:35:00,2,21,0,270.1,0,8,13.5,46.8,2
2026-01-28 21:40:00,2,21,0,214.0,0,8,10.7,45.4,2
2026-01-28 21:45:00,2,21,0,213.2,0,8,10.7,45.3,2
2026-01-28 21:50:00,2,21,0,230.1,0,8,11.5,45.8,2
2026-01-28 21:55:00,2,21,0,262.3,0,8,13.1,46.6,2
2026-01-28 22:00:00,2,22,0,222.7,0,8,11.1,45.6,2
2026-01-28 22:05:00,2,22,0,220.2,0,8,11.0,45.5,2
2026-01-28 22:10:00,2,22,0,198.7,0,8,9.9,45.0,2
2026-01-28 22:15:00,2,22,0,231.9,0,8,11.6,45.8,2
2026-01-28 22:20:00,2,22,0,229.5,0,8,11.5,45.7,2
2026-01-28 22:25:00,2,22,0,224.6,1,8,11.2,45.6,2
2026-01-28 22:30:00,2,22,0,1058.8,1,8,52.9,66.5,6
2026-01-28 22:35:00,2,22,0,1561.5,1,8,78.1,79.0,9
2026-01-28 22:40:00,2,22,0,1474.0,1,8,73.7,76.8,8
2026-01-28 22:45:00,2,22,0,1079.5,1,8,54.0,67.0,6
2026-01-28 22:50:00,2,22,0,185.2,0,8,9.3,44.6,2
2026-01-28 22:55:00,2,22,0,181.7,0,8,9.1,44.5,2
2026-01-28 23:00:00,2,23,0,191.0,0,8,9.6,44.8,2
2026-01-28 23:05:00,2,23,0,188.1,0,8,9.4,44.7,2
2026-01-28 23:10:00,2,23,0,185.5,0,8,9.3,44.6,2
2026-01-28 23:15:00,2,23,0,198.7,0,8,9.9,45.0,2
2026-01-28 23:20:00,2,23,0,191.1,0,8,9.6,44.8,2
2026-01-28 23:25:00,2,23,0,183.9,0,8,9.2,44.6,2
2026-01-28 23:30:00,2,23,0,189.3,0,8,9.5,44.7,2
2026-01-28 23:35:00,2,23,0,170.1,0,8,8.5,44.3,2
2026-01-28 23:40:00,2,23,0,185.1,0,8,9.3,44.6,2
2026-01-28 23:45:00,2,23,0,184.2,0,8,9.2,44.6,2
2026-01-28 23:50:00,2,23,0,158.0,0,8,7.9,44.0,2
2026-01-28 23:55:00,2,23,0,194.1,0,8,9.7,44.9,2
2026-01-29 00:00:00,3,0,0,137.1,0,8,6.9,43.4,2
2026-01-29 00:05:00,3,0,0,151.7,0,8,7.6,43.8,2
2026-01-29 00:10:00,3,0,0,167.8,0,8,8.4,44.2,2
2026-01-29 00:15:00,3,0,0,164.3,0,8,8.2,44.1,2
2026-01-29 00:20:00,3,0,0,150.9,0,8,7.5,43.8,2
2026-01-29 00:25:00,3,0,0,145.0,0,8,7.2,43.6,2
2026-01-29 00:30:00,3,0,0,164.7,0,8,8.2,44.1,2
2026-01-29 00:35:00,3,0,0,160.6,0,8,8.0,44.0,2
2026-01-29 00:40:00,3,0,0,141.3,0,8,7.1,43.5,2
2026-01-29 00:45:00,3,0,0,138.7,0,8,6.9,43.5,2
2026-01-29 00:50:00,3,0,0,119.6,0,8,6.0,43.0,2
2026-01-29 00:55:00,3,0,0,153.0,0,8,7.6,43.8,2
2026-01-29 01:00:00,3,1,0,149.5,0,8,7.5,43.7,2
2026-01-29 01:05:00,3,1,0,167.9,0,8,8.4,44.2,2
2026-01-29 01:10:00,3,1,0,156.3,0,8,7.8,43.9,2
2026-01-29 01:15:00,3,1,0,171.0,0,8,8.6,44.3,2
2026-01-29 01:20:00,3,1,0,140.6,0,8,7.0,43.5,2
2026-01-29 01:25:00,3,1,0,168.2,0,8,8.4,44.2,2
2026-01-29 01:30:00,3,1,0,143.2,0,8,7.2,43.6,2
2026-01-29 01:35:00,3,1,0,162.9,0,8,8.1,44.1,2
2026-01-29 01:40:00,3,1,0,129.5,0,8,6.5,43.2,2
2026-01-29 01:45:00,3,1,0,155.0,0,8,7.8,43.9,2
2026-01-29 01:50:00,3,1,0,121.8,0,8,6.1,43.0,2
2026-01-29 01:55:00,3,1,0,147.7,0,8,7.4,43.7,2
2026-01-29 02:00:00,3,2,0,158.4,0,8,7.9,44.0,2
2026-01-29 02:05:00,3,2,0,144.1,0,8,7.2,43.6,2
2026-01-29 02:10:00,3,2,0,136.3,0,8,6.8,43.4,2
2026-01-29 02:15:00,3,2,0,164.9,0,8,8.2,44.1,2
2026-01-29 02:20:00,3,2,0,150.8,0,8,7.5,43.8,2
2026-01-29 02:25:00,3,2,0,145.1,0,8,7.3,43.6,2
2026-01-29 02:30:00,3,2,0,153.3,0,8,7.7,43.8,2
2026-01-29 02:35:00,3,2,0,192.4,0,8,9.6,44.8,2
2026-01-29 02:40:00,3,2,0,170.3,0,8,8.5,44.3,2
2026-01-29 02:45:00,3,2,0,170.7,0,8,8.5,44.3,2
2026-01-29 02:50:00,3,2,0,160.0,0,8,8.0,44.0,2
2026-01-29 02:55:00,3,2,0,156.1,0,8,7.8,43.9,2
2026-01-29 03:00:00,3,3,0,117.9,0,8,5.9,42.9,2
2026-01-29 03:05:00,3,3,0,144.0,0,8,7.2,43.6,2
2026-01-29 03:10:00,3,3,0,147.2,0,8,7.4,43.7,2
2026-01-29 03:15:00,3,3,0,126.6,0,8,6.3,43.2,2
2026-01-29 03:20:00,3,3,0,137.6,0,8,6.9,43.4,2
2026-01-29 03:25:00,3,3,0,125.6,0,8,6.3,43.1,2
2026-01-29 03:30:00,3,3,0,155.0,0,8,7.8,43.9,2
2026-01-29 03:35:00,3,3,0,168.2,0,8,8.4,44.2,2
2026-01-29 03:40:00,3,3,0,172.9,0,8,8.6,44.3,2
2026-01-29 03:45:00,3,3,0,162.9,0,8,8.1,44.1,2
2026-01-29 03:50:00,3,3,0,142.7,0,8,7.1,43.6,2
2026-01-29 03:55:00,3,3,0,128.6,0,8,6.4,43.2,2
2026-01-29 04:00:00,3,4,0,131.6,0,8,6.6,43.3,2
2026-01-29 04:05:00,3,4,0,139.4,0,8,7.0,43.5,2
2026-01-29 04:10:00,3,4,0,145.6,0,8,7.3,43.6,2
2026-01-29 04:15:00,3,4,0,157.1,0,8,7.9,43.9,2
2026-01-29 04:20:00,3,4,0,144.8,0,8,7.2,43.6,2
2026-01-29 04:25:00,3,4,0,165.7,0,8,8.3,44.1,2
2026-01-29 04:30:00,3,4,0,157.7,0,8,7.9,43.9,2
2026-01-29 04:35:00,3,4,0,161.9,0,8,8.1,44.0,2
2026-01-29 04:40:00,3,4,0,179.5,0,8,9.0,44.5,2
2026-01-29 04:45:00,3,4,0,145.4,0,8,7.3,43.6,2
2026-01-29 04:50:00,3,4,0,170.1,0,8,8.5,44.3,2
2026-01-29 04:55:00,3,4,0,164.4,0,8,8.2,44.1,2
2026-01-29 05:00:00,3,5,0,160.4,0,8,8.0,44.0,2
2026-01-29 05:05:00,3,5,0,179.5,0,8,9.0,44.5,2
2026-01-29 05:10:00,3,5,0,180.2,0,8,9.0,44.5,2
2026-01-29 05:15:00,3,5,0,153.7,0,8,7.7,43.8,2
2026-01-29 05:20:00,3,5,0,166.1,0,8,8.3,44.2,2
2026-01-29 05:25:00,3,5,0,174.1,0,8,8.7,44.4,2
2026-01-29 05:30:00,3,5,0,166.8,0,8,8.3,44.2,2
2026-01-29 05:35:00,3,5,0,180.7,0,8,9.0,44.5,2
2026-01-29 05:40:00,3,5,0,177.2,0,8,8.9,44.4,2
2026-01-29 05:45:00,3,5,0,201.6,0,8,10.1,45.0,2
2026-01-29 05:50:00,3,5,0,152.4,0,8,7.6,43.8,2
2026-01-29 05:55:00,3,5,0,174.7,0,8,8.7,44.4,2
2026-01-29 06:00:00,3,6,0,164.2,0,8,8.2,44.1,2
2026-01-29 06:05:00,3,6,0,188.2,0,8,9.4,44.7,2
2026-01-29 06:10:00,3,6,0,156.3,0,8,7.8,43.9,2
2026-01-29 06:15:00,3,6,0,187.2,0,8,9.4,44.7,2
2026-01-29 06:20:00,3,6,0,174.0,0,8,8.7,44.4,2
2026-01-29 06:25:00,3,6,0,174.0,0,8,8.7,44.4,2
2026-01-29 06:30:00,3,6,0,164.9,0,8,8.2,44.1,2
2026-01-29 06:35:00,3,6,0,181.3,0,8,9.1,44.5,2
2026-01-29 06:40:00,3,6,0,206.2,0,8,10.3,45.2,2
2026-01-29 06:45:00,3,6,0,191.3,0,8,9.6,44.8,2
2026-01-29 06:50:00,3,6,0,203.0,0,8,10.2,45.1,2
2026-01-29 06:55:00,3,6,0,220.4,0,8,11.0,45.5,2
2026-01-29 07:00:00,3,7,0,201.3,0,8,10.1,45.0,2
2026-01-29 07:05:00,3,7,0,191.0,0,8,9.6,44.8,2
2026-01-29 07:10:00,3,7,0,208.4,0,8,10.4,45.2,2
2026-01-29 07:15:00,3,7,0,195.4,0,8,9.8,44.9,2
2026-01-29 07:20:00,3,7,0,198.2,0,8,9.9,45.0,2
2026-01-29 07:25:00,3,7,0,185.2,0,8,9.3,44.6,2
2026-01-29 07:30:00,3,7,0,224.2,0,8,11.2,45.6,2
2026-01-29 07:35:00,3,7,0,206.9,0,8,10.3,45.2,2
2026-01-29 07:40:00,3,7,0,217.9,0,8,10.9,45.4,2
2026-01-29 07:45:00,3,7,0,202.2,0,8,10.1,45.1,2
2026-01-29 07:50:00,3,7,0,226.8,0,8,11.3,45.7,2
2026-01-29 07:55:00,3,7,0,211.5,0,8,10.6,45.3,2
2026-01-29 08:00:00,3,8,0,223.6,0,8,11.2,45.6,2
2026-01-29 08:05:00,3,8,0,241.7,0,8,12.1,46.0,2
2026-01-29 08:10:00,3,8,0,243.2,0,8,12.2,46.1,2
2026-01-29 08:15:00,3,8,0,233.9,0,8,11.7,45.8,2
2026-01-29 08:20:00,3,8,0,210.8,0,8,10.5,45.3,2
2026-01-29 08:25:00,3,8,0,285.2,0,8,14.3,47.1,2
2026-01-29 08:30:00,3,8,0,269.7,0,8,13.5,46.7,2
2026-01-29 08:35:00,3,8,0,257.5,0,8,12.9,46.4,2
2026-01-29 08:40:00,3,8,0,238.6,0,8,11.9,46.0,2
2026-01-29 08:45:00,3,8,0,251.6,0,8,12.6,46.3,2
2026-01-29 08:50:00,3,8,0,248.5,0,8,12.4,46.2,2
2026-01-29 08:55:00,3,8,0,279.1,0,8,14.0,47.0,2
2026-01-29 09:00:00,3,9,0,267.6,0,8,13.4,46.7,2
2026-01-29 09:05:00,3,9,0,255.4,0,8,12.8,46.4,2
2026-01-29 09:10:00,3,9,0,263.8,0,8,13.2,46.6,2
2026-01-29 09:15:00,3,9,0,291.4,0,8,14.6,47.3,2
2026-01-29 09:20:00,3,9,0,302.3,0,8,15.1,47.6,2
2026-01-29 09:25:00,3,9,0,305.1,0,8,15.3,47.6,2
2026-01-29 09:30:00,3,9,0,297.4,0,8,14.9,47.4,2
2026-01-29 09:35:00,3,9,0,286.1,0,8,14.3,47.2,2
2026-01-29 09:40:00,3,9,0,245.3,0,8,12.3,46.1,2
2026-01-29 09:45:00,3,9,0,302.4,0,8,15.1,47.6,2
2026-01-29 09:50:00,3,9,0,301.9,0,8,15.1,47.5,2
2026-01-29 09:55:00,3,9,0,308.2,0,8,15.4,47.7,2
2026-01-29 10:00:00,3,10,0,311.1,0,8,15.6,47.8,2
2026-01-29 10:05:00,3,10,0,294.5,0,8,14.7,47.4,2
2026-01-29 10:10:00,3,10,0,327.0,0,8,16.4,48.2,2
2026-01-29 10:15:00,3,10,0,332.4,0,8,16.6,48.3,2
2026-01-29 10:20:00,3,10,0,337.5,0,8,16.9,48.4,2
2026-01-29 10:25:00,3,10,0,345.7,0,8,17.3,48.6,2
2026-01-29 10:30:00,3,10,0,344.9,0,8,17.2,48.6,2
2026-01-29 10:35:00,3,10,0,334.1,0,8,16.7,48.4,2
2026-01-29 10:40:00,3,10,0,343.6,0,8,17.2,48.6,2
2026-01-29 10:45:00,3,10,0,350.4,0,8,17.5,48.8,2
2026-01-29 10:50:00,3,10,0,355.1,0,8,17.8,48.9,2
2026-01-29 10:55:00,3,10,0,372.8,0,8,18.6,49.3,2
2026-01-29 11:00:00,3,11,0,371.9,0,8,18.6,49.3,2
2026-01-29 11:05:00,3,11,0,397.9,0,8,19.9,49.9,3
2026-01-29 11:10:00,3,11,0,404.2,0,8,20.2,50.1,3
2026-01-29 11:15:00,3,11,0,376.7,0,8,18.8,49.4,3
2026-01-29 11:20:00,3,11,0,322.4,0,8,16.1,48.1,2
2026-01-29 11:25:00,3,11,0,402.9,0,8,20.1,50.1,3
2026-01-29 11:30:00,3,11,0,380.6,0,8,19.0,49.5,3
2026-01-29 11:35:00,3,11,0,381.0,0,8,19.0,49.5,3
2026-01-29 11:40:00,3,11,0,391.4,0,8,19.6,49.8,3
2026-01-29 11:45:00,3,11,0,394.9,0,8,19.7,49.9,3
2026-01-29 11:50:00,3,11,0,415.0,0,8,20.8,50.4,3
2026-01-29 11:55:00,3,11,0,386.6,0,8,19.3,49.7,3
2026-01-29 12:00:00,3,12,0,398.0,0,8,19.9,50.0,3
2026-01-29 12:05:00,3,12,0,423.4,0,8,21.2,50.6,3
2026-01-29 12:10:00,3,12,0,431.7,0,8,21.6,50.8,3
2026-01-29 12:15:00,3,12,0,436.0,0,8,21.8,50.9,3
2026-01-29 12:20:00,3,12,0,418.5,0,8,20.9,50.5,3
2026-01-29 12:25:00,3,12,0,419.4,0,8,21.0,50.5,3
2026-01-29 12:30:00,3,12,0,430.3,0,8,21.5,50.8,3
2026-01-29 12:35:00,3,12,0,445.2,0,8,22.3,51.1,3
2026-01-29 12:40:00,3,12,0,467.5,0,8,23.4,51.7,3
2026-01-29 12:45:00,3,12,0,418.1,0,8,20.9,50.5,3
2026-01-29 12:50:00,3,12,0,448.9,0,8,22.4,51.2,3
2026-01-29 12:55:00,3,12,0,435.6,0,8,21.8,50.9,3
2026-01-29 13:00:00,3,13,0,434.1,0,8,21.7,50.9,3
2026-01-29 13:05:00,3,13,0,476.5,0,8,23.8,51.9,3
2026-01-29 13:10:00,3,13,0,473.3,0,8,23.7,51.8,3
2026-01-29 13:15:00,3,13,0,474.8,0,8,23.7,51.9,3
2026-01-29 13:20:00,3,13,0,484.7,0,8,24.2,52.1,3
2026-01-29 13:25:00,3,13,0,466.4,0,8,23.3,51.7,3
2026-01-29 13:30:00,3,13,0,469.7,0,8,23.5,51.7,3
2026-01-29 13:35:00,3,13,0,511.5,0,8,25.6,52.8,3
2026-01-29 13:40:00,3,13,0,477.4,0,8,23.9,51.9,3
2026-01-29 13:45:00,3,13,0,494.3,0,8,24.7,52.4,3
2026-01-29 13:50:00,3,13,0,485.5,0,8,24.3,52.1,3
2026-01-29 13:55:00,3,13,0,459.7,0,8,23.0,51.5,3
2026-01-29 14:00:00,3,14,0,458.6,0,8,22.9,51.5,3
2026-01-29 14:05:00,3,14,0,482.2,0,8,24.1,52.1,3
2026-01-29 14:10:00,3,14,0,508.3,0,8,25.4,52.7,3
2026-01-29 14:15:00,3,14,0,505.7,0,8,25.3,52.6,3
2026-01-29 14:20:00,3,14,0,508.9,0,8,25.4,52.7,3
2026-01-29 14:25:00,3,14,0,481.5,0,8,24.1,52.0,3
2026-01-29 14:30:00,3,14,0,521.5,0,8,26.1,53.0,3
2026-01-29 14:35:00,3,14,0,483.6,0,8,24.2,52.1,3
2026-01-29 14:40:00,3,14,0,502.0,0,8,25.1,52.6,3
2026-01-29 14:45:00,3,14,0,499.2,0,8,25.0,52.5,3
2026-01-29 14:50:00,3,14,0,497.1,0,8,24.9,52.4,3
2026-01-29 14:55:00,3,14,0,520.0,0,8,26.0,53.0,3
2026-01-29 15:00:00,3,15,0,489.4,0,8,24.5,52.2,3
2026-01-29 15:05:00,3,15,0,479.7,0,8,24.0,52.0,3
2026-01-29 15:10:00,3,15,0,500.0,0,8,25.0,52.5,3
2026-01-29 15:15:00,3,15,0,493.3,0,8,24.7,52.3,3
2026-01-29 15:20:00,3,15,0,549.4,0,8,27.5,53.7,3
2026-01-29 15:25:00,3,15,0,508.3,0,8,25.4,52.7,3
2026-01-29 15:30:00,3,15,0,491.1,0,8,24.6,52.3,3
2026-01-29 15:35:00,3,15,0,480.5,0,8,24.0,52.0,3
2026-01-29 15:40:00,3,15,0,467.0,0,8,23.4,51.7,3
2026-01-29 15:45:00,3,15,0,478.5,0,8,23.9,52.0,3
2026-01-29 15:50:00,3,15,0,494.2,0,8,24.7,52.4,3
2026-01-29 15:55:00,3,15,0,512.3,0,8,25.6,52.8,3
2026-01-29 16:00:00,3,16,0,506.1,0,8,25.3,52.7,3
2026-01-29 16:05:00,3,16,0,490.8,0,8,24.5,52.3,3
2026-01-29 16:10:00,3,16,0,480.6,0,8,24.0,52.0,3
2026-01-29 16:15:00,3,16,0,487.4,0,8,24.4,52.2,3
2026-01-29 16:20:00,3,16,0,473.3,0,8,23.7,51.8,3
2026-01-29 16:25:00,3,16,0,504.5,0,8,25.2,52.6,3
2026-01-29 16:30:00,3,16,0,473.4,0,8,23.7,51.8,3
2026-01-29 16:35:00,3,16,0,472.3,0,8,23.6,51.8,3
2026-01-29 16:40:00,3,16,0,437.7,0,8,21.9,50.9,3
2026-01-29 16:45:00,3,16,0,465.1,0,8,23.3,51.6,3
2026-01-29 16:50:00,3,16,0,477.6,0,8,23.9,51.9,3
2026-01-29 16:55:00,3,16,0,446.0,0,8,22.3,51.2,3
2026-01-29 17:00:00,3,17,0,447.6,0,8,22.4,51.2,3
2026-01-29 17:05:00,3,17,0,467.5,0,8,23.4,51.7,3
2026-01-29 17:10:00,3,17,0,430.1,0,8,21.5,50.8,3
2026-01-29 17:15:00,3,17,0,464.7,0,8,23.2,51.6,3
2026-01-29 17:20:00,3,17,0,437.3,0,8,21.9,50.9,3
2026-01-29 17:25:00,3,17,0,435.8,0,8,21.8,50.9,3
2026-01-29 17:30:00,3,17,0,421.0,0,8,21.0,50.5,3
2026-01-29 17:35:00,3,17,0,439.8,0,8,22.0,51.0,3
2026-01-29 17:40:00,3,17,0,467.2,0,8,23.4,51.7,3
2026-01-29 17:45:00,3,17,0,438.1,0,8,21.9,51.0,3
2026-01-29 17:50:00,3,17,0,409.4,0,8,20.5,50.2,3
2026-01-29 17:55:00,3,17,0,435.3,0,8,21.8,50.9,3
2026-01-29 18:00:00,3,18,0,409.4,0,8,20.5,50.2,3
2026-01-29 18:05:00,3,18,0,430.7,0,8,21.5,50.8,3
2026-01-29 18:10:00,3,18,0,417.9,0,8,20.9,50.4,3
2026-01-29 18:15:00,3,18,0,357.5,0,8,17.9,48.9,2
2026-01-29 18:20:00,3,18,0,382.3,0,8,19.1,49.6,3
2026-01-29 18:25:00,3,18,0,407.2,0,8,20.4,50.2,3
2026-01-29 18:30:00,3,18,0,391.0,0,8,19.6,49.8,3
2026-01-29 18:35:00,3,18,0,369.0,0,8,18.4,49.2,2
2026-01-29 18:40:00,3,18,0,370.4,0,8,18.5,49.3,2
2026-01-29 18:45:00,3,18,0,346.9,0,8,17.3,48.7,2
2026-01-29 18:50:00,3,18,0,369.8,0,8,18.5,49.2,2
2026-01-29 18:55:00,3,18,0,399.9,0,8,20.0,50.0,3
2026-01-29 19:00:00,3,19,0,374.4,0,8,18.7,49.4,2
2026-01-29 19:05:00,3,19,0,390.7,0,8,19.5,49.8,3
2026-01-29 19:10:00,3,19,0,366.7,0,8,18.3,49.2,2
2026-01-29 19:15:00,3,19,0,364.4,0,8,18.2,49.1,2
2026-01-29 19:20:00,3,19,0,374.2,0,8,18.7,49.4,2
2026-01-29 19:25:00,3,19,0,345.9,0,8,17.3,48.6,2
2026-01-29 19:30:00,3,19,0,333.1,0,8,16.7,48.3,2
2026-01-29 19:35:00,3,19,0,347.0,0,8,17.3,48.7,2
2026-01-29 19:40:00,3,19,0,349.0,0,8,17.4,48.7,2
2026-01-29 19:45:00,3,19,0,315.7,0,8,15.8,47.9,2
2026-01-29 19:50:00,3,19,0,307.8,0,8,15.4,47.7,2
2026-01-29 19:55:00,3,19,0,316.5,0,8,15.8,47.9,2
2026-01-29 20:00:00,3,20,0,322.7,0,8,16.1,48.1,2
2026-01-29 20:05:00,3,20,0,318.1,0,8,15.9,48.0,2
2026-01-29 20:10:00,3,20,0,280.6,0,8,14.0,47.0,2
2026-01-29 20:15:00,3,20,0,326.6,0,8,16.3,48.2,2
2026-01-29 20:20:00,3,20,0,284.3,0,8,14.2,47.1,2
2026-01-29 20:25:00,3,20,0,285.9,0,8,14.3,47.1,2
2026-01-29 20:30:00,3,20,0,272.5,0,8,13.6,46.8,2
2026-01-29 20:35:00,3,20,0,322.6,0,8,16.1,48.1,2
2026-01-29 20:40:00,3,20,0,281.9,0,8,14.1,47.0,2
2026-01-29 20:45:00,3,20,0,261.8,0,8,13.1,46.5,2
2026-01-29 20:50:00,3,20,0,283.8,0,8,14.2,47.1,2
2026-01-29 20:55:00,3,20,0,278.7,0,8,13.9,47.0,2
2026-01-29 21:00:00,3,21,0,260.8,0,8,13.0,46.5,2
2026-01-29 21:05:00,3,21,0,272.7,0,8,13.6,46.8,2
2026-01-29 21:10:00,3,21,0,244.3,0,8,12.2,46.1,2
2026-01-29 21:15:00,3,21,0,245.9,0,8,12.3,46.1,2
2026-01-29 21:20:00,3,21,0,219.8,0,8,11.0,45.5,2
2026-01-29 21:25:00,3,21,0,226.8,0,8,11.3,45.7,2
2026-01-29 21:30:00,3,21,0,270.6,0,8,13.5,46.8,2
2026-01-29 21:35:00,3,21,0,265.0,0,8,13.2,46.6,2
2026-01-29 21:40:00,3,21,0,238.3,0,8,11.9,46.0,2
2026-01-29 21:45:00,3,21,0,259.2,0,8,13.0,46.5,2
2026-01-29 21:50:00,3,21,0,228.9,0,8,11.4,45.7,2
2026-01-29 21:55:00,3,21,0,224.8,0,8,11.2,45.6,2
2026-01-29 22:00:00,3,22,0,226.5,0,8,11.3,45.7,2
2026-01-29 22:05:00,3,22,0,221.1,0,8,11.1,45.5,2
2026-01-29 22:10:00,3,22,0,217.1,0,8,10.9,45.4,2
2026-01-29 22:15:00,3,22,0,234.9,0,8,11.7,45.9,2
2026-01-29 22:20:00,3,22,0,217.4,0,8,10.9,45.4,2
2026-01-29 22:25:00,3,22,0,223.4,0,8,11.2,45.6,2
2026-01-29 22:30:00,3,22,0,225.8,0,8,11.3,45.6,2
2026-01-29 22:35:00,3,22,0,213.8,0,8,10.7,45.3,2
2026-01-29 22:40:00,3,22,0,191.2,0,8,9.6,44.8,2
2026-01-29 22:45:00,3,22,0,183.3,0,8,9.2,44.6,2
2026-01-29 22:50:00,3,22,0,203.7,0,8,10.2,45.1,2
2026-01-29 22:55:00,3,22,0,196.8,0,8,9.8,44.9,2
2026-01-29 23:00:00,3,23,0,198.7,0,8,9.9,45.0,2
2026-01-29 23:05:00,3,23,0,195.2,0,8,9.8,44.9,2
2026-01-29 23:10:00,3,23,0,232.3,0,8,11.6,45.8,2
2026-01-29 23:15:00,3,23,0,171.8,0,8,8.6,44.3,2
2026-01-29 23:20:00,3,23,0,160.1,0,8,8.0,44.0,2
2026-01-29 23:25:00,3,23,0,193.2,0,8,9.7,44.8,2
2026-01-29 23:30:00,3,23,0,181.0,0,8,9.0,44.5,2
2026-01-29 23:35:00,3,23,0,189.8,0,8,9.5,44.7,2
2026-01-29 23:40:00,3,23,0,192.2,0,8,9.6,44.8,2
2026-01-29 23:45:00,3,23,0,201.2,0,8,10.1,45.0,2
2026-01-29 23:50:00,3,23,0,157.9,0,8,7.9,43.9,2
2026-01-29 23:55:00,3,23,0,170.8,0,8,8.5,44.3,2
2026-01-30 00:00:00,4,0,0,156.7,0,8,7.8,43.9,2
2026-01-30 00:05:00,4,0,0,161.9,0,8,8.1,44.0,2
2026-01-30 00:10:00,4,0,0,183.3,0,8,9.2,44.6,2
2026-01-30 00:15:00,4,0,0,164.7,0,8,8.2,44.1,2
2026-01-30 00:20:00,4,0,0,149.6,0,8,7.5,43.7,2
2026-01-30 00:25:00,4,0,0,137.1,0,8,6.9,43.4,2
2026-01-30 00:30:00,4,0,0,142.0,0,8,7.1,43.6,2
2026-01-30 00:35:00,4,0,0,141.6,0,8,7.1,43.5,2
2026-01-30 00:40:00,4,0,0,160.4,0,8,8.0,44.0,2
2026-01-30 00:45:00,4,0,0,154.5,0,8,7.7,43.9,2
2026-01-30 00:50:00,4,0,0,130.8,0,8,6.5,43.3,2
2026-01-30 00:55:00,4,0,0,144.2,0,8,7.2,43.6,2
2026-01-30 01:00:00,4,1,0,163.9,0,8,8.2,44.1,2
2026-01-30 01:05:00,4,1,0,156.1,0,8,7.8,43.9,2
2026-01-30 01:10:00,4,1,0,159.4,0,8,8.0,44.0,2
2026-01-30 01:15:00,4,1,0,156.7,0,8,7.8,43.9,2
2026-01-30 01:20:00,4,1,0,175.4,0,8,8.8,44.4,2
2026-01-30 01:25:00,4,1,0,154.6,0,8,7.7,43.9,2
2026-01-30 01:30:00,4,1,0,145.4,0,8,7.3,43.6,2
2026-01-30 01:35:00,4,1,0,137.5,0,8,6.9,43.4,2
2026-01-30 01:40:00,4,1,0,155.1,0,8,7.8,43.9,2
2026-01-30 01:45:00,4,1,0,114.8,0,8,5.7,42.9,2
2026-01-30 01:50:00,4,1,0,148.8,0,8,7.4,43.7,2
2026-01-30 01:55:00,4,1,0,148.6,0,8,7.4,43.7,2
2026-01-30 02:00:00,4,2,0,131.3,0,8,6.6,43.3,2
2026-01-30 02:05:00,4,2,0,138.0,0,8,6.9,43.4,2
2026-01-30 02:10:00,4,2,0,164.2,0,8,8.2,44.1,2
2026-01-30 02:15:00,4,2,0,155.6,0,8,7.8,43.9,2
2026-01-30 02:20:00,4,2,0,153.9,0,8,7.7,43.8,2
2026-01-30 02:25:00,4,2,0,157.1,0,8,7.9,43.9,2
2026-01-30 02:30:00,4,2,0,154.0,0,8,7.7,43.8,2
2026-01-30 02:35:00,4,2,0,171.5,0,8,8.6,44.3,2
2026-01-30 02:40:00,4,2,0,154.9,0,8,7.7,43.9,2
2026-01-30 02:45:00,4,2,0,131.3,0,8,6.6,43.3,2
2026-01-30 02:50:00,4,2,0,177.9,0,8,8.9,44.4,2
2026-01-30 02:55:00,4,2,0,159.2,0,8,8.0,44.0,2
2026-01-30 03:00:00,4,3,0,145.0,0,8,7.2,43.6,2
2026-01-30 03:05:00,4,3,0,135.3,0,8,6.8,43.4,2
2026-01-30 03:10:00,4,3,0,160.3,0,8,8.0,44.0,2
2026-01-30 03:15:00,4,3,0,152.9,0,8,7.6,43.8,2
2026-01-30 03:20:00,4,3,0,178.6,0,8,8.9,44.5,2
2026-01-30 03:25:00,4,3,0,150.1,0,8,7.5,43.8,2
2026-01-30 03:30:00,4,3,0,143.1,0,8,7.2,43.6,2
2026-01-30 03:35:00,4,3,0,169.4,0,8,8.5,44.2,2
2026-01-30 03:40:00,4,3,0,170.2,0,8,8.5,44.3,2
2026-01-30 03:45:00,4,3,0,159.2,0,8,8.0,44.0,2
2026-01-30 03:50:00,4,3,0,167.3,0,8,8.4,44.2,2
2026-01-30 03:55:00,4,3,0,157.0,0,8,7.8,43.9,2
2026-01-30 04:00:00,4,4,0,161.5,0,8,8.1,44.0,2
2026-01-30 04:05:00,4,4,0,175.9,0,8,8.8,44.4,2
2026-01-30 04:10:00,4,4,0,168.3,0,8,8.4,44.2,2
2026-01-30 04:15:00,4,4,0,156.9,0,8,7.8,43.9,2
2026-01-30 04:20:00,4,4,0,180.3,0,8,9.0,44.5,2
2026-01-30 04:25:00,4,4,0,125.1,0,8,6.3,43.1,2
2026-01-30 04:30:00,4,4,0,191.9,0,8,9.6,44.8,2
2026-01-30 04:35:00,4,4,0,136.2,0,8,6.8,43.4,2
2026-01-30 04:40:00,4,4,0,153.0,0,8,7.6,43.8,2
2026-01-30 04:45:00,4,4,0,162.5,0,8,8.1,44.1,2
2026-01-30 04:50:00,4,4,0,161.6,0,8,8.1,44.0,2
2026-01-30 04:55:00,4,4,0,179.7,0,8,9.0,44.5,2
2026-01-30 05:00:00,4,5,0,149.5,0,8,7.5,43.7,2
2026-01-30 05:05:00,4,5,0,170.1,0,8,8.5,44.3,2
2026-01-30 05:10:00,4,5,0,158.4,0,8,7.9,44.0,2
2026-01-30 05:15:00,4,5,0,172.4,0,8,8.6,44.3,2
2026-01-30 05:20:00,4,5,0,167.9,0,8,8.4,44.2,2
2026-01-30 05:25:00,4,5,0,171.2,0,8,8.6,44.3,2
2026-01-30 05:30:00,4,5,0,162.6,0,8,8.1,44.1,2
2026-01-30 05:35:00,4,5,0,164.3,0,8,8.2,44.1,2
2026-01-30 05:40:00,4,5,0,177.3,0,8,8.9,44.4,2
2026-01-30 05:45:00,4,5,0,188.3,0,8,9.4,44.7,2
2026-01-30 05:50:00,4,5,0,166.4,0,8,8.3,44.2,2
2026-01-30 05:55:00,4,5,0,163.5,0,8,8.2,44.1,2
2026-01-30 06:00:00,4,6,0,187.0,0,8,9.4,44.7,2
2026-01-30 06:05:00,4,6,0,178.7,0,8,8.9,44.5,2
2026-01-30 06:10:00,4,6,0,193.0,0,8,9.6,44.8,2
2026-01-30 06:15:00,4,6,0,168.4,0,8,8.4,44.2,2
2026-01-30 06:20:00,4,6,0,156.8,0,8,7.8,43.9,2
2026-01-30 06:25:00,4,6,0,177.0,0,8,8.8,44.4,2
2026-01-30 06:30:00,4,6,0,175.1,0,8,8.8,44.4,2
2026-01-30 06:35:00,4,6,0,187.1,0,8,9.4,44.7,2
2026-01-30 06:40:00,4,6,0,180.4,0,8,9.0,44.5,2
2026-01-30 06:45:00,4,6,0,202.8,0,8,10.1,45.1,2
2026-01-30 06:50:00,4,6,0,189.2,0,8,9.5,44.7,2
2026-01-30 06:55:00,4,6,0,197.7,0,8,9.9,44.9,2
2026-01-30 07:00:00,4,7,0,199.7,0,8,10.0,45.0,2
2026-01-30 07:05:00,4,7,0,202.3,0,8,10.1,45.1,2
2026-01-30 07:10:00,4,7,0,201.1,0,8,10.1,45.0,2
2026-01-30 07:15:00,4,7,0,211.2,0,8,10.6,45.3,2
2026-01-30 07:20:00,4,7,0,193.8,0,8,9.7,44.8,2
2026-01-30 07:25:00,4,7,0,229.0,0,8,11.5,45.7,2
2026-01-30 07:30:00,4,7,0,206.8,0,8,10.3,45.2,2
2026-01-30 07:35:00,4,7,0,193.1,0,8,9.7,44.8,2
2026-01-30 07:40:00,4,7,0,218.0,0,8,10.9,45.4,2
2026-01-30 07:45:00,4,7,0,205.0,0,8,10.2,45.1,2
2026-01-30 07:50:00,4,7,0,230.3,0,8,11.5,45.8,2
2026-01-30 07:55:00,4,7,0,256.1,0,8,12.8,46.4,2
2026-01-30 08:00:00,4,8,0,213.9,0,8,10.7,45.3,2
2026-01-30 08:05:00,4,8,0,233.5,0,8,11.7,45.8,2
2026-01-30 08:10:00,4,8,0,205.0,0,8,10.2,45.1,2
2026-01-30 08:15:00,4,8,0,241.1,0,8,12.1,46.0,2
2026-01-30 08:20:00,4,8,0,224.0,0,8,11.2,45.6,2
2026-01-30 08:25:00,4,8,0,231.0,0,8,11.6,45.8,2
2026-01-30 08:30:00,4,8,0,226.9,0,8,11.3,45.7,2
2026-01-30 08:35:00,4,8,0,257.6,0,8,12.9,46.4,2
2026-01-30 08:40:00,4,8,0,265.0,0,8,13.2,46.6,2
2026-01-30 08:45:00,4,8,0,253.6,0,8,12.7,46.3,2
2026-01-30 08:50:00,4,8,0,243.7,0,8,12.2,46.1,2
2026-01-30 08:55:00,4,8,0,284.0,0,8,14.2,47.1,2
2026-01-30 09:00:00,4,9,0,252.4,0,8,12.6,46.3,2
2026-01-30 09:05:00,4,9,0,234.8,0,8,11.7,45.9,2
2026-01-30 09:10:00,4,9,0,277.7,0,8,13.9,46.9,2
2026-01-30 09:15:00,4,9,0,258.0,0,8,12.9,46.4,2
2026-01-30 09:20:00,4,9,0,293.1,0,8,14.7,47.3,2
2026-01-30 09:25:00,4,9,0,276.4,0,8,13.8,46.9,2
2026-01-30 09:30:00,4,9,0,295.1,0,8,14.8,47.4,2
2026-01-30 09:35:00,4,9,0,310.9,0,8,15.5,47.8,2
2026-01-30 09:40:00,4,9,0,275.8,0,8,13.8,46.9,2
2026-01-30 09:45:00,4,9,0,289.4,0,8,14.5,47.2,2
2026-01-30 09:50:00,4,9,0,300.8,0,8,15.0,47.5,2
2026-01-30 09:55:00,4,9,0,329.2,0,8,16.5,48.2,2
2026-01-30 10:00:00,4,10,0,300.4,0,8,15.0,47.5,2
2026-01-30 10:05:00,4,10,0,305.5,0,8,15.3,47.6,2
2026-01-30 10:10:00,4,10,0,325.8,0,8,16.3,48.1,2
2026-01-30 10:15:00,4,10,0,314.3,0,8,15.7,47.9,2
2026-01-30 10:20:00,4,10,0,329.5,0,8,16.5,48.2,2
2026-01-30 10:25:00,4,10,0,308.3,0,8,15.4,47.7,2
2026-01-30 10:30:00,4,10,0,369.1,0,8,18.5,49.2,2
2026-01-30 10:35:00,4,10,0,320.0,0,8,16.0,48.0,2
2026-01-30 10:40:00,4,10,0,339.8,0,8,17.0,48.5,2
2026-01-30 10:45:00,4,10,0,348.5,0,8,17.4,48.7,2
2026-01-30 10:50:00,4,10,0,382.1,0,8,19.1,49.6,3
2026-01-30 10:55:00,4,10,0,338.0,0,8,16.9,48.4,2
2026-01-30 11:00:00,4,11,0,392.0,0,8,19.6,49.8,3
2026-01-30 11:05:00,4,11,0,378.1,0,8,18.9,49.5,3
2026-01-30 11:10:00,4,11,0,377.4,0,8,18.9,49.4,3
2026-01-30 11:15:00,4,11,0,360.8,0,8,18.0,49.0,2
2026-01-30 11:20:00,4,11,0,388.5,0,8,19.4,49.7,3
2026-01-30 11:25:00,4,11,0,373.5,0,8,18.7,49.3,2
2026-01-30 11:30:00,4,11,0,407.7,0,8,20.4,50.2,3
2026-01-30 11:35:00,4,11,0,378.5,0,8,18.9,49.5,3
2026-01-30 11:40:00,4,11,0,395.6,0,8,19.8,49.9,3
2026-01-30 11:45:00,4,11,0,393.3,0,8,19.7,49.8,3
2026-01-30 11:50:00,4,11,0,391.0,0,8,19.6,49.8,3
2026-01-30 11:55:00,4,11,0,421.2,0,8,21.1,50.5,3
2026-01-30 12:00:00,4,12,0,422.2,0,8,21.1,50.6,3
2026-01-30 12:05:00,4,12,0,436.4,0,8,21.8,50.9,3
2026-01-30 12:10:00,4,12,0,395.6,0,8,19.8,49.9,3
2026-01-30 12:15:00,4,12,0,442.3,0,8,22.1,51.1,3
2026-01-30 12:20:00,4,12,0,467.8,0,8,23.4,51.7,3
2026-01-30 12:25:00,4,12,0,427.3,0,8,21.4,50.7,3
2026-01-30 12:30:00,4,12,0,466.3,0,8,23.3,51.7,3
2026-01-30 12:35:00,4,12,0,437.7,0,8,21.9,50.9,3
2026-01-30 12:40:00,4,12,0,424.7,0,8,21.2,50.6,3
2026-01-30 12:45:00,4,12,0,444.2,0,8,22.2,51.1,3
2026-01-30 12:50:00,4,12,0,468.0,0,8,23.4,51.7,3
2026-01-30 12:55:00,4,12,0,443.0,0,8,22.2,51.1,3
2026-01-30 13:00:00,4,13,0,449.9,0,8,22.5,51.2,3
2026-01-30 13:05:00,4,13,0,470.9,0,8,23.5,51.8,3
2026-01-30 13:10:00,4,13,0,465.1,0,8,23.3,51.6,3
2026-01-30 13:15:00,4,13,0,476.8,0,8,23.8,51.9,3
2026-01-30 13:20:00,4,13,0,474.5,0,8,23.7,51.9,3
2026-01-30 13:25:00,4,13,0,480.8,0,8,24.0,52.0,3
2026-01-30 13:30:00,4,13,0,469.8,0,8,23.5,51.7,3
2026-01-30 13:35:00,4,13,0,482.2,0,8,24.1,52.1,3
2026-01-30 13:40:00,4,13,0,467.2,0,8,23.4,51.7,3
2026-01-30 13:45:00,4,13,0,502.6,0,8,25.1,52.6,3
2026-01-30 13:50:00,4,13,0,475.9,0,8,23.8,51.9,3
2026-01-30 13:55:00,4,13,0,504.3,0,8,25.2,52.6,3
2026-01-30 14:00:00,4,14,0,485.7,0,8,24.3,52.1,3
2026-01-30 14:05:00,4,14,0,494.0,0,8,24.7,52.4,3
2026-01-30 14:10:00,4,14,0,485.1,1,8,24.3,52.1,3
2026-01-30 14:15:00,4,14,0,2224.3,1,8,111.2,1059.2,12
2026-01-30 14:20:00,4,14,0,3431.5,1,8,171.6,6875.6,19
2026-01-30 14:25:00,4,14,0,3984.9,1,8,199.2,11010.1,22
2026-01-30 14:30:00,4,14,0,3602.8,1,8,180.1,8062.2,20
2026-01-30 14:35:00,4,14,0,10828.6,1,8,541.4,124939.2,58
2026-01-30 14:40:00,4,14,0,3548.1,1,8,177.4,7674.1,19
2026-01-30 14:45:00,4,14,0,3400.9,1,8,170.0,6672.6,19
2026-01-30 14:50:00,4,14,0,2261.4,1,8,113.1,1166.5,13
2026-01-30 14:55:00,4,14,0,478.3,0,8,23.9,52.0,3
2026-01-30 15:00:00,4,15,0,507.2,0,8,25.4,52.7,3
2026-01-30 15:05:00,4,15,0,520.7,0,8,26.0,53.0,3
2026-01-30 15:10:00,4,15,0,518.7,0,8,25.9,53.0,3
2026-01-30 15:15:00,4,15,0,510.0,0,8,25.5,52.8,3
2026-01-30 15:20:00,4,15,0,508.4,0,8,25.4,52.7,3
2026-01-30 15:25:00,4,15,0,523.6,0,8,26.2,53.1,3
2026-01-30 15:30:00,4,15,0,502.3,0,8,25.1,52.6,3
2026-01-30 15:35:00,4,15,0,506.0,0,8,25.3,52.6,3
2026-01-30 15:40:00,4,15,0,490.4,0,8,24.5,52.3,3
2026-01-30 15:45:00,4,15,0,473.5,0,8,23.7,51.8,3
2026-01-30 15:50:00,4,15,0,482.2,0,8,24.1,52.1,3
2026-01-30 15:55:00,4,15,0,490.8,0,8,24.5,52.3,3
2026-01-30 16:00:00,4,16,0,490.1,0,8,24.5,52.3,3
2026-01-30 16:05:00,4,16,0,516.3,0,8,25.8,52.9,3
2026-01-30 16:10:00,4,16,0,486.6,0,8,24.3,52.2,3
2026-01-30 16:15:00,4,16,0,501.0,0,8,25.0,52.5,3
2026-01-30 16:20:00,4,16,0,474.6,0,8,23.7,51.9,3
2026-01-30 16:25:00,4,16,0,474.0,0,8,23.7,51.8,3
2026-01-30 16:30:00,4,16,0,456.3,0,8,22.8,51.4,3
2026-01-30 16:35:00,4,16,0,462.5,0,8,23.1,51.6,3
2026-01-30 16:40:00,4,16,0,478.8,0,8,23.9,52.0,3
2026-01-30 16:45:00,4,16,0,468.2,0,8,23.4,51.7,3
2026-01-30 16:50:00,4,16,0,479.2,0,8,24.0,52.0,3
2026-01-30 16:55:00,4,16,0,464.8,0,8,23.2,51.6,3
2026-01-30 17:00:00,4,17,0,453.6,0,8,22.7,51.3,3
2026-01-30 17:05:00,4,17,0,487.8,0,8,24.4,52.2,3
2026-01-30 17:10:00,4,17,0,450.8,0,8,22.5,51.3,3
2026-01-30 17:15:00,4,17,0,466.2,0,8,23.3,51.7,3
2026-01-30 17:20:00,4,17,0,439.2,0,8,22.0,51.0,3
2026-01-30 17:25:00,4,17,0,452.3,0,8,22.6,51.3,3
2026-01-30 17:30:00,4,17,0,451.8,0,8,22.6,51.3,3
2026-01-30 17:35:00,4,17,0,437.2,0,8,21.9,50.9,3
2026-01-30 17:40:00,4,17,0,394.9,0,8,19.7,49.9,3
2026-01-30 17:45:00,4,17,0,426.6,0,8,21.3,50.7,3
2026-01-30 17:50:00,4,17,0,440.8,0,8,22.0,51.0,3
2026-01-30 17:55:00,4,17,0,426.2,0,8,21.3,50.7,3
2026-01-30 18:00:00,4,18,0,420.9,0,8,21.0,50.5,3
2026-01-30 18:05:00,4,18,0,384.2,0,8,19.2,49.6,3
2026-01-30 18:10:00,4,18,0,395.0,0,8,19.8,49.9,3
2026-01-30 18:15:00,4,18,0,407.8,0,8,20.4,50.2,3
2026-01-30 18:20:00,4,18,0,403.5,0,8,20.2,50.1,3
2026-01-30 18:25:00,4,18,0,411.2,0,8,20.6,50.3,3
2026-01-30 18:30:00,4,18,0,386.5,0,8,19.3,49.7,3
2026-01-30 18:35:00,4,18,0,390.4,0,8,19.5,49.8,3
2026-01-30 18:40:00,4,18,0,380.2,0,8,19.0,49.5,3
2026-01-30 18:45:00,4,18,0,360.7,0,8,18.0,49.0,2
2026-01-30 18:50:00,4,18,0,337.3,0,8,16.9,48.4,2
2026-01-30 18:55:00,4,18,0,373.2,0,8,18.7,49.3,2
2026-01-30 19:00:00,4,19,0,364.9,0,8,18.2,49.1,2
2026-01-30 19:05:00,4,19,0,348.6,0,8,17.4,48.7,2
2026-01-30 19:10:00,4,19,0,329.2,0,8,16.5,48.2,2
2026-01-30 19:15:00,4,19,0,358.5,0,8,17.9,49.0,2
2026-01-30 19:20:00,4,19,0,340.6,0,8,17.0,48.5,2
2026-01-30 19:25:00,4,19,0,348.6,0,8,17.4,48.7,2
2026-01-30 19:30:00,4,19,0,363.8,0,8,18.2,49.1,2
2026-01-30 19:35:00,4,19,0,299.4,0,8,15.0,47.5,2
2026-01-30 19:40:00,4,19,0,316.7,0,8,15.8,47.9,2
2026-01-30 19:45:00,4,19,0,319.8,0,8,16.0,48.0,2
2026-01-30 19:50:00,4,19,0,340.5,0,8,17.0,48.5,2
2026-01-30 19:55:00,4,19,0,289.9,0,8,14.5,47.2,2
2026-01-30 20:00:00,4,20,0,339.3,0,8,17.0,48.5,2
2026-01-30 20:05:00,4,20,0,308.1,0,8,15.4,47.7,2
2026-01-30 20:10:00,4,20,0,300.5,0,8,15.0,47.5,2
2026-01-30 20:15:00,4,20,0,294.9,0,8,14.7,47.4,2
2026-01-30 20:20:00,4,20,0,287.3,0,8,14.4,47.2,2
2026-01-30 20:25:00,4,20,0,305.6,0,8,15.3,47.6,2
2026-01-30 20:30:00,4,20,0,270.0,0,8,13.5,46.8,2
2026-01-30 20:35:00,4,20,0,287.3,0,8,14.4,47.2,2
2026-01-30 20:40:00,4,20,0,272.5,0,8,13.6,46.8,2
2026-01-30 20:45:00,4,20,0,263.1,0,8,13.2,46.6,2
2026-01-30 20:50:00,4,20,0,309.6,0,8,15.5,47.7,2
2026-01-30 20:55:00,4,20,0,273.5,0,8,13.7,46.8,2
2026-01-30 21:00:00,4,21,0,272.8,0,8,13.6,46.8,2
2026-01-30 21:05:00,4,21,0,277.2,0,8,13.9,46.9,2
2026-01-30 21:10:00,4,21,0,235.3,0,8,11.8,45.9,2
2026-01-30 21:15:00,4,21,0,279.5,0,8,14.0,47.0,2
2026-01-30 21:20:00,4,21,0,212.3,0,8,10.6,45.3,2
2026-01-30 21:25:00,4,21,0,235.1,0,8,11.8,45.9,2
2026-01-30 21:30:00,4,21,0,236.6,0,8,11.8,45.9,2
2026-01-30 21:35:00,4,21,0,249.1,0,8,12.5,46.2,2
2026-01-30 21:40:00,4,21,0,240.6,0,8,12.0,46.0,2
2026-01-30 21:45:00,4,21,0,231.8,0,8,11.6,45.8,2
2026-01-30 21:50:00,4,21,0,231.2,0,8,11.6,45.8,2
2026-01-30 21:55:00,4,21,0,213.8,0,8,10.7,45.3,2
2026-01-30 22:00:00,4,22,0,203.2,0,8,10.2,45.1,2
2026-01-30 22:05:00,4,22,0,233.9,0,8,11.7,45.8,2
2026-01-30 22:10:00,4,22,0,230.7,0,8,11.5,45.8,2
2026-01-30 22:15:00,4,22,0,241.5,0,8,12.1,46.0,2
2026-01-30 22:20:00,4,22,0,203.3,0,8,10.2,45.1,2
2026-01-30 22:25:00,4,22,0,223.1,0,8,11.2,45.6,2
2026-01-30 22:30:00,4,22,0,206.1,0,8,10.3,45.2,2
2026-01-30 22:35:00,4,22,0,225.9,0,8,11.3,45.6,2
2026-01-30 22:40:00,4,22,0,221.1,0,8,11.1,45.5,2
2026-01-30 22:45:00,4,22,0,206.7,0,8,10.3,45.2,2
2026-01-30 22:50:00,4,22,0,196.3,0,8,9.8,44.9,2
2026-01-30 22:55:00,4,22,0,213.8,0,8,10.7,45.3,2
2026-01-30 23:00:00,4,23,0,207.1,0,8,10.4,45.2,2
2026-01-30 23:05:00,4,23,0,185.2,0,8,9.3,44.6,2
2026-01-30 23:10:00,4,23,0,173.6,0,8,8.7,44.3,2
2026-01-30 23:15:00,4,23,0,187.4,0,8,9.4,44.7,2
2026-01-30 23:20:00,4,23,0,212.7,0,8,10.6,45.3,2
2026-01-30 23:25:00,4,23,0,205.4,0,8,10.3,45.1,2
2026-01-30 23:30:00,4,23,0,169.9,0,8,8.5,44.2,2
2026-01-30 23:35:00,4,23,0,167.5,0,8,8.4,44.2,2
2026-01-30 23:40:00,4,23,0,202.6,0,8,10.1,45.1,2
2026-01-30 23:45:00,4,23,0,165.0,0,8,8.2,44.1,2
2026-01-30 23:50:00,4,23,0,188.2,0,8,9.4,44.7,2
2026-01-30 23:55:00,4,23,0,169.9,0,8,8.5,44.2,2
