Prediction_Time,Forecast_For_Time,Predicted_Workload,Actual_Workload,Prediction_Confidence,Forecast_Duration,Prediction_Status,Actual_Is_Spike
2026-01-25 00:00:00,2026-01-25 00:15:00,99.2,78.5,99.9,15,SUCCESS,0
2026-01-25 00:05:00,2026-01-25 00:20:00,92.1,81.4,99.9,15,SUCCESS,0
2026-01-25 00:10:00,2026-01-25 00:25:00,98.6,136.2,99.8,15,SUCCESS,0
2026-01-25 00:15:00,2026-01-25 00:30:00,95.9,124.1,99.9,15,SUCCESS,0
2026-01-25 00:20:00,2026-01-25 00:35:00,95.7,97.4,99.9,15,SUCCESS,0
2026-01-25 00:25:00,2026-01-25 00:40:00,105.4,101.7,99.8,15,SUCCESS,0
2026-01-25 00:30:00,2026-01-25 00:45:00,96.1,88.4,99.9,15,SUCCESS,0
2026-01-25 00:35:00,2026-01-25 00:50:00,98.3,104.4,99.9,15,SUCCESS,0
2026-01-25 00:40:00,2026-01-25 00:55:00,100.2,87.2,99.8,15,SUCCESS,0
2026-01-25 00:45:00,2026-01-25 01:00:00,94.6,67.5,99.9,15,SUCCESS,0
2026-01-25 00:50:00,2026-01-25 01:05:00,95.9,78.2,99.9,15,SUCCESS,0
2026-01-25 00:55:00,2026-01-25 01:10:00,98.4,98.4,99.9,15,SUCCESS,0
2026-01-25 01:00:00,2026-01-25 01:15:00,100.5,81.2,99.9,15,SUCCESS,0
2026-01-25 01:05:00,2026-01-25 01:20:00,98.8,97.2,99.9,15,SUCCESS,0
2026-01-25 01:10:00,2026-01-25 01:25:00,102.0,82.1,99.9,15,SUCCESS,0
2026-01-25 01:15:00,2026-01-25 01:30:00,133.7,86.5,99.3,15,SUCCESS,0
2026-01-25 01:20:00,2026-01-25 01:35:00,103.6,111.1,99.8,15,SUCCESS,0
2026-01-25 01:25:00,2026-01-25 01:40:00,101.2,102.1,99.9,15,SUCCESS,0
2026-01-25 01:30:00,2026-01-25 01:45:00,102.3,98.3,99.9,15,SUCCESS,0
2026-01-25 01:35:00,2026-01-25 01:50:00,98.5,111.7,99.9,15,SUCCESS,0
2026-01-25 01:40:00,2026-01-25 01:55:00,102.3,105.8,99.8,15,SUCCESS,0
2026-01-25 01:45:00,2026-01-25 02:00:00,99.4,120.4,99.9,15,SUCCESS,0
2026-01-25 01:50:00,2026-01-25 02:05:00,100.6,91.8,99.9,15,SUCCESS,0
2026-01-25 01:55:00,2026-01-25 02:10:00,102.3,92.4,99.9,15,SUCCESS,0
2026-01-25 02:00:00,2026-01-25 02:15:00,104.4,79.4,100.0,15,SUCCESS,0
2026-01-25 02:05:00,2026-01-25 02:20:00,106.6,92.6,99.9,15,SUCCESS,0
2026-01-25 02:10:00,2026-01-25 02:25:00,106.7,113.6,99.8,15,SUCCESS,0
2026-01-25 02:15:00,2026-01-25 02:30:00,105.5,118.7,99.9,15,SUCCESS,0
2026-01-25 02:20:00,2026-01-25 02:35:00,108.0,113.7,99.8,15,SUCCESS,0
2026-01-25 02:25:00,2026-01-25 02:40:00,105.4,72.5,100.0,15,SUCCESS,0
2026-01-25 02:30:00,2026-01-25 02:45:00,110.0,115.8,99.7,15,SUCCESS,0
2026-01-25 02:35:00,2026-01-25 02:50:00,105.1,72.2,99.9,15,SUCCESS,0
2026-01-25 02:40:00,2026-01-25 02:55:00,104.0,113.3,99.9,15,SUCCESS,0
2026-01-25 02:45:00,2026-01-25 03:00:00,102.7,94.5,99.9,15,SUCCESS,0
2026-01-25 02:50:00,2026-01-25 03:05:00,103.1,110.7,99.9,15,SUCCESS,0
2026-01-25 02:55:00,2026-01-25 03:10:00,144.9,80.4,99.3,15,SUCCESS,0
2026-01-25 03:00:00,2026-01-25 03:15:00,108.9,118.1,99.7,15,SUCCESS,0
2026-01-25 03:05:00,2026-01-25 03:20:00,140.9,78.8,99.3,15,SUCCESS,0
2026-01-25 03:10:00,2026-01-25 03:25:00,115.8,90.9,99.5,15,SUCCESS,0
2026-01-25 03:15:00,2026-01-25 03:30:00,106.5,86.2,99.9,15,SUCCESS,0
2026-01-25 03:20:00,2026-01-25 03:35:00,103.1,75.1,99.9,15,SUCCESS,0
2026-01-25 03:25:00,2026-01-25 03:40:00,106.8,103.0,100.0,15,SUCCESS,0
2026-01-25 03:30:00,2026-01-25 03:45:00,107.1,128.9,99.9,15,SUCCESS,0
2026-01-25 03:35:00,2026-01-25 03:50:00,109.1,142.1,99.7,15,SUCCESS,0
2026-01-25 03:40:00,2026-01-25 03:55:00,104.4,103.9,99.9,15,SUCCESS,0
2026-01-25 03:45:00,2026-01-25 04:00:00,105.3,119.4,99.8,15,SUCCESS,0
2026-01-25 03:50:00,2026-01-25 04:05:00,171.7,106.5,99.1,15,SUCCESS,0
2026-01-25 03:55:00,2026-01-25 04:10:00,105.1,110.8,99.9,15,SUCCESS,0
2026-01-25 04:00:00,2026-01-25 04:15:00,103.2,98.5,99.9,15,SUCCESS,0
2026-01-25 04:05:00,2026-01-25 04:20:00,105.2,106.9,99.9,15,SUCCESS,0
2026-01-25 04:10:00,2026-01-25 04:25:00,107.8,112.4,99.9,15,SUCCESS,0
2026-01-25 04:15:00,2026-01-25 04:30:00,111.5,96.1,99.9,15,SUCCESS,0
2026-01-25 04:20:00,2026-01-25 04:35:00,106.2,104.0,99.9,15,SUCCESS,0
2026-01-25 04:25:00,2026-01-25 04:40:00,104.8,104.7,100.0,15,SUCCESS,0
2026-01-25 04:30:00,2026-01-25 04:45:00,107.3,118.4,100.0,15,SUCCESS,0
2026-01-25 04:35:00,2026-01-25 04:50:00,105.7,90.5,100.0,15,SUCCESS,0
2026-01-25 04:40:00,2026-01-25 04:55:00,105.4,106.2,100.0,15,SUCCESS,0
2026-01-25 04:45:00,2026-01-25 05:00:00,105.3,136.2,99.9,15,SUCCESS,0
2026-01-25 04:50:00,2026-01-25 05:05:00,106.8,125.5,100.0,15,SUCCESS,0
2026-01-25 04:55:00,2026-01-25 05:10:00,104.8,128.8,100.0,15,SUCCESS,0
2026-01-25 05:00:00,2026-01-25 05:15:00,114.1,109.5,99.9,15,SUCCESS,0
2026-01-25 05:05:00,2026-01-25 05:20:00,118.9,114.6,99.6,15,SUCCESS,0
2026-01-25 05:10:00,2026-01-25 05:25:00,111.5,125.4,99.9,15,SUCCESS,0
2026-01-25 05:15:00,2026-01-25 05:30:00,112.1,134.5,99.9,15,SUCCESS,0
2026-01-25 05:20:00,2026-01-25 05:35:00,111.6,82.5,99.9,15,SUCCESS,0
2026-01-25 05:25:00,2026-01-25 05:40:00,113.3,92.7,99.9,15,SUCCESS,0
2026-01-25 05:30:00,2026-01-25 05:45:00,118.5,132.8,99.9,15,SUCCESS,0
2026-01-25 05:35:00,2026-01-25 05:50:00,114.7,109.8,99.9,15,SUCCESS,0
2026-01-25 05:40:00,2026-01-25 05:55:00,111.0,104.7,99.9,15,SUCCESS,0
2026-01-25 05:45:00,2026-01-25 06:00:00,117.9,96.8,99.8,15,SUCCESS,0
2026-01-25 05:50:00,2026-01-25 06:05:00,114.5,108.1,99.9,15,SUCCESS,0
2026-01-25 05:55:00,2026-01-25 06:10:00,115.0,96.3,99.9,15,SUCCESS,0
2026-01-25 06:00:00,2026-01-25 06:15:00,121.2,149.7,99.8,15,SUCCESS,0
2026-01-25 06:05:00,2026-01-25 06:20:00,120.4,118.9,99.9,15,SUCCESS,0
2026-01-25 06:10:00,2026-01-25 06:25:00,116.8,119.4,99.9,15,SUCCESS,0
2026-01-25 06:15:00,2026-01-25 06:30:00,116.2,130.1,99.8,15,SUCCESS,0
2026-01-25 06:20:00,2026-01-25 06:35:00,121.4,136.8,99.9,15,SUCCESS,0
2026-01-25 06:25:00,2026-01-25 06:40:00,125.7,137.7,99.9,15,SUCCESS,1
2026-01-25 06:30:00,2026-01-25 06:45:00,124.0,384.2,99.9,15,SUCCESS,1
2026-01-25 06:35:00,2026-01-25 06:50:00,123.5,494.6,99.9,15,SUCCESS,1
2026-01-25 06:40:00,2026-01-25 06:55:00,130.8,659.4,99.9,15,SUCCESS,1
2026-01-25 06:45:00,2026-01-25 07:00:00,588.4,836.3,96.9,15,SUCCESS,1
2026-01-25 06:50:00,2026-01-25 07:05:00,650.7,727.8,98.0,15,SUCCESS,1
2026-01-25 06:55:00,2026-01-25 07:10:00,678.0,704.0,98.4,15,SUCCESS,1
2026-01-25 07:00:00,2026-01-25 07:15:00,702.0,587.9,96.6,15,SUCCESS,1
2026-01-25 07:05:00,2026-01-25 07:20:00,364.3,397.3,98.6,15,SUCCESS,1
2026-01-25 07:10:00,2026-01-25 07:25:00,199.9,108.5,98.8,15,SUCCESS,0
2026-01-25 07:15:00,2026-01-25 07:30:00,185.2,147.4,99.1,15,SUCCESS,0
2026-01-25 07:20:00,2026-01-25 07:35:00,394.7,134.8,97.9,15,SUCCESS,0
2026-01-25 07:25:00,2026-01-25 07:40:00,196.0,150.5,99.4,15,SUCCESS,0
2026-01-25 07:30:00,2026-01-25 07:45:00,221.1,153.2,98.3,15,SUCCESS,0
2026-01-25 07:35:00,2026-01-25 07:50:00,200.1,167.3,99.1,15,SUCCESS,0
2026-01-25 07:40:00,2026-01-25 07:55:00,196.9,165.2,99.4,15,SUCCESS,0
2026-01-25 07:45:00,2026-01-25 08:00:00,189.6,166.9,99.7,15,SUCCESS,0
2026-01-25 07:50:00,2026-01-25 08:05:00,198.9,170.2,99.4,15,SUCCESS,0
2026-01-25 07:55:00,2026-01-25 08:10:00,161.4,154.7,99.8,15,SUCCESS,0
2026-01-25 08:00:00,2026-01-25 08:15:00,167.0,152.8,99.9,15,SUCCESS,0
2026-01-25 08:05:00,2026-01-25 08:20:00,168.2,167.3,99.9,15,SUCCESS,0
2026-01-25 08:10:00,2026-01-25 08:25:00,178.0,167.2,99.6,15,SUCCESS,0
2026-01-25 08:15:00,2026-01-25 08:30:00,187.2,153.6,99.0,15,SUCCESS,0
2026-01-25 08:20:00,2026-01-25 08:35:00,183.9,166.4,99.2,15,SUCCESS,0
2026-01-25 08:25:00,2026-01-25 08:40:00,197.2,161.9,99.0,15,SUCCESS,0
2026-01-25 08:30:00,2026-01-25 08:45:00,172.4,151.8,99.9,15,SUCCESS,0
2026-01-25 08:35:00,2026-01-25 08:50:00,171.9,186.2,99.9,15,SUCCESS,0
2026-01-25 08:40:00,2026-01-25 08:55:00,168.9,169.9,99.9,15,SUCCESS,0
2026-01-25 08:45:00,2026-01-25 09:00:00,173.1,202.1,99.9,15,SUCCESS,0
2026-01-25 08:50:00,2026-01-25 09:05:00,395.8,149.3,96.0,15,SUCCESS,0
2026-01-25 08:55:00,2026-01-25 09:10:00,176.5,167.7,99.9,15,SUCCESS,0
2026-01-25 09:00:00,2026-01-25 09:15:00,182.9,178.9,99.8,15,SUCCESS,0
2026-01-25 09:05:00,2026-01-25 09:20:00,192.9,198.0,99.3,15,SUCCESS,0
2026-01-25 09:10:00,2026-01-25 09:25:00,200.8,189.4,99.3,15,SUCCESS,0
2026-01-25 09:15:00,2026-01-25 09:30:00,196.7,190.6,99.1,15,SUCCESS,0
2026-01-25 09:20:00,2026-01-25 09:35:00,189.5,171.5,99.2,15,SUCCESS,0
2026-01-25 09:25:00,2026-01-25 09:40:00,199.4,173.7,99.3,15,SUCCESS,0
2026-01-25 09:30:00,2026-01-25 09:45:00,195.9,198.5,99.8,15,SUCCESS,0
2026-01-25 09:35:00,2026-01-25 09:50:00,188.9,175.8,99.9,15,SUCCESS,0
2026-01-25 09:40:00,2026-01-25 09:55:00,184.8,191.0,99.9,15,SUCCESS,0
2026-01-25 09:45:00,2026-01-25 10:00:00,233.5,209.2,98.6,15,SUCCESS,0
2026-01-25 09:50:00,2026-01-25 10:05:00,189.8,189.6,99.9,15,SUCCESS,0
2026-01-25 09:55:00,2026-01-25 10:10:00,194.5,231.2,99.9,15,SUCCESS,0
2026-01-25 10:00:00,2026-01-25 10:15:00,207.3,228.3,99.6,15,SUCCESS,0
2026-01-25 10:05:00,2026-01-25 10:20:00,200.9,189.1,99.9,15,SUCCESS,0
2026-01-25 10:10:00,2026-01-25 10:25:00,215.4,201.5,99.6,15,SUCCESS,0
2026-01-25 10:15:00,2026-01-25 10:30:00,220.4,184.0,99.9,15,SUCCESS,0
2026-01-25 10:20:00,2026-01-25 10:35:00,237.2,209.4,99.1,15,SUCCESS,0
2026-01-25 10:25:00,2026-01-25 10:40:00,254.5,235.5,98.7,15,SUCCESS,0
2026-01-25 10:30:00,2026-01-25 10:45:00,195.4,220.7,99.8,15,SUCCESS,0
2026-01-25 10:35:00,2026-01-25 10:50:00,219.2,236.7,99.6,15,SUCCESS,0
2026-01-25 10:40:00,2026-01-25 10:55:00,223.4,209.8,99.9,15,SUCCESS,0
2026-01-25 10:45:00,2026-01-25 11:00:00,227.2,247.5,99.6,15,SUCCESS,0
2026-01-25 10:50:00,2026-01-25 11:05:00,227.0,230.0,99.9,15,SUCCESS,0
2026-01-25 10:55:00,2026-01-25 11:10:00,233.4,241.4,99.9,15,SUCCESS,0
2026-01-25 11:00:00,2026-01-25 11:15:00,244.5,242.7,99.9,15,SUCCESS,0
2026-01-25 11:05:00,2026-01-25 11:20:00,239.5,227.9,99.9,15,SUCCESS,0
2026-01-25 11:10:00,2026-01-25 11:25:00,245.2,232.5,99.9,15,SUCCESS,0
2026-01-25 11:15:00,2026-01-25 11:30:00,251.0,267.2,99.9,15,SUCCESS,0
2026-01-25 11:20:00,2026-01-25 11:35:00,242.1,261.4,99.6,15,SUCCESS,0
2026-01-25 11:25:00,2026-01-25 11:40:00,233.8,274.0,99.9,15,SUCCESS,0
2026-01-25 11:30:00,2026-01-25 11:45:00,263.4,265.9,99.9,15,SUCCESS,0
2026-01-25 11:35:00,2026-01-25 11:50:00,266.3,265.9,99.9,15,SUCCESS,0
2026-01-25 11:40:00,2026-01-25 11:55:00,271.6,240.6,99.9,15,SUCCESS,0
2026-01-25 11:45:00,2026-01-25 12:00:00,272.8,265.2,99.9,15,SUCCESS,0
2026-01-25 11:50:00,2026-01-25 12:05:00,275.3,271.5,99.9,15,SUCCESS,0
2026-01-25 11:55:00,2026-01-25 12:10:00,266.9,303.8,99.8,15,SUCCESS,0
2026-01-25 12:00:00,2026-01-25 12:15:00,275.0,287.4,99.9,15,SUCCESS,0
2026-01-25 12:05:00,2026-01-25 12:20:00,277.3,302.7,99.9,15,SUCCESS,0
2026-01-25 12:10:00,2026-01-25 12:25:00,287.8,291.1,99.8,15,SUCCESS,0
2026-01-25 12:15:00,2026-01-25 12:30:00,295.5,274.0,99.9,15,SUCCESS,0
2026-01-25 12:20:00,2026-01-25 12:35:00,302.6,288.8,99.9,15,SUCCESS,0
2026-01-25 12:25:00,2026-01-25 12:40:00,296.0,293.0,99.9,15,SUCCESS,0
2026-01-25 12:30:00,2026-01-25 12:45:00,298.6,277.6,99.9,15,SUCCESS,0
2026-01-25 12:35:00,2026-01-25 12:50:00,299.2,288.2,99.9,15,SUCCESS,0
2026-01-25 12:40:00,2026-01-25 12:55:00,307.5,293.1,99.9,15,SUCCESS,0
2026-01-25 12:45:00,2026-01-25 13:00:00,304.4,322.4,99.9,15,SUCCESS,0
2026-01-25 12:50:00,2026-01-25 13:05:00,302.5,269.1,99.9,15,SUCCESS,0
2026-01-25 12:55:00,2026-01-25 13:10:00,307.0,320.4,99.9,15,SUCCESS,0
2026-01-25 13:00:00,2026-01-25 13:15:00,313.4,290.2,99.9,15,SUCCESS,0
2026-01-25 13:05:00,2026-01-25 13:20:00,299.7,285.5,99.9,15,SUCCESS,0
2026-01-25 13:10:00,2026-01-25 13:25:00,306.4,325.6,99.9,15,SUCCESS,0
2026-01-25 13:15:00,2026-01-25 13:30:00,305.7,320.5,99.9,15,SUCCESS,0
2026-01-25 13:20:00,2026-01-25 13:35:00,365.0,330.0,97.0,15,SUCCESS,0
2026-01-25 13:25:00,2026-01-25 13:40:00,315.4,324.7,99.9,15,SUCCESS,0
2026-01-25 13:30:00,2026-01-25 13:45:00,324.9,345.1,99.5,15,SUCCESS,0
2026-01-25 13:35:00,2026-01-25 13:50:00,320.7,323.9,99.9,15,SUCCESS,0
2026-01-25 13:40:00,2026-01-25 13:55:00,319.4,314.5,99.9,15,SUCCESS,0
2026-01-25 13:45:00,2026-01-25 14:00:00,321.2,323.1,99.9,15,SUCCESS,0
2026-01-25 13:50:00,2026-01-25 14:05:00,318.0,337.8,99.9,15,SUCCESS,0
2026-01-25 13:55:00,2026-01-25 14:10:00,325.8,308.4,99.7,15,SUCCESS,0
2026-01-25 14:00:00,2026-01-25 14:15:00,324.2,311.3,99.3,15,SUCCESS,0
2026-01-25 14:05:00,2026-01-25 14:20:00,320.3,317.2,99.9,15,SUCCESS,0
2026-01-25 14:10:00,2026-01-25 14:25:00,317.2,291.0,99.9,15,SUCCESS,0
2026-01-25 14:15:00,2026-01-25 14:30:00,321.6,325.3,99.5,15,SUCCESS,0
2026-01-25 14:20:00,2026-01-25 14:35:00,318.7,295.5,100.0,15,SUCCESS,0
2026-01-25 14:25:00,2026-01-25 14:40:00,314.2,325.0,99.9,15,SUCCESS,0
2026-01-25 14:30:00,2026-01-25 14:45:00,318.4,337.5,99.9,15,SUCCESS,0
2026-01-25 14:35:00,2026-01-25 14:50:00,314.1,317.6,99.9,15,SUCCESS,0
2026-01-25 14:40:00,2026-01-25 14:55:00,320.8,350.1,99.9,15,SUCCESS,0
2026-01-25 14:45:00,2026-01-25 15:00:00,320.1,303.1,99.9,15,SUCCESS,0
2026-01-25 14:50:00,2026-01-25 15:05:00,331.9,342.8,99.0,15,SUCCESS,0
2026-01-25 14:55:00,2026-01-25 15:10:00,321.6,334.9,99.9,15,SUCCESS,0
2026-01-25 15:00:00,2026-01-25 15:15:00,316.7,298.8,99.9,15,SUCCESS,0
2026-01-25 15:05:00,2026-01-25 15:20:00,320.8,364.9,99.9,15,SUCCESS,0
2026-01-25 15:10:00,2026-01-25 15:25:00,320.8,322.8,99.9,15,SUCCESS,0
2026-01-25 15:15:00,2026-01-25 15:30:00,316.1,310.1,99.9,15,SUCCESS,0
2026-01-25 15:20:00,2026-01-25 15:35:00,335.7,301.5,98.9,15,SUCCESS,0
2026-01-25 15:25:00,2026-01-25 15:40:00,321.0,318.6,99.9,15,SUCCESS,0
2026-01-25 15:30:00,2026-01-25 15:45:00,332.5,319.1,98.9,15,SUCCESS,0
2026-01-25 15:35:00,2026-01-25 15:50:00,316.6,321.7,99.9,15,SUCCESS,0
2026-01-25 15:40:00,2026-01-25 15:55:00,319.2,314.6,99.9,15,SUCCESS,0
2026-01-25 15:45:00,2026-01-25 16:00:00,319.3,327.5,99.9,15,SUCCESS,0
2026-01-25 15:50:00,2026-01-25 16:05:00,319.3,311.0,99.9,15,SUCCESS,0
2026-01-25 15:55:00,2026-01-25 16:10:00,332.2,286.5,99.3,15,SUCCESS,0
2026-01-25 16:00:00,2026-01-25 16:15:00,319.0,311.9,99.3,15,SUCCESS,0
2026-01-25 16:05:00,2026-01-25 16:20:00,312.7,277.2,99.9,15,SUCCESS,0
2026-01-25 16:10:00,2026-01-25 16:25:00,325.8,316.5,98.6,15,SUCCESS,0
2026-01-25 16:15:00,2026-01-25 16:30:00,306.9,294.9,99.9,15,SUCCESS,0
2026-01-25 16:20:00,2026-01-25 16:35:00,318.1,310.3,98.7,15,SUCCESS,0
2026-01-25 16:25:00,2026-01-25 16:40:00,316.9,325.8,98.8,15,SUCCESS,0
2026-01-25 16:30:00,2026-01-25 16:45:00,307.3,290.0,99.9,15,SUCCESS,0
2026-01-25 16:35:00,2026-01-25 16:50:00,308.8,318.2,99.8,15,SUCCESS,0
2026-01-25 16:40:00,2026-01-25 16:55:00,311.5,293.8,99.9,15,SUCCESS,0
2026-01-25 16:45:00,2026-01-25 17:00:00,308.7,324.6,99.9,15,SUCCESS,0
2026-01-25 16:50:00,2026-01-25 17:05:00,328.6,290.7,98.4,15,SUCCESS,0
2026-01-25 16:55:00,2026-01-25 17:10:00,308.7,281.4,99.9,15,SUCCESS,0
2026-01-25 17:00:00,2026-01-25 17:15:00,309.2,302.0,99.5,15,SUCCESS,0
2026-01-25 17:05:00,2026-01-25 17:20:00,291.8,282.9,99.9,15,SUCCESS,1
2026-01-25 17:10:00,2026-01-25 17:25:00,278.3,863.1,99.9,15,SUCCESS,1
2026-01-25 17:15:00,2026-01-25 17:30:00,295.7,1419.6,99.8,15,SUCCESS,1
2026-01-25 17:20:00,2026-01-25 17:35:00,288.8,1901.2,99.9,15,SUCCESS,1
2026-01-25 17:25:00,2026-01-25 17:40:00,1584.5,2376.0,95.1,15,SUCCESS,1
2026-01-25 17:30:00,2026-01-25 17:45:00,1522.0,2117.8,95.6,15,SUCCESS,1
2026-01-25 17:35:00,2026-01-25 17:50:00,1434.2,2346.3,96.7,15,SUCCESS,1
2026-01-25 17:40:00,2026-01-25 17:55:00,978.3,2229.1,95.5,15,SUCCESS,1
2026-01-25 17:45:00,2026-01-25 18:00:00,510.9,1837.9,96.6,15,SUCCESS,1
2026-01-25 17:50:00,2026-01-25 18:05:00,474.8,1464.1,96.9,15,SUCCESS,1
2026-01-25 17:55:00,2026-01-25 18:10:00,742.4,826.1,97.2,15,SUCCESS,1
2026-01-25 18:00:00,2026-01-25 18:15:00,769.6,258.3,97.1,15,SUCCESS,0
2026-01-25 18:05:00,2026-01-25 18:20:00,437.2,267.1,97.0,15,SUCCESS,0
2026-01-25 18:10:00,2026-01-25 18:25:00,344.1,257.0,99.1,15,SUCCESS,0
2026-01-25 18:15:00,2026-01-25 18:30:00,270.8,246.8,99.6,15,SUCCESS,0
2026-01-25 18:20:00,2026-01-25 18:35:00,258.4,257.5,99.9,15,SUCCESS,0
2026-01-25 18:25:00,2026-01-25 18:40:00,260.6,237.2,99.9,15,SUCCESS,0
2026-01-25 18:30:00,2026-01-25 18:45:00,255.0,234.9,99.9,15,SUCCESS,0
2026-01-25 18:35:00,2026-01-25 18:50:00,258.0,233.3,99.9,15,SUCCESS,0
2026-01-25 18:40:00,2026-01-25 18:55:00,241.5,258.7,99.9,15,SUCCESS,0
2026-01-25 18:45:00,2026-01-25 19:00:00,234.3,187.2,99.9,15,SUCCESS,0
2026-01-25 18:50:00,2026-01-25 19:05:00,233.3,238.5,99.9,15,SUCCESS,0
2026-01-25 18:55:00,2026-01-25 19:10:00,243.4,230.3,99.9,15,SUCCESS,0
2026-01-25 19:00:00,2026-01-25 19:15:00,229.2,201.7,99.5,15,SUCCESS,0
2026-01-25 19:05:00,2026-01-25 19:20:00,221.0,228.7,99.8,15,SUCCESS,0
2026-01-25 19:10:00,2026-01-25 19:25:00,229.5,228.3,99.9,15,SUCCESS,0
2026-01-25 19:15:00,2026-01-25 19:30:00,219.0,227.2,99.9,15,SUCCESS,0
2026-01-25 19:20:00,2026-01-25 19:35:00,216.9,175.7,99.9,15,SUCCESS,0
2026-01-25 19:25:00,2026-01-25 19:40:00,220.1,233.2,99.9,15,SUCCESS,0
2026-01-25 19:30:00,2026-01-25 19:45:00,221.2,198.8,99.6,15,SUCCESS,0
2026-01-25 19:35:00,2026-01-25 19:50:00,193.2,217.4,99.9,15,SUCCESS,0
2026-01-25 19:40:00,2026-01-25 19:55:00,205.1,215.5,99.8,15,SUCCESS,0
2026-01-25 19:45:00,2026-01-25 20:00:00,222.0,188.5,99.7,15,SUCCESS,0
2026-01-25 19:50:00,2026-01-25 20:05:00,227.5,208.9,98.8,15,SUCCESS,0
2026-01-25 19:55:00,2026-01-25 20:10:00,217.3,190.5,99.9,15,SUCCESS,0
2026-01-25 20:00:00,2026-01-25 20:15:00,220.9,162.6,99.5,15,SUCCESS,0
2026-01-25 20:05:00,2026-01-25 20:20:00,227.9,208.5,99.0,15,SUCCESS,0
2026-01-25 20:10:00,2026-01-25 20:25:00,217.9,176.8,99.7,15,SUCCESS,0
2026-01-25 20:15:00,2026-01-25 20:30:00,184.8,173.1,99.9,15,SUCCESS,0
2026-01-25 20:20:00,2026-01-25 20:35:00,202.4,177.3,99.8,15,SUCCESS,0
2026-01-25 20:25:00,2026-01-25 20:40:00,185.9,185.0,99.9,15,SUCCESS,0
2026-01-25 20:30:00,2026-01-25 20:45:00,179.5,177.6,99.9,15,SUCCESS,0
2026-01-25 20:35:00,2026-01-25 20:50:00,178.1,184.3,99.8,15,SUCCESS,0
2026-01-25 20:40:00,2026-01-25 20:55:00,177.5,153.6,99.8,15,SUCCESS,0
2026-01-25 20:45:00,2026-01-25 21:00:00,176.3,160.2,99.9,15,SUCCESS,0
2026-01-25 20:50:00,2026-01-25 21:05:00,177.7,167.3,99.9,15,SUCCESS,0
2026-01-25 20:55:00,2026-01-25 21:10:00,173.5,195.3,99.9,15,SUCCESS,0
2026-01-25 21:00:00,2026-01-25 21:15:00,161.2,162.9,99.9,15,SUCCESS,0
2026-01-25 21:05:00,2026-01-25 21:20:00,161.1,178.7,99.9,15,SUCCESS,0
2026-01-25 21:10:00,2026-01-25 21:25:00,181.3,160.9,98.7,15,SUCCESS,0
2026-01-25 21:15:00,2026-01-25 21:30:00,163.0,151.0,99.7,15,SUCCESS,0
2026-01-25 21:20:00,2026-01-25 21:35:00,160.1,152.5,99.9,15,SUCCESS,0
2026-01-25 21:25:00,2026-01-25 21:40:00,169.1,151.7,99.4,15,SUCCESS,0
2026-01-25 21:30:00,2026-01-25 21:45:00,160.7,161.3,99.9,15,SUCCESS,0
2026-01-25 21:35:00,2026-01-25 21:50:00,180.6,171.0,98.8,15,SUCCESS,0
2026-01-25 21:40:00,2026-01-25 21:55:00,158.0,153.9,99.9,15,SUCCESS,0
2026-01-25 21:45:00,2026-01-25 22:00:00,154.7,164.5,99.9,15,SUCCESS,0
2026-01-25 21:50:00,2026-01-25 22:05:00,156.1,130.5,99.9,15,SUCCESS,0
2026-01-25 21:55:00,2026-01-25 22:10:00,154.9,137.0,99.9,15,SUCCESS,0
2026-01-25 22:00:00,2026-01-25 22:15:00,145.5,130.7,99.9,15,SUCCESS,0
2026-01-25 22:05:00,2026-01-25 22:20:00,144.8,144.6,99.9,15,SUCCESS,0
2026-01-25 22:10:00,2026-01-25 22:25:00,144.2,132.9,99.9,15,SUCCESS,0
2026-01-25 22:15:00,2026-01-25 22:30:00,143.3,147.7,99.9,15,SUCCESS,0
2026-01-25 22:20:00,2026-01-25 22:35:00,139.7,121.2,99.9,15,SUCCESS,0
2026-01-25 22:25:00,2026-01-25 22:40:00,130.5,134.4,99.9,15,SUCCESS,0
2026-01-25 22:30:00,2026-01-25 22:45:00,134.1,142.6,99.9,15,SUCCESS,0
2026-01-25 22:35:00,2026-01-25 22:50:00,156.5,100.0,98.7,15,SUCCESS,0
2026-01-25 22:40:00,2026-01-25 22:55:00,131.1,161.4,99.5,15,SUCCESS,0
2026-01-25 22:45:00,2026-01-25 23:00:00,131.7,124.0,99.3,15,SUCCESS,0
2026-01-25 22:50:00,2026-01-25 23:05:00,127.6,96.7,99.9,15,SUCCESS,0
2026-01-25 22:55:00,2026-01-25 23:10:00,130.5,128.2,99.8,15,SUCCESS,0
2026-01-25 23:00:00,2026-01-25 23:15:00,121.6,125.1,99.9,15,SUCCESS,0
2026-01-25 23:05:00,2026-01-25 23:20:00,118.3,122.2,99.9,15,SUCCESS,0
2026-01-25 23:10:00,2026-01-25 23:25:00,116.6,137.2,99.7,15,SUCCESS,0
2026-01-25 23:15:00,2026-01-25 23:30:00,119.6,132.5,99.9,15,SUCCESS,0
2026-01-25 23:20:00,2026-01-25 23:35:00,118.7,124.7,99.9,15,SUCCESS,0
2026-01-25 23:25:00,2026-01-25 23:40:00,120.3,126.0,99.8,15,SUCCESS,0
2026-01-25 23:30:00,2026-01-25 23:45:00,116.7,116.7,99.9,15,SUCCESS,0
2026-01-25 23:35:00,2026-01-25 23:50:00,115.3,144.0,99.9,15,SUCCESS,0
2026-01-25 23:40:00,2026-01-25 23:55:00,112.6,94.3,99.9,15,SUCCESS,0
2026-01-25 23:45:00,2026-01-26 00:00:00,109.7,152.4,99.9,15,SUCCESS,0
2026-01-25 23:50:00,2026-01-26 00:05:00,114.5,151.3,99.9,15,SUCCESS,0
2026-01-25 23:55:00,2026-01-26 00:10:00,115.0,162.6,99.9,15,SUCCESS,0
2026-01-26 00:00:00,2026-01-26 00:15:00,150.9,137.7,99.8,15,SUCCESS,0
2026-01-26 00:05:00,2026-01-26 00:20:00,145.6,124.3,99.9,15,SUCCESS,0
2026-01-26 00:10:00,2026-01-26 00:25:00,154.9,152.8,99.8,15,SUCCESS,0
2026-01-26 00:15:00,2026-01-26 00:30:00,159.1,154.7,99.3,15,SUCCESS,0
2026-01-26 00:20:00,2026-01-26 00:35:00,150.5,172.9,99.9,15,SUCCESS,0
2026-01-26 00:25:00,2026-01-26 00:40:00,278.9,131.5,97.3,15,SUCCESS,0
2026-01-26 00:30:00,2026-01-26 00:45:00,158.6,167.9,99.3,15,SUCCESS,0
2026-01-26 00:35:00,2026-01-26 00:50:00,392.4,186.2,95.2,15,SUCCESS,0
2026-01-26 00:40:00,2026-01-26 00:55:00,153.9,145.0,100.0,15,SUCCESS,0
2026-01-26 00:45:00,2026-01-26 01:00:00,154.0,131.4,100.0,15,SUCCESS,0
2026-01-26 00:50:00,2026-01-26 01:05:00,275.8,144.7,96.7,15,SUCCESS,0
2026-01-26 00:55:00,2026-01-26 01:10:00,154.1,151.1,99.9,15,SUCCESS,0
2026-01-26 01:00:00,2026-01-26 01:15:00,154.3,159.4,100.0,15,SUCCESS,0
2026-01-26 01:05:00,2026-01-26 01:20:00,160.3,142.2,99.7,15,SUCCESS,0
2026-01-26 01:10:00,2026-01-26 01:25:00,156.5,174.4,99.7,15,SUCCESS,0
2026-01-26 01:15:00,2026-01-26 01:30:00,156.1,134.5,99.9,15,SUCCESS,0
2026-01-26 01:20:00,2026-01-26 01:35:00,155.1,125.2,100.0,15,SUCCESS,0
2026-01-26 01:25:00,2026-01-26 01:40:00,154.2,168.0,100.0,15,SUCCESS,0
2026-01-26 01:30:00,2026-01-26 01:45:00,153.3,117.3,100.0,15,SUCCESS,0
2026-01-26 01:35:00,2026-01-26 01:50:00,154.1,148.5,100.0,15,SUCCESS,0
2026-01-26 01:40:00,2026-01-26 01:55:00,156.7,198.4,99.8,15,SUCCESS,0
2026-01-26 01:45:00,2026-01-26 02:00:00,153.5,151.6,99.9,15,SUCCESS,0
2026-01-26 01:50:00,2026-01-26 02:05:00,153.9,135.1,99.9,15,SUCCESS,0
2026-01-26 01:55:00,2026-01-26 02:10:00,160.7,151.2,99.7,15,SUCCESS,0
2026-01-26 02:00:00,2026-01-26 02:15:00,153.7,151.4,99.9,15,SUCCESS,0
2026-01-26 02:05:00,2026-01-26 02:20:00,153.7,154.7,100.0,15,SUCCESS,0
2026-01-26 02:10:00,2026-01-26 02:25:00,163.2,162.4,99.6,15,SUCCESS,0
2026-01-26 02:15:00,2026-01-26 02:30:00,158.3,137.1,99.9,15,SUCCESS,0
2026-01-26 02:20:00,2026-01-26 02:35:00,154.5,178.1,100.0,15,SUCCESS,0
2026-01-26 02:25:00,2026-01-26 02:40:00,154.8,156.7,100.0,15,SUCCESS,0
2026-01-26 02:30:00,2026-01-26 02:45:00,154.1,164.1,100.0,15,SUCCESS,0
2026-01-26 02:35:00,2026-01-26 02:50:00,154.0,144.0,100.0,15,SUCCESS,0
2026-01-26 02:40:00,2026-01-26 02:55:00,153.6,172.9,100.0,15,SUCCESS,0
2026-01-26 02:45:00,2026-01-26 03:00:00,154.3,150.0,100.0,15,SUCCESS,0
2026-01-26 02:50:00,2026-01-26 03:05:00,153.5,158.3,100.0,15,SUCCESS,0
2026-01-26 02:55:00,2026-01-26 03:10:00,154.3,140.4,100.0,15,SUCCESS,0
2026-01-26 03:00:00,2026-01-26 03:15:00,154.7,139.7,100.0,15,SUCCESS,0
2026-01-26 03:05:00,2026-01-26 03:20:00,155.0,165.3,100.0,15,SUCCESS,0
2026-01-26 03:10:00,2026-01-26 03:25:00,155.6,148.6,100.0,15,SUCCESS,0
2026-01-26 03:15:00,2026-01-26 03:30:00,155.9,142.8,100.0,15,SUCCESS,0
2026-01-26 03:20:00,2026-01-26 03:35:00,155.6,146.3,100.0,15,SUCCESS,0
2026-01-26 03:25:00,2026-01-26 03:40:00,155.6,166.8,100.0,15,SUCCESS,0
2026-01-26 03:30:00,2026-01-26 03:45:00,155.7,147.3,100.0,15,SUCCESS,0
2026-01-26 03:35:00,2026-01-26 03:50:00,155.6,155.3,100.0,15,SUCCESS,0
2026-01-26 03:40:00,2026-01-26 03:55:00,155.2,157.8,100.0,15,SUCCESS,0
2026-01-26 03:45:00,2026-01-26 04:00:00,155.0,129.2,100.0,15,SUCCESS,0
2026-01-26 03:50:00,2026-01-26 04:05:00,155.9,136.4,100.0,15,SUCCESS,0
2026-01-26 03:55:00,2026-01-26 04:10:00,162.9,164.0,99.4,15,SUCCESS,0
2026-01-26 04:00:00,2026-01-26 04:15:00,162.1,148.4,99.9,15,SUCCESS,0
2026-01-26 04:05:00,2026-01-26 04:20:00,213.0,175.8,97.9,15,SUCCESS,0
2026-01-26 04:10:00,2026-01-26 04:25:00,165.2,175.1,99.6,15,SUCCESS,0
2026-01-26 04:15:00,2026-01-26 04:30:00,161.9,172.0,99.9,15,SUCCESS,0
2026-01-26 04:20:00,2026-01-26 04:35:00,161.7,189.1,100.0,15,SUCCESS,0
2026-01-26 04:25:00,2026-01-26 04:40:00,164.6,161.2,99.8,15,SUCCESS,0
2026-01-26 04:30:00,2026-01-26 04:45:00,173.9,172.9,99.0,15,SUCCESS,0
2026-01-26 04:35:00,2026-01-26 04:50:00,201.4,155.1,98.9,15,SUCCESS,0
2026-01-26 04:40:00,2026-01-26 04:55:00,179.5,201.4,99.9,15,SUCCESS,0
2026-01-26 04:45:00,2026-01-26 05:00:00,188.3,195.1,99.1,15,SUCCESS,0
2026-01-26 04:50:00,2026-01-26 05:05:00,201.1,166.4,98.5,15,SUCCESS,0
2026-01-26 04:55:00,2026-01-26 05:10:00,174.1,172.9,99.9,15,SUCCESS,0
2026-01-26 05:00:00,2026-01-26 05:15:00,191.0,188.3,99.6,15,SUCCESS,0
2026-01-26 05:05:00,2026-01-26 05:20:00,193.6,166.7,99.3,15,SUCCESS,0
2026-01-26 05:10:00,2026-01-26 05:25:00,190.8,160.0,99.3,15,SUCCESS,0
2026-01-26 05:15:00,2026-01-26 05:30:00,193.8,184.0,99.4,15,SUCCESS,0
2026-01-26 05:20:00,2026-01-26 05:35:00,186.2,173.1,99.9,15,SUCCESS,0
2026-01-26 05:25:00,2026-01-26 05:40:00,183.8,175.7,99.9,15,SUCCESS,0
2026-01-26 05:30:00,2026-01-26 05:45:00,188.8,161.6,99.7,15,SUCCESS,0
2026-01-26 05:35:00,2026-01-26 05:50:00,185.4,149.6,99.8,15,SUCCESS,0
2026-01-26 05:40:00,2026-01-26 05:55:00,190.0,180.1,99.2,15,SUCCESS,0
2026-01-26 05:45:00,2026-01-26 06:00:00,186.7,191.4,99.7,15,SUCCESS,0
2026-01-26 05:50:00,2026-01-26 06:05:00,208.1,175.8,98.7,15,SUCCESS,0
2026-01-26 05:55:00,2026-01-26 06:10:00,184.7,202.1,99.5,15,SUCCESS,0
2026-01-26 06:00:00,2026-01-26 06:15:00,212.2,171.4,99.0,15,SUCCESS,0
2026-01-26 06:05:00,2026-01-26 06:20:00,186.6,167.7,99.9,15,SUCCESS,0
2026-01-26 06:10:00,2026-01-26 06:25:00,191.3,184.0,99.8,15,SUCCESS,0
2026-01-26 06:15:00,2026-01-26 06:30:00,188.8,185.4,99.9,15,SUCCESS,0
2026-01-26 06:20:00,2026-01-26 06:35:00,187.2,199.8,99.8,15,SUCCESS,0
2026-01-26 06:25:00,2026-01-26 06:40:00,186.2,178.3,99.9,15,SUCCESS,0
2026-01-26 06:30:00,2026-01-26 06:45:00,187.0,212.2,99.9,15,SUCCESS,0
2026-01-26 06:35:00,2026-01-26 06:50:00,191.8,223.0,99.9,15,SUCCESS,0
2026-01-26 06:40:00,2026-01-26 06:55:00,189.7,194.8,99.9,15,SUCCESS,0
2026-01-26 06:45:00,2026-01-26 07:00:00,191.2,216.1,99.9,15,SUCCESS,0
2026-01-26 06:50:00,2026-01-26 07:05:00,202.7,183.5,99.9,15,SUCCESS,0
2026-01-26 06:55:00,2026-01-26 07:10:00,213.9,217.6,99.5,15,SUCCESS,0
2026-01-26 07:00:00,2026-01-26 07:15:00,220.9,219.3,99.7,15,SUCCESS,0
2026-01-26 07:05:00,2026-01-26 07:20:00,194.3,218.7,99.9,15,SUCCESS,0
2026-01-26 07:10:00,2026-01-26 07:25:00,224.9,207.8,99.3,15,SUCCESS,1
2026-01-26 07:15:00,2026-01-26 07:30:00,225.6,515.4,99.6,15,SUCCESS,1
2026-01-26 07:20:00,2026-01-26 07:35:00,223.7,1023.3,99.7,15,SUCCESS,1
2026-01-26 07:25:00,2026-01-26 07:40:00,224.7,1367.5,99.9,15,SUCCESS,1
2026-01-26 07:30:00,2026-01-26 07:45:00,1291.1,1582.5,95.6,15,SUCCESS,1
2026-01-26 07:35:00,2026-01-26 07:50:00,1201.6,1864.4,95.9,15,SUCCESS,1
2026-01-26 07:40:00,2026-01-26 07:55:00,1566.8,1818.6,94.0,15,SUCCESS,1
2026-01-26 07:45:00,2026-01-26 08:00:00,1529.7,1662.7,94.9,15,SUCCESS,1
2026-01-26 07:50:00,2026-01-26 08:05:00,1294.6,1412.7,95.5,15,SUCCESS,1
2026-01-26 07:55:00,2026-01-26 08:10:00,993.9,1111.5,96.1,15,SUCCESS,1
2026-01-26 08:00:00,2026-01-26 08:15:00,785.1,779.5,96.4,15,SUCCESS,1
2026-01-26 08:05:00,2026-01-26 08:20:00,446.6,227.4,96.4,15,SUCCESS,0
2026-01-26 08:10:00,2026-01-26 08:25:00,374.0,232.6,96.6,15,SUCCESS,0
2026-01-26 08:15:00,2026-01-26 08:30:00,266.6,236.6,99.0,15,SUCCESS,0
2026-01-26 08:20:00,2026-01-26 08:35:00,240.4,251.8,99.8,15,SUCCESS,0
2026-01-26 08:25:00,2026-01-26 08:40:00,233.6,256.8,99.9,15,SUCCESS,0
2026-01-26 08:30:00,2026-01-26 08:45:00,247.0,207.6,99.8,15,SUCCESS,0
2026-01-26 08:35:00,2026-01-26 08:50:00,268.7,272.0,99.8,15,SUCCESS,0
2026-01-26 08:40:00,2026-01-26 08:55:00,276.9,281.7,99.9,15,SUCCESS,0
2026-01-26 08:45:00,2026-01-26 09:00:00,237.0,247.9,99.8,15,SUCCESS,0
2026-01-26 08:50:00,2026-01-26 09:05:00,280.4,252.6,99.9,15,SUCCESS,0
2026-01-26 08:55:00,2026-01-26 09:10:00,287.9,264.1,99.9,15,SUCCESS,0
2026-01-26 09:00:00,2026-01-26 09:15:00,269.1,263.2,99.8,15,SUCCESS,0
2026-01-26 09:05:00,2026-01-26 09:20:00,272.1,281.7,99.9,15,SUCCESS,0
2026-01-26 09:10:00,2026-01-26 09:25:00,277.9,252.9,99.9,15,SUCCESS,0
2026-01-26 09:15:00,2026-01-26 09:30:00,277.7,269.2,99.9,15,SUCCESS,0
2026-01-26 09:20:00,2026-01-26 09:35:00,276.8,313.0,99.9,15,SUCCESS,0
2026-01-26 09:25:00,2026-01-26 09:40:00,279.8,280.0,99.9,15,SUCCESS,0
2026-01-26 09:30:00,2026-01-26 09:45:00,283.7,316.6,99.9,15,SUCCESS,0
2026-01-26 09:35:00,2026-01-26 09:50:00,297.8,307.3,99.9,15,SUCCESS,0
2026-01-26 09:40:00,2026-01-26 09:55:00,298.0,278.9,99.9,15,SUCCESS,0
2026-01-26 09:45:00,2026-01-26 10:00:00,308.5,319.8,99.8,15,SUCCESS,0
2026-01-26 09:50:00,2026-01-26 10:05:00,316.2,312.7,99.9,15,SUCCESS,0
2026-01-26 09:55:00,2026-01-26 10:10:00,303.0,311.8,99.9,15,SUCCESS,0
2026-01-26 10:00:00,2026-01-26 10:15:00,318.5,326.6,99.8,15,SUCCESS,0
2026-01-26 10:05:00,2026-01-26 10:20:00,326.8,334.3,99.9,15,SUCCESS,0
2026-01-26 10:10:00,2026-01-26 10:25:00,327.4,342.2,99.9,15,SUCCESS,0
2026-01-26 10:15:00,2026-01-26 10:30:00,334.7,353.6,99.9,15,SUCCESS,0
2026-01-26 10:20:00,2026-01-26 10:35:00,336.9,346.4,99.9,15,SUCCESS,0
2026-01-26 10:25:00,2026-01-26 10:40:00,342.9,324.0,99.9,15,SUCCESS,0
2026-01-26 10:30:00,2026-01-26 10:45:00,346.4,341.9,99.9,15,SUCCESS,0
2026-01-26 10:35:00,2026-01-26 10:50:00,354.4,397.6,99.9,15,SUCCESS,0
2026-01-26 10:40:00,2026-01-26 10:55:00,350.2,368.7,99.8,15,SUCCESS,0
2026-01-26 10:45:00,2026-01-26 11:00:00,360.8,397.8,99.9,15,SUCCESS,0
2026-01-26 10:50:00,2026-01-26 11:05:00,399.6,387.6,99.0,15,SUCCESS,0
2026-01-26 10:55:00,2026-01-26 11:10:00,383.5,374.8,99.9,15,SUCCESS,0
2026-01-26 11:00:00,2026-01-26 11:15:00,394.8,380.1,99.9,15,SUCCESS,0
2026-01-26 11:05:00,2026-01-26 11:20:00,389.0,379.4,99.9,15,SUCCESS,0
2026-01-26 11:10:00,2026-01-26 11:25:00,394.1,358.2,99.9,15,SUCCESS,0
2026-01-26 11:15:00,2026-01-26 11:30:00,400.9,388.9,99.9,15,SUCCESS,0
2026-01-26 11:20:00,2026-01-26 11:35:00,406.1,411.2,99.9,15,SUCCESS,0
2026-01-26 11:25:00,2026-01-26 11:40:00,392.0,388.3,99.8,15,SUCCESS,0
2026-01-26 11:30:00,2026-01-26 11:45:00,404.7,407.8,99.9,15,SUCCESS,0
2026-01-26 11:35:00,2026-01-26 11:50:00,486.2,418.6,97.9,15,SUCCESS,0
2026-01-26 11:40:00,2026-01-26 11:55:00,467.6,396.4,97.9,15,SUCCESS,0
2026-01-26 11:45:00,2026-01-26 12:00:00,421.4,407.4,99.9,15,SUCCESS,0
2026-01-26 11:50:00,2026-01-26 12:05:00,429.8,403.0,99.8,15,SUCCESS,0
2026-01-26 11:55:00,2026-01-26 12:10:00,431.0,410.0,99.4,15,SUCCESS,0
2026-01-26 12:00:00,2026-01-26 12:15:00,430.2,407.0,99.9,15,SUCCESS,0
2026-01-26 12:05:00,2026-01-26 12:20:00,430.0,416.8,99.9,15,SUCCESS,0
2026-01-26 12:10:00,2026-01-26 12:25:00,429.5,455.4,99.9,15,SUCCESS,0
2026-01-26 12:15:00,2026-01-26 12:30:00,429.9,424.2,99.9,15,SUCCESS,0
2026-01-26 12:20:00,2026-01-26 12:35:00,431.5,443.5,99.9,15,SUCCESS,0
2026-01-26 12:25:00,2026-01-26 12:40:00,462.0,437.7,99.7,15,SUCCESS,0
2026-01-26 12:30:00,2026-01-26 12:45:00,487.7,466.5,98.3,15,SUCCESS,0
2026-01-26 12:35:00,2026-01-26 12:50:00,443.5,471.9,99.9,15,SUCCESS,0
2026-01-26 12:40:00,2026-01-26 12:55:00,449.6,468.6,99.9,15,SUCCESS,0
2026-01-26 12:45:00,2026-01-26 13:00:00,468.3,463.5,99.8,15,SUCCESS,0
2026-01-26 12:50:00,2026-01-26 13:05:00,479.2,458.6,99.9,15,SUCCESS,0
2026-01-26 12:55:00,2026-01-26 13:10:00,479.0,447.2,99.9,15,SUCCESS,0
2026-01-26 13:00:00,2026-01-26 13:15:00,478.9,497.2,99.9,15,SUCCESS,0
2026-01-26 13:05:00,2026-01-26 13:20:00,477.8,459.5,99.9,15,SUCCESS,0
2026-01-26 13:10:00,2026-01-26 13:25:00,463.2,483.6,99.8,15,SUCCESS,0
2026-01-26 13:15:00,2026-01-26 13:30:00,475.8,492.1,99.9,15,SUCCESS,0
2026-01-26 13:20:00,2026-01-26 13:35:00,479.6,470.4,99.9,15,SUCCESS,0
2026-01-26 13:25:00,2026-01-26 13:40:00,481.6,496.7,99.9,15,SUCCESS,0
2026-01-26 13:30:00,2026-01-26 13:45:00,482.1,494.8,99.9,15,SUCCESS,0
2026-01-26 13:35:00,2026-01-26 13:50:00,482.1,511.3,99.9,15,SUCCESS,0
2026-01-26 13:40:00,2026-01-26 13:55:00,483.3,480.4,99.9,15,SUCCESS,0
2026-01-26 13:45:00,2026-01-26 14:00:00,485.7,469.9,99.9,15,SUCCESS,0
2026-01-26 13:50:00,2026-01-26 14:05:00,489.0,483.3,99.9,15,SUCCESS,0
2026-01-26 13:55:00,2026-01-26 14:10:00,487.1,495.6,99.9,15,SUCCESS,0
2026-01-26 14:00:00,2026-01-26 14:15:00,486.6,494.8,99.9,15,SUCCESS,0
2026-01-26 14:05:00,2026-01-26 14:20:00,488.6,489.3,99.9,15,SUCCESS,0
2026-01-26 14:10:00,2026-01-26 14:25:00,487.3,467.7,99.9,15,SUCCESS,0
2026-01-26 14:15:00,2026-01-26 14:30:00,487.3,504.3,99.9,15,SUCCESS,0
2026-01-26 14:20:00,2026-01-26 14:35:00,487.3,527.7,99.9,15,SUCCESS,0
2026-01-26 14:25:00,2026-01-26 14:40:00,484.3,505.8,99.9,15,SUCCESS,0
2026-01-26 14:30:00,2026-01-26 14:45:00,485.8,508.5,99.9,15,SUCCESS,0
2026-01-26 14:35:00,2026-01-26 14:50:00,559.1,508.3,96.3,15,SUCCESS,0
2026-01-26 14:40:00,2026-01-26 14:55:00,489.8,505.9,99.9,15,SUCCESS,0
2026-01-26 14:45:00,2026-01-26 15:00:00,492.0,514.0,99.9,15,SUCCESS,0
2026-01-26 14:50:00,2026-01-26 15:05:00,492.1,505.9,99.7,15,SUCCESS,0
2026-01-26 14:55:00,2026-01-26 15:10:00,490.6,495.0,99.9,15,SUCCESS,0
2026-01-26 15:00:00,2026-01-26 15:15:00,609.9,487.4,95.7,15,SUCCESS,0
2026-01-26 15:05:00,2026-01-26 15:20:00,545.4,495.1,97.9,15,SUCCESS,0
2026-01-26 15:10:00,2026-01-26 15:25:00,519.6,502.8,98.4,15,SUCCESS,0
2026-01-26 15:15:00,2026-01-26 15:30:00,710.7,492.5,94.6,15,SUCCESS,0
2026-01-26 15:20:00,2026-01-26 15:35:00,491.4,501.0,99.9,15,SUCCESS,0
2026-01-26 15:25:00,2026-01-26 15:40:00,501.0,501.8,98.8,15,SUCCESS,0
2026-01-26 15:30:00,2026-01-26 15:45:00,491.8,506.4,99.8,15,SUCCESS,0
2026-01-26 15:35:00,2026-01-26 15:50:00,490.1,511.7,99.9,15,SUCCESS,0
2026-01-26 15:40:00,2026-01-26 15:55:00,490.5,492.1,99.9,15,SUCCESS,0
2026-01-26 15:45:00,2026-01-26 16:00:00,493.2,469.6,99.7,15,SUCCESS,0
2026-01-26 15:50:00,2026-01-26 16:05:00,633.5,482.2,94.8,15,SUCCESS,0
2026-01-26 15:55:00,2026-01-26 16:10:00,491.3,486.1,99.9,15,SUCCESS,0
2026-01-26 16:00:00,2026-01-26 16:15:00,531.3,455.8,97.1,15,SUCCESS,0
2026-01-26 16:05:00,2026-01-26 16:20:00,486.4,501.9,99.8,15,SUCCESS,0
2026-01-26 16:10:00,2026-01-26 16:25:00,481.2,480.9,99.9,15,SUCCESS,0
2026-01-26 16:15:00,2026-01-26 16:30:00,477.1,482.0,99.9,15,SUCCESS,0
2026-01-26 16:20:00,2026-01-26 16:35:00,479.3,494.1,99.9,15,SUCCESS,0
2026-01-26 16:25:00,2026-01-26 16:40:00,478.5,461.4,99.9,15,SUCCESS,0
2026-01-26 16:30:00,2026-01-26 16:45:00,478.3,476.7,99.9,15,SUCCESS,0
2026-01-26 16:35:00,2026-01-26 16:50:00,478.8,463.5,99.9,15,SUCCESS,0
2026-01-26 16:40:00,2026-01-26 16:55:00,476.9,459.3,99.9,15,SUCCESS,0
2026-01-26 16:45:00,2026-01-26 17:00:00,476.1,447.3,99.9,15,SUCCESS,0
2026-01-26 16:50:00,2026-01-26 17:05:00,475.7,480.6,99.9,15,SUCCESS,0
2026-01-26 16:55:00,2026-01-26 17:10:00,472.8,446.6,99.9,15,SUCCESS,0
2026-01-26 17:00:00,2026-01-26 17:15:00,446.7,459.3,99.8,15,SUCCESS,0
2026-01-26 17:05:00,2026-01-26 17:20:00,464.3,417.1,99.8,15,SUCCESS,0
2026-01-26 17:10:00,2026-01-26 17:25:00,446.2,459.3,99.8,15,SUCCESS,0
2026-01-26 17:15:00,2026-01-26 17:30:00,459.9,453.7,99.8,15,SUCCESS,0
2026-01-26 17:20:00,2026-01-26 17:35:00,441.0,435.6,99.8,15,SUCCESS,0
2026-01-26 17:25:00,2026-01-26 17:40:00,465.5,426.9,99.1,15,SUCCESS,0
2026-01-26 17:30:00,2026-01-26 17:45:00,457.4,432.3,99.8,15,SUCCESS,0
2026-01-26 17:35:00,2026-01-26 17:50:00,439.4,456.7,99.8,15,SUCCESS,0
2026-01-26 17:40:00,2026-01-26 17:55:00,434.3,391.8,99.9,15,SUCCESS,0
2026-01-26 17:45:00,2026-01-26 18:00:00,431.7,425.9,99.9,15,SUCCESS,0
2026-01-26 17:50:00,2026-01-26 18:05:00,456.4,396.4,99.6,15,SUCCESS,0
2026-01-26 17:55:00,2026-01-26 18:10:00,414.3,405.5,99.8,15,SUCCESS,0
2026-01-26 18:00:00,2026-01-26 18:15:00,428.4,397.9,98.9,15,SUCCESS,0
2026-01-26 18:05:00,2026-01-26 18:20:00,416.6,390.9,98.9,15,SUCCESS,0
2026-01-26 18:10:00,2026-01-26 18:25:00,397.5,392.9,99.8,15,SUCCESS,0
2026-01-26 18:15:00,2026-01-26 18:30:00,407.0,371.7,98.8,15,SUCCESS,0
2026-01-26 18:20:00,2026-01-26 18:35:00,380.7,399.8,99.8,15,SUCCESS,0
2026-01-26 18:25:00,2026-01-26 18:40:00,397.1,353.0,99.1,15,SUCCESS,0
2026-01-26 18:30:00,2026-01-26 18:45:00,374.9,383.6,99.9,15,SUCCESS,0
2026-01-26 18:35:00,2026-01-26 18:50:00,381.1,366.2,99.1,15,SUCCESS,0
2026-01-26 18:40:00,2026-01-26 18:55:00,360.7,349.1,99.8,15,SUCCESS,0
2026-01-26 18:45:00,2026-01-26 19:00:00,363.2,365.3,99.9,15,SUCCESS,0
2026-01-26 18:50:00,2026-01-26 19:05:00,366.8,334.5,99.9,15,SUCCESS,0
2026-01-26 18:55:00,2026-01-26 19:10:00,348.9,354.0,99.8,15,SUCCESS,0
2026-01-26 19:00:00,2026-01-26 19:15:00,343.3,327.7,99.9,15,SUCCESS,0
2026-01-26 19:05:00,2026-01-26 19:20:00,328.2,351.6,99.9,15,SUCCESS,0
2026-01-26 19:10:00,2026-01-26 19:25:00,333.4,326.4,99.9,15,SUCCESS,0
2026-01-26 19:15:00,2026-01-26 19:30:00,324.2,329.1,99.9,15,SUCCESS,0
2026-01-26 19:20:00,2026-01-26 19:35:00,322.8,335.9,99.9,15,SUCCESS,0
2026-01-26 19:25:00,2026-01-26 19:40:00,317.5,315.6,99.9,15,SUCCESS,0
2026-01-26 19:30:00,2026-01-26 19:45:00,317.1,322.1,99.9,15,SUCCESS,0
2026-01-26 19:35:00,2026-01-26 19:50:00,316.8,296.0,99.9,15,SUCCESS,0
2026-01-26 19:40:00,2026-01-26 19:55:00,315.6,323.9,99.9,15,SUCCESS,0
2026-01-26 19:45:00,2026-01-26 20:00:00,318.3,336.7,99.5,15,SUCCESS,0
2026-01-26 19:50:00,2026-01-26 20:05:00,307.4,348.0,99.9,15,SUCCESS,0
2026-01-26 19:55:00,2026-01-26 20:10:00,308.8,303.3,99.9,15,SUCCESS,0
2026-01-26 20:00:00,2026-01-26 20:15:00,308.8,309.7,99.9,15,SUCCESS,1
2026-01-26 20:05:00,2026-01-26 20:20:00,359.9,1016.2,97.9,15,SUCCESS,1
2026-01-26 20:10:00,2026-01-26 20:25:00,297.4,1729.8,99.9,15,SUCCESS,1
2026-01-26 20:15:00,2026-01-26 20:30:00,293.6,1647.8,99.9,15,SUCCESS,1
2026-01-26 20:20:00,2026-01-26 20:35:00,1595.9,1045.4,95.9,15,SUCCESS,1
2026-01-26 20:25:00,2026-01-26 20:40:00,1583.3,296.9,96.4,15,SUCCESS,0
2026-01-26 20:30:00,2026-01-26 20:45:00,1233.3,270.7,96.3,15,SUCCESS,0
2026-01-26 20:35:00,2026-01-26 20:50:00,454.5,264.0,97.0,15,SUCCESS,0
2026-01-26 20:40:00,2026-01-26 20:55:00,271.7,274.3,99.4,15,SUCCESS,0
2026-01-26 20:45:00,2026-01-26 21:00:00,278.9,247.7,99.8,15,SUCCESS,0
2026-01-26 20:50:00,2026-01-26 21:05:00,263.4,275.4,99.9,15,SUCCESS,0
2026-01-26 20:55:00,2026-01-26 21:10:00,267.6,240.8,99.9,15,SUCCESS,0
2026-01-26 21:00:00,2026-01-26 21:15:00,251.2,237.5,99.8,15,SUCCESS,0
2026-01-26 21:05:00,2026-01-26 21:20:00,278.8,236.3,98.7,15,SUCCESS,0
2026-01-26 21:10:00,2026-01-26 21:25:00,242.5,258.1,99.9,15,SUCCESS,0
2026-01-26 21:15:00,2026-01-26 21:30:00,235.5,234.2,99.9,15,SUCCESS,0
2026-01-26 21:20:00,2026-01-26 21:35:00,234.0,220.1,99.9,15,SUCCESS,0
2026-01-26 21:25:00,2026-01-26 21:40:00,242.4,228.2,99.9,15,SUCCESS,0
2026-01-26 21:30:00,2026-01-26 21:45:00,233.6,233.8,99.9,15,SUCCESS,0
2026-01-26 21:35:00,2026-01-26 21:50:00,228.8,213.6,99.9,15,SUCCESS,0
2026-01-26 21:40:00,2026-01-26 21:55:00,222.9,211.2,99.9,15,SUCCESS,0
2026-01-26 21:45:00,2026-01-26 22:00:00,223.9,257.4,99.9,15,SUCCESS,0
2026-01-26 21:50:00,2026-01-26 22:05:00,222.0,210.1,99.9,15,SUCCESS,0
2026-01-26 21:55:00,2026-01-26 22:10:00,219.9,215.5,99.9,15,SUCCESS,0
2026-01-26 22:00:00,2026-01-26 22:15:00,219.6,212.2,99.8,15,SUCCESS,0
2026-01-26 22:05:00,2026-01-26 22:20:00,209.4,208.9,99.9,15,SUCCESS,0
2026-01-26 22:10:00,2026-01-26 22:25:00,206.6,222.1,99.9,15,SUCCESS,0
2026-01-26 22:15:00,2026-01-26 22:30:00,205.7,224.6,99.9,15,SUCCESS,0
2026-01-26 22:20:00,2026-01-26 22:35:00,204.0,203.4,99.9,15,SUCCESS,0
2026-01-26 22:25:00,2026-01-26 22:40:00,204.0,187.2,99.9,15,SUCCESS,0
2026-01-26 22:30:00,2026-01-26 22:45:00,206.8,222.7,99.9,15,SUCCESS,0
2026-01-26 22:35:00,2026-01-26 22:50:00,202.7,200.0,99.9,15,SUCCESS,0
2026-01-26 22:40:00,2026-01-26 22:55:00,199.1,225.3,99.9,15,SUCCESS,0
2026-01-26 22:45:00,2026-01-26 23:00:00,199.4,163.7,99.9,15,SUCCESS,0
2026-01-26 22:50:00,2026-01-26 23:05:00,200.1,198.4,99.9,15,SUCCESS,0
2026-01-26 22:55:00,2026-01-26 23:10:00,198.7,222.3,99.9,15,SUCCESS,0
2026-01-26 23:00:00,2026-01-26 23:15:00,185.8,186.4,99.9,15,SUCCESS,0
2026-01-26 23:05:00,2026-01-26 23:20:00,206.7,186.6,99.4,15,SUCCESS,0
2026-01-26 23:10:00,2026-01-26 23:25:00,203.9,192.7,99.6,15,SUCCESS,0
2026-01-26 23:15:00,2026-01-26 23:30:00,250.3,178.2,98.0,15,SUCCESS,0
2026-01-26 23:20:00,2026-01-26 23:35:00,199.0,180.3,99.5,15,SUCCESS,0
2026-01-26 23:25:00,2026-01-26 23:40:00,237.9,178.4,98.7,15,SUCCESS,0
2026-01-26 23:30:00,2026-01-26 23:45:00,178.2,172.6,99.8,15,SUCCESS,0
2026-01-26 23:35:00,2026-01-26 23:50:00,173.6,199.0,99.8,15,SUCCESS,0
2026-01-26 23:40:00,2026-01-26 23:55:00,170.9,186.1,99.9,15,SUCCESS,0
2026-01-26 23:45:00,2026-01-27 00:00:00,165.8,154.1,99.9,15,SUCCESS,0
2026-01-26 23:50:00,2026-01-27 00:05:00,155.1,162.5,99.8,15,SUCCESS,0
2026-01-26 23:55:00,2026-01-27 00:10:00,220.5,146.4,98.1,15,SUCCESS,0
2026-01-27 00:00:00,2026-01-27 00:15:00,151.1,138.8,99.9,15,SUCCESS,0
2026-01-27 00:05:00,2026-01-27 00:20:00,153.9,141.4,99.9,15,SUCCESS,0
2026-01-27 00:10:00,2026-01-27 00:25:00,161.9,150.5,99.1,15,SUCCESS,0
2026-01-27 00:15:00,2026-01-27 00:30:00,154.7,134.6,99.9,15,SUCCESS,0
2026-01-27 00:20:00,2026-01-27 00:35:00,156.0,143.0,99.8,15,SUCCESS,0
2026-01-27 00:25:00,2026-01-27 00:40:00,154.6,142.8,100.0,15,SUCCESS,0
2026-01-27 00:30:00,2026-01-27 00:45:00,154.5,182.5,100.0,15,SUCCESS,0
2026-01-27 00:35:00,2026-01-27 00:50:00,154.3,109.1,100.0,15,SUCCESS,0
2026-01-27 00:40:00,2026-01-27 00:55:00,153.8,148.0,100.0,15,SUCCESS,0
2026-01-27 00:45:00,2026-01-27 01:00:00,153.6,176.7,100.0,15,SUCCESS,0
2026-01-27 00:50:00,2026-01-27 01:05:00,163.4,152.7,99.3,15,SUCCESS,0
2026-01-27 00:55:00,2026-01-27 01:10:00,171.9,162.2,99.2,15,SUCCESS,0
2026-01-27 01:00:00,2026-01-27 01:15:00,192.7,152.4,99.1,15,SUCCESS,0
2026-01-27 01:05:00,2026-01-27 01:20:00,154.3,141.0,100.0,15,SUCCESS,0
2026-01-27 01:10:00,2026-01-27 01:25:00,154.5,117.5,100.0,15,SUCCESS,0
2026-01-27 01:15:00,2026-01-27 01:30:00,163.7,154.3,99.2,15,SUCCESS,0
2026-01-27 01:20:00,2026-01-27 01:35:00,157.2,139.6,99.9,15,SUCCESS,0
2026-01-27 01:25:00,2026-01-27 01:40:00,153.2,139.3,100.0,15,SUCCESS,0
2026-01-27 01:30:00,2026-01-27 01:45:00,155.0,144.0,100.0,15,SUCCESS,0
2026-01-27 01:35:00,2026-01-27 01:50:00,154.4,177.7,100.0,15,SUCCESS,0
2026-01-27 01:40:00,2026-01-27 01:55:00,154.5,187.7,100.0,15,SUCCESS,0
2026-01-27 01:45:00,2026-01-27 02:00:00,153.8,155.0,100.0,15,SUCCESS,0
2026-01-27 01:50:00,2026-01-27 02:05:00,153.6,144.9,100.0,15,SUCCESS,0
2026-01-27 01:55:00,2026-01-27 02:10:00,156.2,134.4,99.9,15,SUCCESS,0
2026-01-27 02:00:00,2026-01-27 02:15:00,154.2,159.2,100.0,15,SUCCESS,0
2026-01-27 02:05:00,2026-01-27 02:20:00,154.3,179.1,100.0,15,SUCCESS,0
2026-01-27 02:10:00,2026-01-27 02:25:00,166.3,148.8,99.5,15,SUCCESS,0
2026-01-27 02:15:00,2026-01-27 02:30:00,154.3,117.0,100.0,15,SUCCESS,0
2026-01-27 02:20:00,2026-01-27 02:35:00,161.7,162.9,99.3,15,SUCCESS,0
2026-01-27 02:25:00,2026-01-27 02:40:00,153.6,167.8,100.0,15,SUCCESS,0
2026-01-27 02:30:00,2026-01-27 02:45:00,153.7,129.4,100.0,15,SUCCESS,0
2026-01-27 02:35:00,2026-01-27 02:50:00,156.5,156.1,99.8,15,SUCCESS,0
2026-01-27 02:40:00,2026-01-27 02:55:00,153.9,160.4,100.0,15,SUCCESS,0
2026-01-27 02:45:00,2026-01-27 03:00:00,157.2,152.8,99.5,15,SUCCESS,0
2026-01-27 02:50:00,2026-01-27 03:05:00,154.8,142.3,100.0,15,SUCCESS,0
2026-01-27 02:55:00,2026-01-27 03:10:00,155.7,169.6,99.9,15,SUCCESS,0
2026-01-27 03:00:00,2026-01-27 03:15:00,157.7,148.6,99.9,15,SUCCESS,0
2026-01-27 03:05:00,2026-01-27 03:20:00,155.7,132.7,100.0,15,SUCCESS,0
2026-01-27 03:10:00,2026-01-27 03:25:00,155.6,124.5,100.0,15,SUCCESS,0
2026-01-27 03:15:00,2026-01-27 03:30:00,154.7,174.5,100.0,15,SUCCESS,0
2026-01-27 03:20:00,2026-01-27 03:35:00,155.7,165.2,100.0,15,SUCCESS,0
2026-01-27 03:25:00,2026-01-27 03:40:00,155.2,157.6,100.0,15,SUCCESS,0
2026-01-27 03:30:00,2026-01-27 03:45:00,155.6,150.1,100.0,15,SUCCESS,0
2026-01-27 03:35:00,2026-01-27 03:50:00,155.4,149.2,100.0,15,SUCCESS,0
2026-01-27 03:40:00,2026-01-27 03:55:00,156.1,141.4,100.0,15,SUCCESS,0
2026-01-27 03:45:00,2026-01-27 04:00:00,163.5,151.5,99.5,15,SUCCESS,0
2026-01-27 03:50:00,2026-01-27 04:05:00,162.2,126.6,99.5,15,SUCCESS,0
2026-01-27 03:55:00,2026-01-27 04:10:00,155.0,147.9,100.0,15,SUCCESS,0
2026-01-27 04:00:00,2026-01-27 04:15:00,162.3,154.8,100.0,15,SUCCESS,0
2026-01-27 04:05:00,2026-01-27 04:20:00,161.8,169.1,99.9,15,SUCCESS,0
2026-01-27 04:10:00,2026-01-27 04:25:00,180.5,160.0,98.7,15,SUCCESS,0
2026-01-27 04:15:00,2026-01-27 04:30:00,160.1,173.1,100.0,15,SUCCESS,0
2026-01-27 04:20:00,2026-01-27 04:35:00,160.0,182.0,99.9,15,SUCCESS,0
2026-01-27 04:25:00,2026-01-27 04:40:00,161.9,178.3,100.0,15,SUCCESS,0
2026-01-27 04:30:00,2026-01-27 04:45:00,162.5,170.2,100.0,15,SUCCESS,0
2026-01-27 04:35:00,2026-01-27 04:50:00,171.6,164.0,99.3,15,SUCCESS,0
2026-01-27 04:40:00,2026-01-27 04:55:00,277.1,149.9,97.9,15,SUCCESS,0
2026-01-27 04:45:00,2026-01-27 05:00:00,272.4,176.5,97.6,15,SUCCESS,0
2026-01-27 04:50:00,2026-01-27 05:05:00,202.3,191.4,98.5,15,SUCCESS,0
2026-01-27 04:55:00,2026-01-27 05:10:00,225.0,172.2,98.1,15,SUCCESS,0
2026-01-27 05:00:00,2026-01-27 05:15:00,194.2,196.7,99.4,15,SUCCESS,0
2026-01-27 05:05:00,2026-01-27 05:20:00,175.8,146.0,99.9,15,SUCCESS,0
2026-01-27 05:10:00,2026-01-27 05:25:00,187.1,152.5,99.7,15,SUCCESS,0
2026-01-27 05:15:00,2026-01-27 05:30:00,176.8,183.7,99.9,15,SUCCESS,0
2026-01-27 05:20:00,2026-01-27 05:35:00,190.5,175.9,99.7,15,SUCCESS,0
2026-01-27 05:25:00,2026-01-27 05:40:00,265.6,192.7,98.0,15,SUCCESS,0
2026-01-27 05:30:00,2026-01-27 05:45:00,208.9,173.9,99.1,15,SUCCESS,0
2026-01-27 05:35:00,2026-01-27 05:50:00,190.5,162.3,99.4,15,SUCCESS,0
2026-01-27 05:40:00,2026-01-27 05:55:00,186.3,173.4,99.2,15,SUCCESS,0
2026-01-27 05:45:00,2026-01-27 06:00:00,191.0,154.9,99.7,15,SUCCESS,0
2026-01-27 05:50:00,2026-01-27 06:05:00,188.0,162.2,99.6,15,SUCCESS,0
2026-01-27 05:55:00,2026-01-27 06:10:00,200.9,195.1,99.0,15,SUCCESS,0
2026-01-27 06:00:00,2026-01-27 06:15:00,184.5,195.1,99.9,15,SUCCESS,0
2026-01-27 06:05:00,2026-01-27 06:20:00,188.8,188.9,99.7,15,SUCCESS,0
2026-01-27 06:10:00,2026-01-27 06:25:00,182.0,159.2,99.9,15,SUCCESS,0
2026-01-27 06:15:00,2026-01-27 06:30:00,211.1,181.2,98.8,15,SUCCESS,0
2026-01-27 06:20:00,2026-01-27 06:35:00,209.4,169.9,98.8,15,SUCCESS,0
2026-01-27 06:25:00,2026-01-27 06:40:00,186.2,207.6,99.9,15,SUCCESS,0
2026-01-27 06:30:00,2026-01-27 06:45:00,190.4,183.0,99.6,15,SUCCESS,0
2026-01-27 06:35:00,2026-01-27 06:50:00,185.2,177.3,99.9,15,SUCCESS,0
2026-01-27 06:40:00,2026-01-27 06:55:00,190.9,195.9,99.8,15,SUCCESS,0
2026-01-27 06:45:00,2026-01-27 07:00:00,189.4,187.8,99.9,15,SUCCESS,0
2026-01-27 06:50:00,2026-01-27 07:05:00,186.4,221.6,99.9,15,SUCCESS,0
2026-01-27 06:55:00,2026-01-27 07:10:00,238.0,190.4,98.0,15,SUCCESS,0
2026-01-27 07:00:00,2026-01-27 07:15:00,233.8,182.6,98.2,15,SUCCESS,0
2026-01-27 07:05:00,2026-01-27 07:20:00,200.9,173.5,99.9,15,SUCCESS,0
2026-01-27 07:10:00,2026-01-27 07:25:00,345.4,207.6,96.9,15,SUCCESS,0
2026-01-27 07:15:00,2026-01-27 07:30:00,190.8,201.9,99.9,15,SUCCESS,0
2026-01-27 07:20:00,2026-01-27 07:35:00,187.8,191.3,99.9,15,SUCCESS,0
2026-01-27 07:25:00,2026-01-27 07:40:00,204.9,233.0,99.9,15,SUCCESS,0
2026-01-27 07:30:00,2026-01-27 07:45:00,208.2,227.7,99.7,15,SUCCESS,0
2026-01-27 07:35:00,2026-01-27 07:50:00,215.9,219.9,99.4,15,SUCCESS,0
2026-01-27 07:40:00,2026-01-27 07:55:00,209.3,243.4,99.9,15,SUCCESS,0
2026-01-27 07:45:00,2026-01-27 08:00:00,221.3,235.6,99.7,15,SUCCESS,0
2026-01-27 07:50:00,2026-01-27 08:05:00,232.3,216.1,99.5,15,SUCCESS,0
2026-01-27 07:55:00,2026-01-27 08:10:00,225.9,215.8,99.9,15,SUCCESS,0
2026-01-27 08:00:00,2026-01-27 08:15:00,234.1,246.5,99.9,15,SUCCESS,0
2026-01-27 08:05:00,2026-01-27 08:20:00,233.9,243.2,99.8,15,SUCCESS,0
2026-01-27 08:10:00,2026-01-27 08:25:00,232.6,242.9,99.9,15,SUCCESS,0
2026-01-27 08:15:00,2026-01-27 08:30:00,251.4,230.8,99.9,15,SUCCESS,0
2026-01-27 08:20:00,2026-01-27 08:35:00,248.8,255.8,99.9,15,SUCCESS,0
2026-01-27 08:25:00,2026-01-27 08:40:00,250.2,238.6,99.9,15,SUCCESS,0
2026-01-27 08:30:00,2026-01-27 08:45:00,241.0,251.7,99.9,15,SUCCESS,0
2026-01-27 08:35:00,2026-01-27 08:50:00,264.4,278.4,99.9,15,SUCCESS,0
2026-01-27 08:40:00,2026-01-27 08:55:00,255.6,250.2,99.9,15,SUCCESS,0
2026-01-27 08:45:00,2026-01-27 09:00:00,263.3,240.0,99.9,15,SUCCESS,0
2026-01-27 08:50:00,2026-01-27 09:05:00,272.8,251.4,99.9,15,SUCCESS,0
2026-01-27 08:55:00,2026-01-27 09:10:00,265.2,285.8,99.9,15,SUCCESS,0
2026-01-27 09:00:00,2026-01-27 09:15:00,260.9,278.4,99.8,15,SUCCESS,0
2026-01-27 09:05:00,2026-01-27 09:20:00,270.3,276.4,99.9,15,SUCCESS,0
2026-01-27 09:10:00,2026-01-27 09:25:00,276.4,274.5,99.9,15,SUCCESS,0
2026-01-27 09:15:00,2026-01-27 09:30:00,279.9,293.3,99.9,15,SUCCESS,0
2026-01-27 09:20:00,2026-01-27 09:35:00,278.5,277.2,99.9,15,SUCCESS,0
2026-01-27 09:25:00,2026-01-27 09:40:00,289.8,298.5,99.9,15,SUCCESS,0
2026-01-27 09:30:00,2026-01-27 09:45:00,292.1,286.9,99.9,15,SUCCESS,0
2026-01-27 09:35:00,2026-01-27 09:50:00,299.3,288.5,99.9,15,SUCCESS,0
2026-01-27 09:40:00,2026-01-27 09:55:00,300.4,296.5,99.9,15,SUCCESS,0
2026-01-27 09:45:00,2026-01-27 10:00:00,309.4,304.6,99.9,15,SUCCESS,0
2026-01-27 09:50:00,2026-01-27 10:05:00,308.1,313.7,99.9,15,SUCCESS,0
2026-01-27 09:55:00,2026-01-27 10:10:00,310.6,322.2,99.9,15,SUCCESS,0
2026-01-27 10:00:00,2026-01-27 10:15:00,316.5,267.6,99.9,15,SUCCESS,0
2026-01-27 10:05:00,2026-01-27 10:20:00,319.7,315.1,99.9,15,SUCCESS,0
2026-01-27 10:10:00,2026-01-27 10:25:00,338.4,325.7,99.1,15,SUCCESS,0
2026-01-27 10:15:00,2026-01-27 10:30:00,308.1,358.5,99.1,15,SUCCESS,0
2026-01-27 10:20:00,2026-01-27 10:35:00,370.0,324.1,97.6,15,SUCCESS,0
2026-01-27 10:25:00,2026-01-27 10:40:00,344.4,347.1,99.1,15,SUCCESS,0
2026-01-27 10:30:00,2026-01-27 10:45:00,352.6,371.5,98.4,15,SUCCESS,0
2026-01-27 10:35:00,2026-01-27 10:50:00,340.2,333.8,99.9,15,SUCCESS,0
2026-01-27 10:40:00,2026-01-27 10:55:00,345.8,363.8,99.9,15,SUCCESS,0
2026-01-27 10:45:00,2026-01-27 11:00:00,356.4,350.3,99.8,15,SUCCESS,0
2026-01-27 10:50:00,2026-01-27 11:05:00,356.0,359.1,99.8,15,SUCCESS,0
2026-01-27 10:55:00,2026-01-27 11:10:00,369.4,359.1,99.9,15,SUCCESS,0
2026-01-27 11:00:00,2026-01-27 11:15:00,372.4,364.6,99.9,15,SUCCESS,0
2026-01-27 11:05:00,2026-01-27 11:20:00,372.2,420.8,99.9,15,SUCCESS,0
2026-01-27 11:10:00,2026-01-27 11:25:00,373.6,397.0,99.9,15,SUCCESS,0
2026-01-27 11:15:00,2026-01-27 11:30:00,377.9,405.2,99.9,15,SUCCESS,0
2026-01-27 11:20:00,2026-01-27 11:35:00,436.8,400.4,98.6,15,SUCCESS,0
2026-01-27 11:25:00,2026-01-27 11:40:00,410.4,373.2,99.7,15,SUCCESS,0
2026-01-27 11:30:00,2026-01-27 11:45:00,410.0,407.5,99.9,15,SUCCESS,0
2026-01-27 11:35:00,2026-01-27 11:50:00,454.2,421.9,98.0,15,SUCCESS,0
2026-01-27 11:40:00,2026-01-27 11:55:00,399.8,397.2,99.9,15,SUCCESS,0
2026-01-27 11:45:00,2026-01-27 12:00:00,414.6,428.7,99.9,15,SUCCESS,0
2026-01-27 11:50:00,2026-01-27 12:05:00,427.3,428.9,99.9,15,SUCCESS,0
2026-01-27 11:55:00,2026-01-27 12:10:00,419.4,450.1,99.9,15,SUCCESS,0
2026-01-27 12:00:00,2026-01-27 12:15:00,433.9,420.1,99.8,15,SUCCESS,0
2026-01-27 12:05:00,2026-01-27 12:20:00,434.7,413.8,99.9,15,SUCCESS,0
2026-01-27 12:10:00,2026-01-27 12:25:00,455.4,428.7,98.7,15,SUCCESS,0
2026-01-27 12:15:00,2026-01-27 12:30:00,440.2,459.4,99.9,15,SUCCESS,0
2026-01-27 12:20:00,2026-01-27 12:35:00,437.9,414.2,99.9,15,SUCCESS,0
2026-01-27 12:25:00,2026-01-27 12:40:00,445.5,414.2,99.9,15,SUCCESS,0
2026-01-27 12:30:00,2026-01-27 12:45:00,466.0,450.1,99.8,15,SUCCESS,0
2026-01-27 12:35:00,2026-01-27 12:50:00,453.8,445.6,99.8,15,SUCCESS,0
2026-01-27 12:40:00,2026-01-27 12:55:00,435.0,455.7,99.8,15,SUCCESS,0
2026-01-27 12:45:00,2026-01-27 13:00:00,465.1,473.1,99.0,15,SUCCESS,0
2026-01-27 12:50:00,2026-01-27 13:05:00,445.7,453.8,99.9,15,SUCCESS,0
2026-01-27 12:55:00,2026-01-27 13:10:00,465.2,437.0,99.8,15,SUCCESS,0
2026-01-27 13:00:00,2026-01-27 13:15:00,478.8,498.7,99.9,15,SUCCESS,0
2026-01-27 13:05:00,2026-01-27 13:20:00,475.2,455.9,99.9,15,SUCCESS,0
2026-01-27 13:10:00,2026-01-27 13:25:00,461.9,457.7,99.8,15,SUCCESS,0
2026-01-27 13:15:00,2026-01-27 13:30:00,477.8,492.8,99.6,15,SUCCESS,0
2026-01-27 13:20:00,2026-01-27 13:35:00,476.9,473.0,99.9,15,SUCCESS,0
2026-01-27 13:25:00,2026-01-27 13:40:00,475.8,480.1,99.9,15,SUCCESS,0
2026-01-27 13:30:00,2026-01-27 13:45:00,481.3,490.6,99.9,15,SUCCESS,0
2026-01-27 13:35:00,2026-01-27 13:50:00,481.1,501.7,99.9,15,SUCCESS,0
2026-01-27 13:40:00,2026-01-27 13:55:00,481.5,482.4,99.9,15,SUCCESS,0
2026-01-27 13:45:00,2026-01-27 14:00:00,483.7,512.0,99.9,15,SUCCESS,0
2026-01-27 13:50:00,2026-01-27 14:05:00,483.3,458.9,99.9,15,SUCCESS,0
2026-01-27 13:55:00,2026-01-27 14:10:00,485.5,503.9,99.9,15,SUCCESS,0
2026-01-27 14:00:00,2026-01-27 14:15:00,516.1,481.3,97.7,15,SUCCESS,0
2026-01-27 14:05:00,2026-01-27 14:20:00,485.5,515.8,99.9,15,SUCCESS,0
2026-01-27 14:10:00,2026-01-27 14:25:00,487.0,498.4,99.9,15,SUCCESS,0
2026-01-27 14:15:00,2026-01-27 14:30:00,488.9,487.2,99.9,15,SUCCESS,0
2026-01-27 14:20:00,2026-01-27 14:35:00,491.1,508.0,99.9,15,SUCCESS,0
2026-01-27 14:25:00,2026-01-27 14:40:00,487.5,512.2,99.9,15,SUCCESS,0
2026-01-27 14:30:00,2026-01-27 14:45:00,489.4,508.9,99.9,15,SUCCESS,0
2026-01-27 14:35:00,2026-01-27 14:50:00,492.7,484.3,99.9,15,SUCCESS,0
2026-01-27 14:40:00,2026-01-27 14:55:00,492.0,492.7,99.9,15,SUCCESS,0
2026-01-27 14:45:00,2026-01-27 15:00:00,493.8,499.9,99.9,15,SUCCESS,0
2026-01-27 14:50:00,2026-01-27 15:05:00,493.3,499.3,99.9,15,SUCCESS,0
2026-01-27 14:55:00,2026-01-27 15:10:00,501.3,510.9,98.9,15,SUCCESS,0
2026-01-27 15:00:00,2026-01-27 15:15:00,492.4,469.1,99.9,15,SUCCESS,0
2026-01-27 15:05:00,2026-01-27 15:20:00,491.1,503.8,99.9,15,SUCCESS,0
2026-01-27 15:10:00,2026-01-27 15:25:00,569.0,493.8,96.1,15,SUCCESS,0
2026-01-27 15:15:00,2026-01-27 15:30:00,528.8,484.7,97.0,15,SUCCESS,0
2026-01-27 15:20:00,2026-01-27 15:35:00,488.6,485.2,99.9,15,SUCCESS,0
2026-01-27 15:25:00,2026-01-27 15:40:00,492.4,492.0,99.9,15,SUCCESS,0
2026-01-27 15:30:00,2026-01-27 15:45:00,489.9,439.9,99.9,15,SUCCESS,0
2026-01-27 15:35:00,2026-01-27 15:50:00,489.0,482.0,99.9,15,SUCCESS,0
2026-01-27 15:40:00,2026-01-27 15:55:00,488.2,477.8,99.9,15,SUCCESS,0
2026-01-27 15:45:00,2026-01-27 16:00:00,468.0,497.2,99.8,15,SUCCESS,0
2026-01-27 15:50:00,2026-01-27 16:05:00,478.4,475.3,99.9,15,SUCCESS,0
2026-01-27 15:55:00,2026-01-27 16:10:00,483.7,482.2,99.9,15,SUCCESS,0
2026-01-27 16:00:00,2026-01-27 16:15:00,476.9,506.5,99.9,15,SUCCESS,0
2026-01-27 16:05:00,2026-01-27 16:20:00,476.8,496.0,99.9,15,SUCCESS,0
2026-01-27 16:10:00,2026-01-27 16:25:00,475.8,492.3,99.9,15,SUCCESS,0
2026-01-27 16:15:00,2026-01-27 16:30:00,509.4,468.7,97.6,15,SUCCESS,0
2026-01-27 16:20:00,2026-01-27 16:35:00,477.7,481.8,99.9,15,SUCCESS,0
2026-01-27 16:25:00,2026-01-27 16:40:00,479.2,467.4,99.9,15,SUCCESS,0
2026-01-27 16:30:00,2026-01-27 16:45:00,526.2,465.1,97.1,15,SUCCESS,0
2026-01-27 16:35:00,2026-01-27 16:50:00,477.6,471.2,99.9,15,SUCCESS,0
2026-01-27 16:40:00,2026-01-27 16:55:00,477.5,453.1,99.9,15,SUCCESS,0
2026-01-27 16:45:00,2026-01-27 17:00:00,475.2,481.3,99.9,15,SUCCESS,0
2026-01-27 16:50:00,2026-01-27 17:05:00,475.4,453.2,99.9,15,SUCCESS,0
2026-01-27 16:55:00,2026-01-27 17:10:00,470.8,461.5,99.9,15,SUCCESS,0
2026-01-27 17:00:00,2026-01-27 17:15:00,467.4,470.6,99.8,15,SUCCESS,0
2026-01-27 17:05:00,2026-01-27 17:20:00,460.8,460.7,99.8,15,SUCCESS,0
2026-01-27 17:10:00,2026-01-27 17:25:00,463.3,420.5,99.8,15,SUCCESS,0
2026-01-27 17:15:00,2026-01-27 17:30:00,465.1,444.6,99.8,15,SUCCESS,0
2026-01-27 17:20:00,2026-01-27 17:35:00,463.9,446.9,99.8,15,SUCCESS,0
2026-01-27 17:25:00,2026-01-27 17:40:00,448.9,443.6,99.1,15,SUCCESS,0
2026-01-27 17:30:00,2026-01-27 17:45:00,437.0,409.6,99.9,15,SUCCESS,0
2026-01-27 17:35:00,2026-01-27 17:50:00,438.2,412.5,99.9,15,SUCCESS,0
2026-01-27 17:40:00,2026-01-27 17:55:00,431.7,433.2,99.9,15,SUCCESS,0
2026-01-27 17:45:00,2026-01-27 18:00:00,434.6,402.8,99.2,15,SUCCESS,0
2026-01-27 17:50:00,2026-01-27 18:05:00,430.6,405.5,99.4,15,SUCCESS,0
2026-01-27 17:55:00,2026-01-27 18:10:00,430.0,429.5,99.8,15,SUCCESS,0
2026-01-27 18:00:00,2026-01-27 18:15:00,408.4,400.9,99.9,15,SUCCESS,0
2026-01-27 18:05:00,2026-01-27 18:20:00,405.8,386.4,99.8,15,SUCCESS,0
2026-01-27 18:10:00,2026-01-27 18:25:00,421.0,379.9,99.1,15,SUCCESS,0
2026-01-27 18:15:00,2026-01-27 18:30:00,398.7,393.7,99.2,15,SUCCESS,0
2026-01-27 18:20:00,2026-01-27 18:35:00,381.0,364.3,99.9,15,SUCCESS,0
2026-01-27 18:25:00,2026-01-27 18:40:00,378.9,376.2,99.9,15,SUCCESS,0
2026-01-27 18:30:00,2026-01-27 18:45:00,379.2,380.5,99.9,15,SUCCESS,0
2026-01-27 18:35:00,2026-01-27 18:50:00,376.7,390.6,99.2,15,SUCCESS,0
2026-01-27 18:40:00,2026-01-27 18:55:00,368.2,376.7,99.9,15,SUCCESS,0
2026-01-27 18:45:00,2026-01-27 19:00:00,365.4,351.6,99.9,15,SUCCESS,0
2026-01-27 18:50:00,2026-01-27 19:05:00,368.2,375.5,99.9,15,SUCCESS,0
2026-01-27 18:55:00,2026-01-27 19:10:00,366.8,349.0,99.9,15,SUCCESS,0
2026-01-27 19:00:00,2026-01-27 19:15:00,342.9,330.5,99.9,15,SUCCESS,0
2026-01-27 19:05:00,2026-01-27 19:20:00,344.7,342.1,99.9,15,SUCCESS,0
2026-01-27 19:10:00,2026-01-27 19:25:00,340.4,361.8,99.9,15,SUCCESS,0
2026-01-27 19:15:00,2026-01-27 19:30:00,327.1,338.4,99.9,15,SUCCESS,0
2026-01-27 19:20:00,2026-01-27 19:35:00,338.6,331.7,99.4,15,SUCCESS,0
2026-01-27 19:25:00,2026-01-27 19:40:00,330.1,351.8,99.9,15,SUCCESS,0
2026-01-27 19:30:00,2026-01-27 19:45:00,319.0,301.5,99.9,15,SUCCESS,0
2026-01-27 19:35:00,2026-01-27 19:50:00,317.9,299.4,99.9,15,SUCCESS,0
2026-01-27 19:40:00,2026-01-27 19:55:00,319.8,290.2,99.9,15,SUCCESS,0
2026-01-27 19:45:00,2026-01-27 20:00:00,313.4,315.8,99.9,15,SUCCESS,0
2026-01-27 19:50:00,2026-01-27 20:05:00,306.6,308.6,99.9,15,SUCCESS,0
2026-01-27 19:55:00,2026-01-27 20:10:00,291.0,325.1,99.8,15,SUCCESS,0
2026-01-27 20:00:00,2026-01-27 20:15:00,300.5,301.6,99.8,15,SUCCESS,0
2026-01-27 20:05:00,2026-01-27 20:20:00,321.1,287.8,98.7,15,SUCCESS,0
2026-01-27 20:10:00,2026-01-27 20:25:00,384.4,289.9,97.0,15,SUCCESS,0
2026-01-27 20:15:00,2026-01-27 20:30:00,293.1,287.8,99.9,15,SUCCESS,0
2026-01-27 20:20:00,2026-01-27 20:35:00,278.8,257.0,99.9,15,SUCCESS,0
2026-01-27 20:25:00,2026-01-27 20:40:00,273.9,319.0,99.9,15,SUCCESS,0
2026-01-27 20:30:00,2026-01-27 20:45:00,278.3,282.4,99.9,15,SUCCESS,0
2026-01-27 20:35:00,2026-01-27 20:50:00,269.8,274.0,99.9,15,SUCCESS,0
2026-01-27 20:40:00,2026-01-27 20:55:00,286.0,276.4,99.8,15,SUCCESS,0
2026-01-27 20:45:00,2026-01-27 21:00:00,272.7,274.3,99.8,15,SUCCESS,0
2026-01-27 20:50:00,2026-01-27 21:05:00,257.7,258.0,99.9,15,SUCCESS,0
2026-01-27 20:55:00,2026-01-27 21:10:00,260.5,247.2,99.9,15,SUCCESS,0
2026-01-27 21:00:00,2026-01-27 21:15:00,258.5,262.2,99.9,15,SUCCESS,0
2026-01-27 21:05:00,2026-01-27 21:20:00,255.3,255.7,99.9,15,SUCCESS,0
2026-01-27 21:10:00,2026-01-27 21:25:00,252.3,234.5,99.9,15,SUCCESS,0
2026-01-27 21:15:00,2026-01-27 21:30:00,251.6,264.8,99.9,15,SUCCESS,0
2026-01-27 21:20:00,2026-01-27 21:35:00,244.9,244.7,99.9,15,SUCCESS,0
2026-01-27 21:25:00,2026-01-27 21:40:00,234.2,248.2,99.9,15,SUCCESS,0
2026-01-27 21:30:00,2026-01-27 21:45:00,244.2,255.2,99.9,15,SUCCESS,0
2026-01-27 21:35:00,2026-01-27 21:50:00,237.5,231.7,99.9,15,SUCCESS,0
2026-01-27 21:40:00,2026-01-27 21:55:00,232.5,233.2,99.9,15,SUCCESS,0
2026-01-27 21:45:00,2026-01-27 22:00:00,234.5,237.8,99.9,15,SUCCESS,0
2026-01-27 21:50:00,2026-01-27 22:05:00,231.2,212.1,99.9,15,SUCCESS,0
2026-01-27 21:55:00,2026-01-27 22:10:00,227.7,221.1,99.9,15,SUCCESS,0
2026-01-27 22:00:00,2026-01-27 22:15:00,218.6,219.6,99.9,15,SUCCESS,0
2026-01-27 22:05:00,2026-01-27 22:20:00,212.8,200.9,99.9,15,SUCCESS,0
2026-01-27 22:10:00,2026-01-27 22:25:00,208.5,247.5,99.9,15,SUCCESS,0
2026-01-27 22:15:00,2026-01-27 22:30:00,214.2,189.2,99.5,15,SUCCESS,0
2026-01-27 22:20:00,2026-01-27 22:35:00,206.4,188.6,99.9,15,SUCCESS,0
2026-01-27 22:25:00,2026-01-27 22:40:00,214.7,225.5,99.9,15,SUCCESS,0
2026-01-27 22:30:00,2026-01-27 22:45:00,204.4,214.3,99.9,15,SUCCESS,0
2026-01-27 22:35:00,2026-01-27 22:50:00,222.5,186.0,98.9,15,SUCCESS,0
2026-01-27 22:40:00,2026-01-27 22:55:00,204.4,208.5,99.6,15,SUCCESS,0
2026-01-27 22:45:00,2026-01-27 23:00:00,200.7,219.4,99.9,15,SUCCESS,0
2026-01-27 22:50:00,2026-01-27 23:05:00,189.8,195.0,99.8,15,SUCCESS,0
2026-01-27 22:55:00,2026-01-27 23:10:00,201.4,232.5,99.9,15,SUCCESS,0
2026-01-27 23:00:00,2026-01-27 23:15:00,198.5,165.9,99.9,15,SUCCESS,0
2026-01-27 23:05:00,2026-01-27 23:20:00,194.3,200.4,99.9,15,SUCCESS,0
2026-01-27 23:10:00,2026-01-27 23:25:00,212.2,205.7,98.9,15,SUCCESS,0
2026-01-27 23:15:00,2026-01-27 23:30:00,184.6,200.0,99.9,15,SUCCESS,0
2026-01-27 23:20:00,2026-01-27 23:35:00,209.2,181.9,99.3,15,SUCCESS,0
2026-01-27 23:25:00,2026-01-27 23:40:00,202.9,179.1,99.6,15,SUCCESS,0
2026-01-27 23:30:00,2026-01-27 23:45:00,258.8,188.6,97.8,15,SUCCESS,0
2026-01-27 23:35:00,2026-01-27 23:50:00,186.9,192.8,99.9,15,SUCCESS,0
2026-01-27 23:40:00,2026-01-27 23:55:00,193.0,188.2,99.2,15,SUCCESS,0
2026-01-27 23:45:00,2026-01-28 00:00:00,176.9,165.9,99.8,15,SUCCESS,0
2026-01-27 23:50:00,2026-01-28 00:05:00,218.5,135.1,98.2,15,SUCCESS,0
2026-01-27 23:55:00,2026-01-28 00:10:00,202.2,146.9,98.5,15,SUCCESS,0
2026-01-28 00:00:00,2026-01-28 00:15:00,154.8,136.3,99.9,15,SUCCESS,0
2026-01-28 00:05:00,2026-01-28 00:20:00,151.0,144.6,99.9,15,SUCCESS,0
2026-01-28 00:10:00,2026-01-28 00:25:00,152.6,165.7,99.9,15,SUCCESS,0
2026-01-28 00:15:00,2026-01-28 00:30:00,157.6,152.1,99.6,15,SUCCESS,0
2026-01-28 00:20:00,2026-01-28 00:35:00,154.4,189.6,100.0,15,SUCCESS,0
2026-01-28 00:25:00,2026-01-28 00:40:00,154.9,153.5,100.0,15,SUCCESS,0
2026-01-28 00:30:00,2026-01-28 00:45:00,154.0,151.5,100.0,15,SUCCESS,0
2026-01-28 00:35:00,2026-01-28 00:50:00,161.4,152.3,99.6,15,SUCCESS,0
2026-01-28 00:40:00,2026-01-28 00:55:00,160.8,141.1,99.5,15,SUCCESS,0
2026-01-28 00:45:00,2026-01-28 01:00:00,154.5,149.9,99.9,15,SUCCESS,0
2026-01-28 00:50:00,2026-01-28 01:05:00,156.2,167.7,99.9,15,SUCCESS,0
2026-01-28 00:55:00,2026-01-28 01:10:00,153.8,152.6,100.0,15,SUCCESS,0
2026-01-28 01:00:00,2026-01-28 01:15:00,154.8,139.0,99.9,15,SUCCESS,0
2026-01-28 01:05:00,2026-01-28 01:20:00,155.0,137.1,100.0,15,SUCCESS,0
2026-01-28 01:10:00,2026-01-28 01:25:00,154.0,144.3,100.0,15,SUCCESS,0
2026-01-28 01:15:00,2026-01-28 01:30:00,154.5,152.3,100.0,15,SUCCESS,0
2026-01-28 01:20:00,2026-01-28 01:35:00,154.5,169.2,100.0,15,SUCCESS,0
2026-01-28 01:25:00,2026-01-28 01:40:00,153.8,131.2,100.0,15,SUCCESS,0
2026-01-28 01:30:00,2026-01-28 01:45:00,154.6,146.7,100.0,15,SUCCESS,0
2026-01-28 01:35:00,2026-01-28 01:50:00,154.7,153.7,100.0,15,SUCCESS,0
2026-01-28 01:40:00,2026-01-28 01:55:00,154.0,124.2,100.0,15,SUCCESS,0
2026-01-28 01:45:00,2026-01-28 02:00:00,154.1,139.3,100.0,15,SUCCESS,0
2026-01-28 01:50:00,2026-01-28 02:05:00,155.2,141.7,99.9,15,SUCCESS,0
2026-01-28 01:55:00,2026-01-28 02:10:00,153.9,140.1,100.0,15,SUCCESS,0
2026-01-28 02:00:00,2026-01-28 02:15:00,154.4,155.1,100.0,15,SUCCESS,0
2026-01-28 02:05:00,2026-01-28 02:20:00,154.3,149.9,100.0,15,SUCCESS,0
2026-01-28 02:10:00,2026-01-28 02:25:00,153.7,144.2,100.0,15,SUCCESS,0
2026-01-28 02:15:00,2026-01-28 02:30:00,153.9,159.1,100.0,15,SUCCESS,0
2026-01-28 02:20:00,2026-01-28 02:35:00,154.5,178.7,100.0,15,SUCCESS,0
2026-01-28 02:25:00,2026-01-28 02:40:00,153.5,177.6,100.0,15,SUCCESS,0
2026-01-28 02:30:00,2026-01-28 02:45:00,153.6,124.4,100.0,15,SUCCESS,0
2026-01-28 02:35:00,2026-01-28 02:50:00,154.4,162.1,100.0,15,SUCCESS,0
2026-01-28 02:40:00,2026-01-28 02:55:00,153.4,151.0,100.0,15,SUCCESS,0
2026-01-28 02:45:00,2026-01-28 03:00:00,152.1,156.2,99.9,15,SUCCESS,0
2026-01-28 02:50:00,2026-01-28 03:05:00,155.2,148.2,100.0,15,SUCCESS,0
2026-01-28 02:55:00,2026-01-28 03:10:00,154.3,156.2,99.9,15,SUCCESS,0
2026-01-28 03:00:00,2026-01-28 03:15:00,156.0,157.0,100.0,15,SUCCESS,0
2026-01-28 03:05:00,2026-01-28 03:20:00,155.7,146.3,100.0,15,SUCCESS,0
2026-01-28 03:10:00,2026-01-28 03:25:00,156.0,141.8,100.0,15,SUCCESS,0
2026-01-28 03:15:00,2026-01-28 03:30:00,154.9,148.9,100.0,15,SUCCESS,0
2026-01-28 03:20:00,2026-01-28 03:35:00,154.9,159.5,100.0,15,SUCCESS,0
2026-01-28 03:25:00,2026-01-28 03:40:00,154.8,165.3,100.0,15,SUCCESS,0
2026-01-28 03:30:00,2026-01-28 03:45:00,155.1,169.5,100.0,15,SUCCESS,0
2026-01-28 03:35:00,2026-01-28 03:50:00,154.8,149.7,100.0,15,SUCCESS,0
2026-01-28 03:40:00,2026-01-28 03:55:00,155.5,161.8,100.0,15,SUCCESS,0
2026-01-28 03:45:00,2026-01-28 04:00:00,155.7,172.4,100.0,15,SUCCESS,0
2026-01-28 03:50:00,2026-01-28 04:05:00,155.5,175.9,100.0,15,SUCCESS,0
2026-01-28 03:55:00,2026-01-28 04:10:00,155.4,158.1,100.0,15,SUCCESS,0
2026-01-28 04:00:00,2026-01-28 04:15:00,168.7,156.1,99.7,15,SUCCESS,0
2026-01-28 04:05:00,2026-01-28 04:20:00,213.9,162.9,98.6,15,SUCCESS,0
2026-01-28 04:10:00,2026-01-28 04:25:00,196.5,143.3,98.5,15,SUCCESS,0
2026-01-28 04:15:00,2026-01-28 04:30:00,199.4,158.3,98.5,15,SUCCESS,0
2026-01-28 04:20:00,2026-01-28 04:35:00,192.0,173.0,98.9,15,SUCCESS,0
2026-01-28 04:25:00,2026-01-28 04:40:00,238.1,172.1,97.6,15,SUCCESS,0
2026-01-28 04:30:00,2026-01-28 04:45:00,177.1,159.1,99.6,15,SUCCESS,0
2026-01-28 04:35:00,2026-01-28 04:50:00,166.7,167.1,99.6,15,SUCCESS,0
2026-01-28 04:40:00,2026-01-28 04:55:00,163.2,152.2,100.0,15,SUCCESS,0
2026-01-28 04:45:00,2026-01-28 05:00:00,168.3,175.9,99.9,15,SUCCESS,0
2026-01-28 04:50:00,2026-01-28 05:05:00,180.6,165.0,99.5,15,SUCCESS,0
2026-01-28 04:55:00,2026-01-28 05:10:00,181.6,162.9,99.4,15,SUCCESS,0
2026-01-28 05:00:00,2026-01-28 05:15:00,180.7,162.5,99.2,15,SUCCESS,0
2026-01-28 05:05:00,2026-01-28 05:20:00,175.4,167.9,99.9,15,SUCCESS,0
2026-01-28 05:10:00,2026-01-28 05:25:00,174.0,163.1,99.9,15,SUCCESS,0
2026-01-28 05:15:00,2026-01-28 05:30:00,175.0,180.7,99.9,15,SUCCESS,0
2026-01-28 05:20:00,2026-01-28 05:35:00,174.6,166.0,99.9,15,SUCCESS,0
2026-01-28 05:25:00,2026-01-28 05:40:00,177.5,196.9,99.6,15,SUCCESS,0
2026-01-28 05:30:00,2026-01-28 05:45:00,175.2,196.1,99.9,15,SUCCESS,0
2026-01-28 05:35:00,2026-01-28 05:50:00,176.8,162.0,99.9,15,SUCCESS,0
2026-01-28 05:40:00,2026-01-28 05:55:00,174.8,177.6,99.9,15,SUCCESS,0
2026-01-28 05:45:00,2026-01-28 06:00:00,288.4,168.1,97.0,15,SUCCESS,0
2026-01-28 05:50:00,2026-01-28 06:05:00,185.6,174.3,99.9,15,SUCCESS,0
2026-01-28 05:55:00,2026-01-28 06:10:00,185.3,210.6,99.9,15,SUCCESS,0
2026-01-28 06:00:00,2026-01-28 06:15:00,186.7,177.4,99.8,15,SUCCESS,0
2026-01-28 06:05:00,2026-01-28 06:20:00,184.1,188.9,99.9,15,SUCCESS,0
2026-01-28 06:10:00,2026-01-28 06:25:00,188.4,193.1,99.9,15,SUCCESS,0
2026-01-28 06:15:00,2026-01-28 06:30:00,189.8,171.6,99.9,15,SUCCESS,0
2026-01-28 06:20:00,2026-01-28 06:35:00,190.4,175.4,99.9,15,SUCCESS,0
2026-01-28 06:25:00,2026-01-28 06:40:00,200.2,171.9,99.6,15,SUCCESS,0
2026-01-28 06:30:00,2026-01-28 06:45:00,188.7,178.4,99.9,15,SUCCESS,0
2026-01-28 06:35:00,2026-01-28 06:50:00,185.2,150.8,99.9,15,SUCCESS,0
2026-01-28 06:40:00,2026-01-28 06:55:00,186.4,203.6,99.9,15,SUCCESS,0
2026-01-28 06:45:00,2026-01-28 07:00:00,185.0,228.2,99.9,15,SUCCESS,0
2026-01-28 06:50:00,2026-01-28 07:05:00,195.1,201.6,99.1,15,SUCCESS,0
2026-01-28 06:55:00,2026-01-28 07:10:00,207.8,180.2,98.7,15,SUCCESS,0
2026-01-28 07:00:00,2026-01-28 07:15:00,196.0,193.9,99.9,15,SUCCESS,0
2026-01-28 07:05:00,2026-01-28 07:20:00,211.2,198.9,99.2,15,SUCCESS,0
2026-01-28 07:10:00,2026-01-28 07:25:00,189.7,192.8,99.9,15,SUCCESS,0
2026-01-28 07:15:00,2026-01-28 07:30:00,211.7,223.3,99.5,15,SUCCESS,0
2026-01-28 07:20:00,2026-01-28 07:35:00,212.0,224.9,99.9,15,SUCCESS,0
2026-01-28 07:25:00,2026-01-28 07:40:00,215.3,197.9,99.5,15,SUCCESS,0
2026-01-28 07:30:00,2026-01-28 07:45:00,218.7,228.6,99.6,15,SUCCESS,0
2026-01-28 07:35:00,2026-01-28 07:50:00,217.2,243.2,99.9,15,SUCCESS,0
2026-01-28 07:40:00,2026-01-28 07:55:00,228.3,251.5,99.5,15,SUCCESS,0
2026-01-28 07:45:00,2026-01-28 08:00:00,245.5,268.7,98.5,15,SUCCESS,0
2026-01-28 07:50:00,2026-01-28 08:05:00,227.2,215.0,99.7,15,SUCCESS,0
2026-01-28 07:55:00,2026-01-28 08:10:00,240.4,273.7,99.8,15,SUCCESS,0
2026-01-28 08:00:00,2026-01-28 08:15:00,253.0,229.0,99.9,15,SUCCESS,0
2026-01-28 08:05:00,2026-01-28 08:20:00,237.7,228.4,99.9,15,SUCCESS,0
2026-01-28 08:10:00,2026-01-28 08:25:00,257.3,245.2,99.9,15,SUCCESS,0
2026-01-28 08:15:00,2026-01-28 08:30:00,242.6,234.7,99.9,15,SUCCESS,0
2026-01-28 08:20:00,2026-01-28 08:35:00,232.6,252.7,99.9,15,SUCCESS,0
2026-01-28 08:25:00,2026-01-28 08:40:00,254.2,230.1,99.9,15,SUCCESS,0
2026-01-28 08:30:00,2026-01-28 08:45:00,242.3,249.7,99.9,15,SUCCESS,0
2026-01-28 08:35:00,2026-01-28 08:50:00,258.4,275.9,99.9,15,SUCCESS,0
2026-01-28 08:40:00,2026-01-28 08:55:00,243.3,259.3,99.9,15,SUCCESS,0
2026-01-28 08:45:00,2026-01-28 09:00:00,261.3,265.8,99.9,15,SUCCESS,0
2026-01-28 08:50:00,2026-01-28 09:05:00,274.2,274.3,99.9,15,SUCCESS,0
2026-01-28 08:55:00,2026-01-28 09:10:00,269.5,288.4,99.9,15,SUCCESS,0
2026-01-28 09:00:00,2026-01-28 09:15:00,274.3,249.7,99.9,15,SUCCESS,0
2026-01-28 09:05:00,2026-01-28 09:20:00,279.3,287.1,99.9,15,SUCCESS,0
2026-01-28 09:10:00,2026-01-28 09:25:00,278.5,278.1,99.9,15,SUCCESS,0
2026-01-28 09:15:00,2026-01-28 09:30:00,278.3,288.5,99.9,15,SUCCESS,0
2026-01-28 09:20:00,2026-01-28 09:35:00,273.1,305.8,99.9,15,SUCCESS,0
2026-01-28 09:25:00,2026-01-28 09:40:00,295.3,276.0,99.9,15,SUCCESS,0
2026-01-28 09:30:00,2026-01-28 09:45:00,296.6,282.7,99.9,15,SUCCESS,0
2026-01-28 09:35:00,2026-01-28 09:50:00,306.0,272.9,99.9,15,SUCCESS,0
2026-01-28 09:40:00,2026-01-28 09:55:00,310.7,297.9,99.1,15,SUCCESS,0
2026-01-28 09:45:00,2026-01-28 10:00:00,300.6,330.2,99.9,15,SUCCESS,0
2026-01-28 09:50:00,2026-01-28 10:05:00,302.0,312.6,99.9,15,SUCCESS,0
2026-01-28 09:55:00,2026-01-28 10:10:00,307.8,298.6,98.8,15,SUCCESS,0
2026-01-28 10:00:00,2026-01-28 10:15:00,322.2,315.6,99.9,15,SUCCESS,0
2026-01-28 10:05:00,2026-01-28 10:20:00,320.6,304.9,99.9,15,SUCCESS,0
2026-01-28 10:10:00,2026-01-28 10:25:00,314.2,314.7,99.9,15,SUCCESS,0
2026-01-28 10:15:00,2026-01-28 10:30:00,335.3,341.7,99.6,15,SUCCESS,0
2026-01-28 10:20:00,2026-01-28 10:35:00,328.7,322.6,99.9,15,SUCCESS,0
2026-01-28 10:25:00,2026-01-28 10:40:00,335.2,361.3,99.8,15,SUCCESS,0
2026-01-28 10:30:00,2026-01-28 10:45:00,340.2,348.0,99.9,15,SUCCESS,0
2026-01-28 10:35:00,2026-01-28 10:50:00,339.7,354.7,99.9,15,SUCCESS,0
2026-01-28 10:40:00,2026-01-28 10:55:00,351.4,353.7,99.0,15,SUCCESS,0
2026-01-28 10:45:00,2026-01-28 11:00:00,352.1,373.9,99.9,15,SUCCESS,0
2026-01-28 10:50:00,2026-01-28 11:05:00,360.8,378.5,99.9,15,SUCCESS,0
2026-01-28 10:55:00,2026-01-28 11:10:00,368.2,376.2,99.9,15,SUCCESS,0
2026-01-28 11:00:00,2026-01-28 11:15:00,374.2,384.0,99.9,15,SUCCESS,0
2026-01-28 11:05:00,2026-01-28 11:20:00,386.3,376.8,99.9,15,SUCCESS,0
2026-01-28 11:10:00,2026-01-28 11:25:00,382.8,392.4,99.9,15,SUCCESS,0
2026-01-28 11:15:00,2026-01-28 11:30:00,387.4,383.6,99.9,15,SUCCESS,0
2026-01-28 11:20:00,2026-01-28 11:35:00,394.3,393.1,99.9,15,SUCCESS,0
2026-01-28 11:25:00,2026-01-28 11:40:00,402.7,393.2,99.9,15,SUCCESS,0
2026-01-28 11:30:00,2026-01-28 11:45:00,407.9,394.7,99.9,15,SUCCESS,0
2026-01-28 11:35:00,2026-01-28 11:50:00,408.4,395.5,99.9,15,SUCCESS,0
2026-01-28 11:40:00,2026-01-28 11:55:00,407.2,417.1,99.9,15,SUCCESS,0
2026-01-28 11:45:00,2026-01-28 12:00:00,411.9,433.9,99.9,15,SUCCESS,0
2026-01-28 11:50:00,2026-01-28 12:05:00,413.3,435.9,99.9,15,SUCCESS,0
2026-01-28 11:55:00,2026-01-28 12:10:00,424.3,403.5,99.9,15,SUCCESS,0
2026-01-28 12:00:00,2026-01-28 12:15:00,433.8,445.7,99.9,15,SUCCESS,0
2026-01-28 12:05:00,2026-01-28 12:20:00,434.0,425.5,99.9,15,SUCCESS,0
2026-01-28 12:10:00,2026-01-28 12:25:00,442.2,443.1,98.9,15,SUCCESS,0
2026-01-28 12:15:00,2026-01-28 12:30:00,441.5,424.3,99.5,15,SUCCESS,0
2026-01-28 12:20:00,2026-01-28 12:35:00,442.3,443.7,99.9,15,SUCCESS,0
2026-01-28 12:25:00,2026-01-28 12:40:00,449.9,449.9,99.1,15,SUCCESS,0
2026-01-28 12:30:00,2026-01-28 12:45:00,446.5,426.5,99.9,15,SUCCESS,0
2026-01-28 12:35:00,2026-01-28 12:50:00,443.6,461.4,99.9,15,SUCCESS,0
2026-01-28 12:40:00,2026-01-28 12:55:00,454.7,475.8,99.3,15,SUCCESS,0
2026-01-28 12:45:00,2026-01-28 13:00:00,444.7,456.3,99.9,15,SUCCESS,0
2026-01-28 12:50:00,2026-01-28 13:05:00,469.5,482.4,99.9,15,SUCCESS,0
2026-01-28 12:55:00,2026-01-28 13:10:00,478.9,462.3,99.9,15,SUCCESS,0
2026-01-28 13:00:00,2026-01-28 13:15:00,475.6,480.8,99.9,15,SUCCESS,0
2026-01-28 13:05:00,2026-01-28 13:20:00,480.7,437.6,99.9,15,SUCCESS,0
2026-01-28 13:10:00,2026-01-28 13:25:00,479.1,509.9,99.9,15,SUCCESS,0
2026-01-28 13:15:00,2026-01-28 13:30:00,480.7,498.7,99.9,15,SUCCESS,0
2026-01-28 13:20:00,2026-01-28 13:35:00,466.2,474.5,99.8,15,SUCCESS,0
2026-01-28 13:25:00,2026-01-28 13:40:00,498.2,451.5,98.7,15,SUCCESS,0
2026-01-28 13:30:00,2026-01-28 13:45:00,482.0,487.6,99.9,15,SUCCESS,0
2026-01-28 13:35:00,2026-01-28 13:50:00,482.7,463.8,99.9,15,SUCCESS,0
2026-01-28 13:40:00,2026-01-28 13:55:00,488.9,494.1,99.0,15,SUCCESS,0
2026-01-28 13:45:00,2026-01-28 14:00:00,483.0,495.4,99.9,15,SUCCESS,0
2026-01-28 13:50:00,2026-01-28 14:05:00,481.8,476.8,99.9,15,SUCCESS,0
2026-01-28 13:55:00,2026-01-28 14:10:00,484.3,509.3,99.9,15,SUCCESS,0
2026-01-28 14:00:00,2026-01-28 14:15:00,484.0,506.0,99.9,15,SUCCESS,0
2026-01-28 14:05:00,2026-01-28 14:20:00,482.9,509.8,99.9,15,SUCCESS,0
2026-01-28 14:10:00,2026-01-28 14:25:00,487.3,496.4,99.9,15,SUCCESS,0
2026-01-28 14:15:00,2026-01-28 14:30:00,487.9,476.0,99.9,15,SUCCESS,0
2026-01-28 14:20:00,2026-01-28 14:35:00,490.8,512.8,99.9,15,SUCCESS,0
2026-01-28 14:25:00,2026-01-28 14:40:00,490.9,494.7,99.9,15,SUCCESS,0
2026-01-28 14:30:00,2026-01-28 14:45:00,488.7,478.5,99.9,15,SUCCESS,0
2026-01-28 14:35:00,2026-01-28 14:50:00,494.6,520.0,99.9,15,SUCCESS,0
2026-01-28 14:40:00,2026-01-28 14:55:00,489.7,531.4,99.9,15,SUCCESS,0
2026-01-28 14:45:00,2026-01-28 15:00:00,528.7,499.4,97.0,15,SUCCESS,0
2026-01-28 14:50:00,2026-01-28 15:05:00,556.4,532.3,96.4,15,SUCCESS,0
2026-01-28 14:55:00,2026-01-28 15:10:00,541.2,501.1,96.9,15,SUCCESS,0
2026-01-28 15:00:00,2026-01-28 15:15:00,492.0,493.6,99.9,15,SUCCESS,0
2026-01-28 15:05:00,2026-01-28 15:20:00,669.8,489.3,94.1,15,SUCCESS,0
2026-01-28 15:10:00,2026-01-28 15:25:00,541.5,522.7,98.0,15,SUCCESS,0
2026-01-28 15:15:00,2026-01-28 15:30:00,533.1,485.6,98.2,15,SUCCESS,0
2026-01-28 15:20:00,2026-01-28 15:35:00,691.3,507.3,96.8,15,SUCCESS,0
2026-01-28 15:25:00,2026-01-28 15:40:00,562.2,486.8,97.5,15,SUCCESS,0
2026-01-28 15:30:00,2026-01-28 15:45:00,574.9,487.0,96.8,15,SUCCESS,0
2026-01-28 15:35:00,2026-01-28 15:50:00,580.0,507.9,96.9,15,SUCCESS,0
2026-01-28 15:40:00,2026-01-28 15:55:00,492.8,485.2,99.8,15,SUCCESS,0
2026-01-28 15:45:00,2026-01-28 16:00:00,498.6,483.2,99.0,15,SUCCESS,0
2026-01-28 15:50:00,2026-01-28 16:05:00,539.1,504.4,97.5,15,SUCCESS,0
2026-01-28 15:55:00,2026-01-28 16:10:00,508.2,509.4,99.0,15,SUCCESS,0
2026-01-28 16:00:00,2026-01-28 16:15:00,482.5,493.0,99.9,15,SUCCESS,0
2026-01-28 16:05:00,2026-01-28 16:20:00,484.5,471.3,99.9,15,SUCCESS,0
2026-01-28 16:10:00,2026-01-28 16:25:00,497.5,471.1,98.4,15,SUCCESS,0
2026-01-28 16:15:00,2026-01-28 16:30:00,484.3,477.4,99.9,15,SUCCESS,0
2026-01-28 16:20:00,2026-01-28 16:35:00,484.0,478.4,99.9,15,SUCCESS,0
2026-01-28 16:25:00,2026-01-28 16:40:00,482.7,456.1,99.9,15,SUCCESS,0
2026-01-28 16:30:00,2026-01-28 16:45:00,480.3,478.9,99.9,15,SUCCESS,0
2026-01-28 16:35:00,2026-01-28 16:50:00,480.4,466.4,99.9,15,SUCCESS,0
2026-01-28 16:40:00,2026-01-28 16:55:00,475.2,436.3,99.9,15,SUCCESS,0
2026-01-28 16:45:00,2026-01-28 17:00:00,475.2,444.9,99.9,15,SUCCESS,0
2026-01-28 16:50:00,2026-01-28 17:05:00,474.5,448.0,99.9,15,SUCCESS,0
2026-01-28 16:55:00,2026-01-28 17:10:00,460.4,451.2,99.9,15,SUCCESS,0
2026-01-28 17:00:00,2026-01-28 17:15:00,439.4,477.1,99.9,15,SUCCESS,0
2026-01-28 17:05:00,2026-01-28 17:20:00,440.1,448.8,99.9,15,SUCCESS,0
2026-01-28 17:10:00,2026-01-28 17:25:00,669.4,429.0,96.1,15,SUCCESS,0
2026-01-28 17:15:00,2026-01-28 17:30:00,503.5,441.2,98.0,15,SUCCESS,0
2026-01-28 17:20:00,2026-01-28 17:35:00,445.6,428.8,99.8,15,SUCCESS,0
2026-01-28 17:25:00,2026-01-28 17:40:00,433.0,435.1,99.9,15,SUCCESS,0
2026-01-28 17:30:00,2026-01-28 17:45:00,435.3,435.0,99.9,15,SUCCESS,0
2026-01-28 17:35:00,2026-01-28 17:50:00,431.2,440.5,99.9,15,SUCCESS,0
2026-01-28 17:40:00,2026-01-28 17:55:00,427.7,417.9,99.9,15,SUCCESS,0
2026-01-28 17:45:00,2026-01-28 18:00:00,428.2,438.8,99.9,15,SUCCESS,0
2026-01-28 17:50:00,2026-01-28 18:05:00,427.2,423.7,99.9,15,SUCCESS,0
2026-01-28 17:55:00,2026-01-28 18:10:00,424.5,395.2,99.6,15,SUCCESS,0
2026-01-28 18:00:00,2026-01-28 18:15:00,418.5,434.8,99.8,15,SUCCESS,0
2026-01-28 18:05:00,2026-01-28 18:20:00,423.2,402.2,99.1,15,SUCCESS,0
2026-01-28 18:10:00,2026-01-28 18:25:00,393.1,380.5,99.9,15,SUCCESS,0
2026-01-28 18:15:00,2026-01-28 18:30:00,423.8,413.5,99.1,15,SUCCESS,0
2026-01-28 18:20:00,2026-01-28 18:35:00,405.0,415.5,99.9,15,SUCCESS,0
2026-01-28 18:25:00,2026-01-28 18:40:00,396.5,379.4,99.0,15,SUCCESS,0
2026-01-28 18:30:00,2026-01-28 18:45:00,397.2,368.0,99.8,15,SUCCESS,0
2026-01-28 18:35:00,2026-01-28 18:50:00,401.7,368.5,99.2,15,SUCCESS,0
2026-01-28 18:40:00,2026-01-28 18:55:00,379.4,377.4,99.9,15,SUCCESS,0
2026-01-28 18:45:00,2026-01-28 19:00:00,374.3,381.5,99.9,15,SUCCESS,0
2026-01-28 18:50:00,2026-01-28 19:05:00,366.4,366.4,99.9,15,SUCCESS,0
2026-01-28 18:55:00,2026-01-28 19:10:00,363.0,355.0,99.9,15,SUCCESS,0
2026-01-28 19:00:00,2026-01-28 19:15:00,353.9,371.5,99.9,15,SUCCESS,0
2026-01-28 19:05:00,2026-01-28 19:20:00,348.3,339.9,99.9,15,SUCCESS,0
2026-01-28 19:10:00,2026-01-28 19:25:00,341.7,355.7,99.9,15,SUCCESS,0
2026-01-28 19:15:00,2026-01-28 19:30:00,343.6,331.6,99.9,15,SUCCESS,0
2026-01-28 19:20:00,2026-01-28 19:35:00,332.3,338.0,99.9,15,SUCCESS,0
2026-01-28 19:25:00,2026-01-28 19:40:00,339.6,325.5,99.9,15,SUCCESS,0
2026-01-28 19:30:00,2026-01-28 19:45:00,327.3,322.1,99.9,15,SUCCESS,0
2026-01-28 19:35:00,2026-01-28 19:50:00,319.1,313.0,99.9,15,SUCCESS,0
2026-01-28 19:40:00,2026-01-28 19:55:00,317.2,334.6,99.9,15,SUCCESS,0
2026-01-28 19:45:00,2026-01-28 20:00:00,316.3,299.2,99.9,15,SUCCESS,0
2026-01-28 19:50:00,2026-01-28 20:05:00,313.7,295.0,99.9,15,SUCCESS,0
2026-01-28 19:55:00,2026-01-28 20:10:00,315.6,333.8,99.9,15,SUCCESS,0
2026-01-28 20:00:00,2026-01-28 20:15:00,296.8,312.6,99.9,15,SUCCESS,0
2026-01-28 20:05:00,2026-01-28 20:20:00,291.2,258.1,99.9,15,SUCCESS,0
2026-01-28 20:10:00,2026-01-28 20:25:00,306.2,281.4,99.9,15,SUCCESS,0
2026-01-28 20:15:00,2026-01-28 20:30:00,324.0,258.8,98.5,15,SUCCESS,0
2026-01-28 20:20:00,2026-01-28 20:35:00,276.9,267.9,99.9,15,SUCCESS,0
2026-01-28 20:25:00,2026-01-28 20:40:00,266.1,231.2,99.9,15,SUCCESS,0
2026-01-28 20:30:00,2026-01-28 20:45:00,266.1,272.5,99.9,15,SUCCESS,0
2026-01-28 20:35:00,2026-01-28 20:50:00,257.5,253.7,99.9,15,SUCCESS,0
2026-01-28 20:40:00,2026-01-28 20:55:00,236.5,268.1,99.9,15,SUCCESS,0
2026-01-28 20:45:00,2026-01-28 21:00:00,252.2,239.3,99.9,15,SUCCESS,0
2026-01-28 20:50:00,2026-01-28 21:05:00,251.2,261.4,99.9,15,SUCCESS,0
2026-01-28 20:55:00,2026-01-28 21:10:00,252.2,250.4,99.9,15,SUCCESS,0
2026-01-28 21:00:00,2026-01-28 21:15:00,240.7,275.8,99.9,15,SUCCESS,0
2026-01-28 21:05:00,2026-01-28 21:20:00,242.5,271.1,99.9,15,SUCCESS,0
2026-01-28 21:10:00,2026-01-28 21:25:00,237.4,258.4,99.9,15,SUCCESS,0
2026-01-28 21:15:00,2026-01-28 21:30:00,241.1,238.6,99.9,15,SUCCESS,0
2026-01-28 21:20:00,2026-01-28 21:35:00,238.7,270.1,99.9,15,SUCCESS,0
2026-01-28 21:25:00,2026-01-28 21:40:00,237.6,214.0,99.9,15,SUCCESS,0
2026-01-28 21:30:00,2026-01-28 21:45:00,234.9,213.2,99.9,15,SUCCESS,0
2026-01-28 21:35:00,2026-01-28 21:50:00,238.1,230.1,99.9,15,SUCCESS,0
2026-01-28 21:40:00,2026-01-28 21:55:00,230.6,262.3,99.9,15,SUCCESS,0
2026-01-28 21:45:00,2026-01-28 22:00:00,223.4,222.7,99.9,15,SUCCESS,0
2026-01-28 21:50:00,2026-01-28 22:05:00,222.3,220.2,99.9,15,SUCCESS,0
2026-01-28 21:55:00,2026-01-28 22:10:00,228.3,198.7,99.9,15,SUCCESS,0
2026-01-28 22:00:00,2026-01-28 22:15:00,215.2,231.9,99.9,15,SUCCESS,0
2026-01-28 22:05:00,2026-01-28 22:20:00,209.9,229.5,99.9,15,SUCCESS,0
2026-01-28 22:10:00,2026-01-28 22:25:00,206.0,224.6,99.9,15,SUCCESS,1
2026-01-28 22:15:00,2026-01-28 22:30:00,205.8,1058.8,99.9,15,SUCCESS,1
2026-01-28 22:20:00,2026-01-28 22:35:00,207.5,1561.5,99.9,15,SUCCESS,1
2026-01-28 22:25:00,2026-01-28 22:40:00,207.5,1474.0,99.9,15,SUCCESS,1
2026-01-28 22:30:00,2026-01-28 22:45:00,1747.2,1079.5,96.6,15,SUCCESS,1
2026-01-28 22:35:00,2026-01-28 22:50:00,1658.7,185.2,95.8,15,SUCCESS,0
2026-01-28 22:40:00,2026-01-28 22:55:00,973.0,181.7,94.6,15,SUCCESS,0
2026-01-28 22:45:00,2026-01-28 23:00:00,434.1,191.0,97.0,15,SUCCESS,0
2026-01-28 22:50:00,2026-01-28 23:05:00,188.5,188.1,99.8,15,SUCCESS,0
2026-01-28 22:55:00,2026-01-28 23:10:00,183.8,185.5,99.8,15,SUCCESS,0
2026-01-28 23:00:00,2026-01-28 23:15:00,236.9,198.7,99.0,15,SUCCESS,0
2026-01-28 23:05:00,2026-01-28 23:20:00,213.9,191.1,99.2,15,SUCCESS,0
2026-01-28 23:10:00,2026-01-28 23:25:00,194.2,183.9,99.1,15,SUCCESS,0
2026-01-28 23:15:00,2026-01-28 23:30:00,223.2,189.3,99.3,15,SUCCESS,0
2026-01-28 23:20:00,2026-01-28 23:35:00,270.6,170.1,97.3,15,SUCCESS,0
2026-01-28 23:25:00,2026-01-28 23:40:00,178.9,185.1,99.9,15,SUCCESS,0
2026-01-28 23:30:00,2026-01-28 23:45:00,184.1,184.2,99.8,15,SUCCESS,0
2026-01-28 23:35:00,2026-01-28 23:50:00,177.4,158.0,99.9,15,SUCCESS,0
2026-01-28 23:40:00,2026-01-28 23:55:00,172.7,194.1,99.8,15,SUCCESS,0
2026-01-28 23:45:00,2026-01-29 00:00:00,174.9,137.1,99.8,15,SUCCESS,0
2026-01-28 23:50:00,2026-01-29 00:05:00,162.7,151.7,99.9,15,SUCCESS,0
2026-01-28 23:55:00,2026-01-29 00:10:00,149.6,167.8,99.8,15,SUCCESS,0
2026-01-29 00:00:00,2026-01-29 00:15:00,150.2,164.3,99.9,15,SUCCESS,0
2026-01-29 00:05:00,2026-01-29 00:20:00,153.1,150.9,100.0,15,SUCCESS,0
2026-01-29 00:10:00,2026-01-29 00:25:00,250.3,145.0,96.9,15,SUCCESS,0
2026-01-29 00:15:00,2026-01-29 00:30:00,154.7,164.7,99.9,15,SUCCESS,0
2026-01-29 00:20:00,2026-01-29 00:35:00,153.7,160.6,99.9,15,SUCCESS,0
2026-01-29 00:25:00,2026-01-29 00:40:00,154.1,141.3,100.0,15,SUCCESS,0
2026-01-29 00:30:00,2026-01-29 00:45:00,154.1,138.7,100.0,15,SUCCESS,0
2026-01-29 00:35:00,2026-01-29 00:50:00,153.5,119.6,100.0,15,SUCCESS,0
2026-01-29 00:40:00,2026-01-29 00:55:00,154.0,153.0,100.0,15,SUCCESS,0
2026-01-29 00:45:00,2026-01-29 01:00:00,154.4,149.5,100.0,15,SUCCESS,0
2026-01-29 00:50:00,2026-01-29 01:05:00,154.1,167.9,100.0,15,SUCCESS,0
2026-01-29 00:55:00,2026-01-29 01:10:00,153.2,156.3,99.9,15,SUCCESS,0
2026-01-29 01:00:00,2026-01-29 01:15:00,155.1,171.0,99.9,15,SUCCESS,0
2026-01-29 01:05:00,2026-01-29 01:20:00,154.6,140.6,100.0,15,SUCCESS,0
2026-01-29 01:10:00,2026-01-29 01:25:00,153.4,168.2,100.0,15,SUCCESS,0
2026-01-29 01:15:00,2026-01-29 01:30:00,154.1,143.2,100.0,15,SUCCESS,0
2026-01-29 01:20:00,2026-01-29 01:35:00,182.7,162.9,99.0,15,SUCCESS,0
2026-01-29 01:25:00,2026-01-29 01:40:00,154.4,129.5,100.0,15,SUCCESS,0
2026-01-29 01:30:00,2026-01-29 01:45:00,153.5,155.0,100.0,15,SUCCESS,0
2026-01-29 01:35:00,2026-01-29 01:50:00,153.9,121.8,100.0,15,SUCCESS,0
2026-01-29 01:40:00,2026-01-29 01:55:00,153.8,147.7,100.0,15,SUCCESS,0
2026-01-29 01:45:00,2026-01-29 02:00:00,154.9,158.4,100.0,15,SUCCESS,0
2026-01-29 01:50:00,2026-01-29 02:05:00,153.4,144.1,100.0,15,SUCCESS,0
2026-01-29 01:55:00,2026-01-29 02:10:00,154.5,136.3,100.0,15,SUCCESS,0
2026-01-29 02:00:00,2026-01-29 02:15:00,154.0,164.9,100.0,15,SUCCESS,0
2026-01-29 02:05:00,2026-01-29 02:20:00,154.8,150.8,100.0,15,SUCCESS,0
2026-01-29 02:10:00,2026-01-29 02:25:00,153.9,145.1,100.0,15,SUCCESS,0
2026-01-29 02:15:00,2026-01-29 02:30:00,154.5,153.3,100.0,15,SUCCESS,0
2026-01-29 02:20:00,2026-01-29 02:35:00,154.3,192.4,99.8,15,SUCCESS,0
2026-01-29 02:25:00,2026-01-29 02:40:00,154.4,170.3,100.0,15,SUCCESS,0
2026-01-29 02:30:00,2026-01-29 02:45:00,154.5,170.7,100.0,15,SUCCESS,0
2026-01-29 02:35:00,2026-01-29 02:50:00,154.7,160.0,99.9,15,SUCCESS,0
2026-01-29 02:40:00,2026-01-29 02:55:00,156.5,156.1,99.7,15,SUCCESS,0
2026-01-29 02:45:00,2026-01-29 03:00:00,152.9,117.9,99.9,15,SUCCESS,0
2026-01-29 02:50:00,2026-01-29 03:05:00,161.5,144.0,99.4,15,SUCCESS,0
2026-01-29 02:55:00,2026-01-29 03:10:00,159.9,147.2,99.3,15,SUCCESS,0
2026-01-29 03:00:00,2026-01-29 03:15:00,153.5,126.6,99.9,15,SUCCESS,0
2026-01-29 03:05:00,2026-01-29 03:20:00,155.3,137.6,100.0,15,SUCCESS,0
2026-01-29 03:10:00,2026-01-29 03:25:00,156.0,125.6,100.0,15,SUCCESS,0
2026-01-29 03:15:00,2026-01-29 03:30:00,155.3,155.0,99.9,15,SUCCESS,0
2026-01-29 03:20:00,2026-01-29 03:35:00,155.7,168.2,100.0,15,SUCCESS,0
2026-01-29 03:25:00,2026-01-29 03:40:00,162.3,172.9,99.1,15,SUCCESS,0
2026-01-29 03:30:00,2026-01-29 03:45:00,136.4,162.9,99.8,15,SUCCESS,0
2026-01-29 03:35:00,2026-01-29 03:50:00,155.0,142.7,100.0,15,SUCCESS,0
2026-01-29 03:40:00,2026-01-29 03:55:00,155.7,128.6,100.0,15,SUCCESS,0
2026-01-29 03:45:00,2026-01-29 04:00:00,155.0,131.6,100.0,15,SUCCESS,0
2026-01-29 03:50:00,2026-01-29 04:05:00,155.5,139.4,100.0,15,SUCCESS,0
2026-01-29 03:55:00,2026-01-29 04:10:00,155.4,145.6,99.9,15,SUCCESS,0
2026-01-29 04:00:00,2026-01-29 04:15:00,208.0,157.1,98.0,15,SUCCESS,0
2026-01-29 04:05:00,2026-01-29 04:20:00,170.8,144.8,99.1,15,SUCCESS,0
2026-01-29 04:10:00,2026-01-29 04:25:00,160.2,165.7,99.9,15,SUCCESS,0
2026-01-29 04:15:00,2026-01-29 04:30:00,168.9,157.7,99.1,15,SUCCESS,0
2026-01-29 04:20:00,2026-01-29 04:35:00,172.1,161.9,98.8,15,SUCCESS,0
2026-01-29 04:25:00,2026-01-29 04:40:00,186.3,179.5,98.5,15,SUCCESS,0
2026-01-29 04:30:00,2026-01-29 04:45:00,160.7,145.4,99.9,15,SUCCESS,0
2026-01-29 04:35:00,2026-01-29 04:50:00,161.7,170.1,100.0,15,SUCCESS,0
2026-01-29 04:40:00,2026-01-29 04:55:00,164.6,164.4,99.8,15,SUCCESS,0
2026-01-29 04:45:00,2026-01-29 05:00:00,186.9,160.4,99.3,15,SUCCESS,0
2026-01-29 04:50:00,2026-01-29 05:05:00,164.7,179.5,99.9,15,SUCCESS,0
2026-01-29 04:55:00,2026-01-29 05:10:00,230.9,180.2,98.5,15,SUCCESS,0
2026-01-29 05:00:00,2026-01-29 05:15:00,178.2,153.7,99.6,15,SUCCESS,0
2026-01-29 05:05:00,2026-01-29 05:20:00,174.5,166.1,99.9,15,SUCCESS,0
2026-01-29 05:10:00,2026-01-29 05:25:00,184.8,174.1,99.1,15,SUCCESS,0
2026-01-29 05:15:00,2026-01-29 05:30:00,173.6,166.8,99.9,15,SUCCESS,0
2026-01-29 05:20:00,2026-01-29 05:35:00,189.7,180.7,98.8,15,SUCCESS,0
2026-01-29 05:25:00,2026-01-29 05:40:00,182.7,177.2,99.2,15,SUCCESS,0
2026-01-29 05:30:00,2026-01-29 05:45:00,179.1,201.6,99.9,15,SUCCESS,0
2026-01-29 05:35:00,2026-01-29 05:50:00,188.6,152.4,99.2,15,SUCCESS,0
2026-01-29 05:40:00,2026-01-29 05:55:00,183.6,174.7,99.9,15,SUCCESS,0
2026-01-29 05:45:00,2026-01-29 06:00:00,174.9,164.2,99.9,15,SUCCESS,0
2026-01-29 05:50:00,2026-01-29 06:05:00,225.9,188.2,98.3,15,SUCCESS,0
2026-01-29 05:55:00,2026-01-29 06:10:00,204.2,156.3,99.2,15,SUCCESS,0
2026-01-29 06:00:00,2026-01-29 06:15:00,185.7,187.2,99.9,15,SUCCESS,0
2026-01-29 06:05:00,2026-01-29 06:20:00,197.3,174.0,99.2,15,SUCCESS,0
2026-01-29 06:10:00,2026-01-29 06:25:00,185.6,174.0,99.9,15,SUCCESS,0
2026-01-29 06:15:00,2026-01-29 06:30:00,187.2,164.9,99.8,15,SUCCESS,0
2026-01-29 06:20:00,2026-01-29 06:35:00,187.2,181.3,99.9,15,SUCCESS,0
2026-01-29 06:25:00,2026-01-29 06:40:00,184.2,206.2,99.9,15,SUCCESS,0
2026-01-29 06:30:00,2026-01-29 06:45:00,184.9,191.3,99.9,15,SUCCESS,0
2026-01-29 06:35:00,2026-01-29 06:50:00,193.2,203.0,99.3,15,SUCCESS,0
2026-01-29 06:40:00,2026-01-29 06:55:00,193.2,220.4,99.9,15,SUCCESS,0
2026-01-29 06:45:00,2026-01-29 07:00:00,194.5,201.3,99.9,15,SUCCESS,0
2026-01-29 06:50:00,2026-01-29 07:05:00,195.9,191.0,99.8,15,SUCCESS,0
2026-01-29 06:55:00,2026-01-29 07:10:00,207.2,208.4,99.3,15,SUCCESS,0
2026-01-29 07:00:00,2026-01-29 07:15:00,216.0,195.4,99.5,15,SUCCESS,0
2026-01-29 07:05:00,2026-01-29 07:20:00,215.7,198.2,99.7,15,SUCCESS,0
2026-01-29 07:10:00,2026-01-29 07:25:00,217.0,185.2,99.9,15,SUCCESS,0
2026-01-29 07:15:00,2026-01-29 07:30:00,230.8,224.2,99.0,15,SUCCESS,0
2026-01-29 07:20:00,2026-01-29 07:35:00,222.3,206.9,99.7,15,SUCCESS,0
2026-01-29 07:25:00,2026-01-29 07:40:00,203.3,217.9,99.1,15,SUCCESS,0
2026-01-29 07:30:00,2026-01-29 07:45:00,215.9,202.2,99.9,15,SUCCESS,0
2026-01-29 07:35:00,2026-01-29 07:50:00,238.0,226.8,99.1,15,SUCCESS,0
2026-01-29 07:40:00,2026-01-29 07:55:00,219.1,211.5,99.9,15,SUCCESS,0
2026-01-29 07:45:00,2026-01-29 08:00:00,249.8,223.6,98.5,15,SUCCESS,0
2026-01-29 07:50:00,2026-01-29 08:05:00,227.0,241.7,99.9,15,SUCCESS,0
2026-01-29 07:55:00,2026-01-29 08:10:00,228.2,243.2,99.9,15,SUCCESS,0
2026-01-29 08:00:00,2026-01-29 08:15:00,234.9,233.9,99.1,15,SUCCESS,0
2026-01-29 08:05:00,2026-01-29 08:20:00,240.1,210.8,99.9,15,SUCCESS,0
2026-01-29 08:10:00,2026-01-29 08:25:00,244.2,285.2,99.9,15,SUCCESS,0
2026-01-29 08:15:00,2026-01-29 08:30:00,238.1,269.7,99.9,15,SUCCESS,0
2026-01-29 08:20:00,2026-01-29 08:35:00,234.6,257.5,99.9,15,SUCCESS,0
2026-01-29 08:25:00,2026-01-29 08:40:00,257.5,238.6,99.9,15,SUCCESS,0
2026-01-29 08:30:00,2026-01-29 08:45:00,264.9,251.6,99.9,15,SUCCESS,0
2026-01-29 08:35:00,2026-01-29 08:50:00,262.5,248.5,99.9,15,SUCCESS,0
2026-01-29 08:40:00,2026-01-29 08:55:00,254.2,279.1,99.9,15,SUCCESS,0
2026-01-29 08:45:00,2026-01-29 09:00:00,260.2,267.6,99.9,15,SUCCESS,0
2026-01-29 08:50:00,2026-01-29 09:05:00,270.0,255.4,99.9,15,SUCCESS,0
2026-01-29 08:55:00,2026-01-29 09:10:00,273.4,263.8,99.9,15,SUCCESS,0
2026-01-29 09:00:00,2026-01-29 09:15:00,275.1,291.4,99.9,15,SUCCESS,0
2026-01-29 09:05:00,2026-01-29 09:20:00,272.5,302.3,99.9,15,SUCCESS,0
2026-01-29 09:10:00,2026-01-29 09:25:00,276.3,305.1,99.9,15,SUCCESS,0
2026-01-29 09:15:00,2026-01-29 09:30:00,278.8,297.4,99.9,15,SUCCESS,0
2026-01-29 09:20:00,2026-01-29 09:35:00,301.7,286.1,99.9,15,SUCCESS,0
2026-01-29 09:25:00,2026-01-29 09:40:00,309.0,245.3,99.9,15,SUCCESS,0
2026-01-29 09:30:00,2026-01-29 09:45:00,307.5,302.4,99.9,15,SUCCESS,0
2026-01-29 09:35:00,2026-01-29 09:50:00,304.7,301.9,99.9,15,SUCCESS,0
2026-01-29 09:40:00,2026-01-29 09:55:00,283.5,308.2,99.8,15,SUCCESS,0
2026-01-29 09:45:00,2026-01-29 10:00:00,305.8,311.1,99.8,15,SUCCESS,0
2026-01-29 09:50:00,2026-01-29 10:05:00,314.1,294.5,99.9,15,SUCCESS,0
2026-01-29 09:55:00,2026-01-29 10:10:00,316.2,327.0,99.9,15,SUCCESS,0
2026-01-29 10:00:00,2026-01-29 10:15:00,315.6,332.4,99.9,15,SUCCESS,0
2026-01-29 10:05:00,2026-01-29 10:20:00,312.2,337.5,99.9,15,SUCCESS,0
2026-01-29 10:10:00,2026-01-29 10:25:00,326.6,345.7,99.8,15,SUCCESS,0
2026-01-29 10:15:00,2026-01-29 10:30:00,335.7,344.9,99.9,15,SUCCESS,0
2026-01-29 10:20:00,2026-01-29 10:35:00,337.4,334.1,99.9,15,SUCCESS,0
2026-01-29 10:25:00,2026-01-29 10:40:00,345.0,343.6,99.9,15,SUCCESS,0
2026-01-29 10:30:00,2026-01-29 10:45:00,345.6,350.4,99.9,15,SUCCESS,0
2026-01-29 10:35:00,2026-01-29 10:50:00,348.5,355.1,99.9,15,SUCCESS,0
2026-01-29 10:40:00,2026-01-29 10:55:00,353.9,372.8,99.9,15,SUCCESS,0
2026-01-29 10:45:00,2026-01-29 11:00:00,366.8,371.9,99.9,15,SUCCESS,0
2026-01-29 10:50:00,2026-01-29 11:05:00,367.3,397.9,99.9,15,SUCCESS,0
2026-01-29 10:55:00,2026-01-29 11:10:00,371.3,404.2,99.9,15,SUCCESS,0
2026-01-29 11:00:00,2026-01-29 11:15:00,378.4,376.7,99.9,15,SUCCESS,0
2026-01-29 11:05:00,2026-01-29 11:20:00,395.7,322.4,99.9,15,SUCCESS,0
2026-01-29 11:10:00,2026-01-29 11:25:00,413.2,402.9,99.2,15,SUCCESS,0
2026-01-29 11:15:00,2026-01-29 11:30:00,398.6,380.6,99.9,15,SUCCESS,0
2026-01-29 11:20:00,2026-01-29 11:35:00,356.3,381.0,99.8,15,SUCCESS,0
2026-01-29 11:25:00,2026-01-29 11:40:00,409.7,391.4,99.9,15,SUCCESS,0
2026-01-29 11:30:00,2026-01-29 11:45:00,409.1,394.9,99.6,15,SUCCESS,0
2026-01-29 11:35:00,2026-01-29 11:50:00,406.6,415.0,99.9,15,SUCCESS,0
2026-01-29 11:40:00,2026-01-29 11:55:00,409.0,386.6,99.9,15,SUCCESS,0
2026-01-29 11:45:00,2026-01-29 12:00:00,410.4,398.0,99.9,15,SUCCESS,0
2026-01-29 11:50:00,2026-01-29 12:05:00,418.6,423.4,99.9,15,SUCCESS,0
2026-01-29 11:55:00,2026-01-29 12:10:00,417.3,431.7,99.9,15,SUCCESS,0
2026-01-29 12:00:00,2026-01-29 12:15:00,421.3,436.0,99.9,15,SUCCESS,0
2026-01-29 12:05:00,2026-01-29 12:20:00,437.4,418.5,99.5,15,SUCCESS,0
2026-01-29 12:10:00,2026-01-29 12:25:00,433.7,419.4,99.9,15,SUCCESS,0
2026-01-29 12:15:00,2026-01-29 12:30:00,434.0,430.3,99.9,15,SUCCESS,0
2026-01-29 12:20:00,2026-01-29 12:35:00,431.5,445.2,99.9,15,SUCCESS,0
2026-01-29 12:25:00,2026-01-29 12:40:00,435.9,467.5,99.9,15,SUCCESS,0
2026-01-29 12:30:00,2026-01-29 12:45:00,442.3,418.1,99.9,15,SUCCESS,0
2026-01-29 12:35:00,2026-01-29 12:50:00,443.6,448.9,99.9,15,SUCCESS,0
2026-01-29 12:40:00,2026-01-29 12:55:00,469.0,435.6,99.8,15,SUCCESS,0
2026-01-29 12:45:00,2026-01-29 13:00:00,456.3,434.1,99.8,15,SUCCESS,0
2026-01-29 12:50:00,2026-01-29 13:05:00,449.6,476.5,99.8,15,SUCCESS,0
2026-01-29 12:55:00,2026-01-29 13:10:00,451.7,473.3,99.9,15,SUCCESS,0
2026-01-29 13:00:00,2026-01-29 13:15:00,443.5,474.8,99.9,15,SUCCESS,0
2026-01-29 13:05:00,2026-01-29 13:20:00,471.8,484.7,99.9,15,SUCCESS,0
2026-01-29 13:10:00,2026-01-29 13:25:00,479.5,466.4,99.9,15,SUCCESS,0
2026-01-29 13:15:00,2026-01-29 13:30:00,479.5,469.7,99.9,15,SUCCESS,0
2026-01-29 13:20:00,2026-01-29 13:35:00,481.1,511.5,99.9,15,SUCCESS,0
2026-01-29 13:25:00,2026-01-29 13:40:00,479.8,477.4,99.9,15,SUCCESS,0
2026-01-29 13:30:00,2026-01-29 13:45:00,481.1,494.3,99.9,15,SUCCESS,0
2026-01-29 13:35:00,2026-01-29 13:50:00,511.0,485.5,98.1,15,SUCCESS,0
2026-01-29 13:40:00,2026-01-29 13:55:00,483.8,459.7,99.9,15,SUCCESS,0
2026-01-29 13:45:00,2026-01-29 14:00:00,484.6,458.6,99.9,15,SUCCESS,0
2026-01-29 13:50:00,2026-01-29 14:05:00,486.8,482.2,99.9,15,SUCCESS,0
2026-01-29 13:55:00,2026-01-29 14:10:00,483.6,508.3,99.9,15,SUCCESS,0
2026-01-29 14:00:00,2026-01-29 14:15:00,481.9,505.7,99.9,15,SUCCESS,0
2026-01-29 14:05:00,2026-01-29 14:20:00,484.5,508.9,99.9,15,SUCCESS,0
2026-01-29 14:10:00,2026-01-29 14:25:00,487.2,481.5,99.9,15,SUCCESS,0
2026-01-29 14:15:00,2026-01-29 14:30:00,485.4,521.5,99.9,15,SUCCESS,0
2026-01-29 14:20:00,2026-01-29 14:35:00,489.0,483.6,99.9,15,SUCCESS,0
2026-01-29 14:25:00,2026-01-29 14:40:00,488.5,502.0,99.9,15,SUCCESS,0
2026-01-29 14:30:00,2026-01-29 14:45:00,490.9,499.2,99.9,15,SUCCESS,0
2026-01-29 14:35:00,2026-01-29 14:50:00,494.9,497.1,99.5,15,SUCCESS,0
2026-01-29 14:40:00,2026-01-29 14:55:00,490.7,520.0,99.9,15,SUCCESS,0
2026-01-29 14:45:00,2026-01-29 15:00:00,491.1,489.4,99.9,15,SUCCESS,0
2026-01-29 14:50:00,2026-01-29 15:05:00,490.3,479.7,99.9,15,SUCCESS,0
2026-01-29 14:55:00,2026-01-29 15:10:00,491.9,500.0,99.9,15,SUCCESS,0
2026-01-29 15:00:00,2026-01-29 15:15:00,633.5,493.3,95.6,15,SUCCESS,0
2026-01-29 15:05:00,2026-01-29 15:20:00,500.4,549.4,98.7,15,SUCCESS,0
2026-01-29 15:10:00,2026-01-29 15:25:00,503.3,508.3,98.7,15,SUCCESS,0
2026-01-29 15:15:00,2026-01-29 15:30:00,490.4,491.1,99.9,15,SUCCESS,0
2026-01-29 15:20:00,2026-01-29 15:35:00,599.0,480.5,95.5,15,SUCCESS,0
2026-01-29 15:25:00,2026-01-29 15:40:00,492.3,467.0,99.6,15,SUCCESS,0
2026-01-29 15:30:00,2026-01-29 15:45:00,493.0,478.5,99.8,15,SUCCESS,0
2026-01-29 15:35:00,2026-01-29 15:50:00,684.3,494.2,95.3,15,SUCCESS,0
2026-01-29 15:40:00,2026-01-29 15:55:00,506.2,512.3,98.6,15,SUCCESS,0
2026-01-29 15:45:00,2026-01-29 16:00:00,500.9,506.1,98.7,15,SUCCESS,0
2026-01-29 15:50:00,2026-01-29 16:05:00,588.6,490.8,96.9,15,SUCCESS,0
2026-01-29 15:55:00,2026-01-29 16:10:00,490.7,480.6,99.9,15,SUCCESS,0
2026-01-29 16:00:00,2026-01-29 16:15:00,483.1,487.4,99.9,15,SUCCESS,0
2026-01-29 16:05:00,2026-01-29 16:20:00,483.2,473.3,99.9,15,SUCCESS,0
2026-01-29 16:10:00,2026-01-29 16:25:00,485.4,504.5,99.8,15,SUCCESS,0
2026-01-29 16:15:00,2026-01-29 16:30:00,494.5,473.4,98.7,15,SUCCESS,0
2026-01-29 16:20:00,2026-01-29 16:35:00,494.2,472.3,98.7,15,SUCCESS,0
2026-01-29 16:25:00,2026-01-29 16:40:00,481.0,437.7,99.9,15,SUCCESS,0
2026-01-29 16:30:00,2026-01-29 16:45:00,480.3,465.1,99.9,15,SUCCESS,0
2026-01-29 16:35:00,2026-01-29 16:50:00,478.2,477.6,99.9,15,SUCCESS,0
2026-01-29 16:40:00,2026-01-29 16:55:00,462.5,446.0,99.9,15,SUCCESS,0
2026-01-29 16:45:00,2026-01-29 17:00:00,468.6,447.6,99.9,15,SUCCESS,0
2026-01-29 16:50:00,2026-01-29 17:05:00,474.5,467.5,99.9,15,SUCCESS,0
2026-01-29 16:55:00,2026-01-29 17:10:00,456.9,430.1,99.8,15,SUCCESS,0
2026-01-29 17:00:00,2026-01-29 17:15:00,440.1,464.7,99.9,15,SUCCESS,0
2026-01-29 17:05:00,2026-01-29 17:20:00,461.4,437.3,99.8,15,SUCCESS,0
2026-01-29 17:10:00,2026-01-29 17:25:00,443.6,435.8,99.8,15,SUCCESS,0
2026-01-29 17:15:00,2026-01-29 17:30:00,459.0,421.0,99.8,15,SUCCESS,0
2026-01-29 17:20:00,2026-01-29 17:35:00,444.5,439.8,99.8,15,SUCCESS,0
2026-01-29 17:25:00,2026-01-29 17:40:00,431.2,467.2,99.7,15,SUCCESS,0
2026-01-29 17:30:00,2026-01-29 17:45:00,441.1,438.1,99.2,15,SUCCESS,0
2026-01-29 17:35:00,2026-01-29 17:50:00,428.6,409.4,99.9,15,SUCCESS,0
2026-01-29 17:40:00,2026-01-29 17:55:00,458.1,435.3,99.8,15,SUCCESS,0
2026-01-29 17:45:00,2026-01-29 18:00:00,440.5,409.4,99.8,15,SUCCESS,0
2026-01-29 17:50:00,2026-01-29 18:05:00,419.0,430.7,99.9,15,SUCCESS,0
2026-01-29 17:55:00,2026-01-29 18:10:00,441.7,417.9,99.3,15,SUCCESS,0
2026-01-29 18:00:00,2026-01-29 18:15:00,408.9,357.5,99.9,15,SUCCESS,0
2026-01-29 18:05:00,2026-01-29 18:20:00,430.4,382.3,98.8,15,SUCCESS,0
2026-01-29 18:10:00,2026-01-29 18:25:00,408.9,407.2,99.8,15,SUCCESS,0
2026-01-29 18:15:00,2026-01-29 18:30:00,366.6,391.0,99.8,15,SUCCESS,0
2026-01-29 18:20:00,2026-01-29 18:35:00,378.9,369.0,99.4,15,SUCCESS,0
2026-01-29 18:25:00,2026-01-29 18:40:00,390.9,370.4,99.8,15,SUCCESS,0
2026-01-29 18:30:00,2026-01-29 18:45:00,382.9,346.9,99.2,15,SUCCESS,0
2026-01-29 18:35:00,2026-01-29 18:50:00,372.0,369.8,99.9,15,SUCCESS,0
2026-01-29 18:40:00,2026-01-29 18:55:00,366.6,399.9,99.9,15,SUCCESS,0
2026-01-29 18:45:00,2026-01-29 19:00:00,345.5,374.4,99.8,15,SUCCESS,0
2026-01-29 18:50:00,2026-01-29 19:05:00,358.9,390.7,99.9,15,SUCCESS,0
2026-01-29 18:55:00,2026-01-29 19:10:00,401.8,366.7,98.4,15,SUCCESS,0
2026-01-29 19:00:00,2026-01-29 19:15:00,348.5,364.4,99.9,15,SUCCESS,0
2026-01-29 19:05:00,2026-01-29 19:20:00,349.0,374.2,99.9,15,SUCCESS,0
2026-01-29 19:10:00,2026-01-29 19:25:00,345.7,345.9,99.9,15,SUCCESS,0
2026-01-29 19:15:00,2026-01-29 19:30:00,344.3,333.1,99.9,15,SUCCESS,0
2026-01-29 19:20:00,2026-01-29 19:35:00,346.3,347.0,99.9,15,SUCCESS,0
2026-01-29 19:25:00,2026-01-29 19:40:00,337.0,349.0,99.9,15,SUCCESS,0
2026-01-29 19:30:00,2026-01-29 19:45:00,326.6,315.7,99.9,15,SUCCESS,0
2026-01-29 19:35:00,2026-01-29 19:50:00,330.3,307.8,99.9,15,SUCCESS,0
2026-01-29 19:40:00,2026-01-29 19:55:00,322.6,316.5,99.9,15,SUCCESS,0
2026-01-29 19:45:00,2026-01-29 20:00:00,317.0,322.7,99.9,15,SUCCESS,0
2026-01-29 19:50:00,2026-01-29 20:05:00,314.3,318.1,99.9,15,SUCCESS,0
2026-01-29 19:55:00,2026-01-29 20:10:00,312.9,280.6,99.9,15,SUCCESS,0
2026-01-29 20:00:00,2026-01-29 20:15:00,307.0,326.6,99.9,15,SUCCESS,0
2026-01-29 20:05:00,2026-01-29 20:20:00,307.7,284.3,99.9,15,SUCCESS,0
2026-01-29 20:10:00,2026-01-29 20:25:00,291.8,285.9,99.9,15,SUCCESS,0
2026-01-29 20:15:00,2026-01-29 20:30:00,299.6,272.5,99.8,15,SUCCESS,0
2026-01-29 20:20:00,2026-01-29 20:35:00,284.4,322.6,99.9,15,SUCCESS,0
2026-01-29 20:25:00,2026-01-29 20:40:00,280.5,281.9,99.9,15,SUCCESS,0
2026-01-29 20:30:00,2026-01-29 20:45:00,271.4,261.8,99.9,15,SUCCESS,0
2026-01-29 20:35:00,2026-01-29 20:50:00,289.7,283.8,99.8,15,SUCCESS,0
2026-01-29 20:40:00,2026-01-29 20:55:00,269.5,278.7,99.8,15,SUCCESS,0
2026-01-29 20:45:00,2026-01-29 21:00:00,266.2,260.8,99.9,15,SUCCESS,0
2026-01-29 20:50:00,2026-01-29 21:05:00,258.8,272.7,99.9,15,SUCCESS,0
2026-01-29 20:55:00,2026-01-29 21:10:00,262.2,244.3,99.9,15,SUCCESS,0
2026-01-29 21:00:00,2026-01-29 21:15:00,252.3,245.9,99.9,15,SUCCESS,0
2026-01-29 21:05:00,2026-01-29 21:20:00,260.3,219.8,99.9,15,SUCCESS,0
2026-01-29 21:10:00,2026-01-29 21:25:00,246.8,226.8,99.9,15,SUCCESS,0
2026-01-29 21:15:00,2026-01-29 21:30:00,245.8,270.6,99.9,15,SUCCESS,0
2026-01-29 21:20:00,2026-01-29 21:35:00,232.8,265.0,99.9,15,SUCCESS,0
2026-01-29 21:25:00,2026-01-29 21:40:00,225.6,238.3,99.9,15,SUCCESS,0
2026-01-29 21:30:00,2026-01-29 21:45:00,237.0,259.2,99.9,15,SUCCESS,0
2026-01-29 21:35:00,2026-01-29 21:50:00,235.2,228.9,99.9,15,SUCCESS,0
2026-01-29 21:40:00,2026-01-29 21:55:00,233.7,224.8,99.9,15,SUCCESS,0
2026-01-29 21:45:00,2026-01-29 22:00:00,227.4,226.5,99.9,15,SUCCESS,0
2026-01-29 21:50:00,2026-01-29 22:05:00,231.0,221.1,99.9,15,SUCCESS,0
2026-01-29 21:55:00,2026-01-29 22:10:00,225.1,217.1,99.9,15,SUCCESS,0
2026-01-29 22:00:00,2026-01-29 22:15:00,212.4,234.9,99.9,15,SUCCESS,0
2026-01-29 22:05:00,2026-01-29 22:20:00,210.2,217.4,99.9,15,SUCCESS,0
2026-01-29 22:10:00,2026-01-29 22:25:00,207.3,223.4,99.9,15,SUCCESS,0
2026-01-29 22:15:00,2026-01-29 22:30:00,208.2,225.8,99.9,15,SUCCESS,0
2026-01-29 22:20:00,2026-01-29 22:35:00,207.3,213.8,99.9,15,SUCCESS,0
2026-01-29 22:25:00,2026-01-29 22:40:00,210.5,191.2,99.6,15,SUCCESS,0
2026-01-29 22:30:00,2026-01-29 22:45:00,205.6,183.3,99.9,15,SUCCESS,0
2026-01-29 22:35:00,2026-01-29 22:50:00,204.8,203.7,99.9,15,SUCCESS,0
2026-01-29 22:40:00,2026-01-29 22:55:00,202.6,196.8,99.9,15,SUCCESS,0
2026-01-29 22:45:00,2026-01-29 23:00:00,188.4,198.7,99.9,15,SUCCESS,0
2026-01-29 22:50:00,2026-01-29 23:05:00,204.3,195.2,99.6,15,SUCCESS,0
2026-01-29 22:55:00,2026-01-29 23:10:00,199.6,232.3,99.9,15,SUCCESS,0
2026-01-29 23:00:00,2026-01-29 23:15:00,303.5,171.8,97.7,15,SUCCESS,0
2026-01-29 23:05:00,2026-01-29 23:20:00,206.8,160.1,99.1,15,SUCCESS,0
2026-01-29 23:10:00,2026-01-29 23:25:00,217.7,193.2,98.5,15,SUCCESS,0
2026-01-29 23:15:00,2026-01-29 23:30:00,182.9,181.0,99.9,15,SUCCESS,0
2026-01-29 23:20:00,2026-01-29 23:35:00,177.8,189.8,99.9,15,SUCCESS,0
2026-01-29 23:25:00,2026-01-29 23:40:00,188.9,192.2,99.9,15,SUCCESS,0
2026-01-29 23:30:00,2026-01-29 23:45:00,172.8,201.2,99.8,15,SUCCESS,0
2026-01-29 23:35:00,2026-01-29 23:50:00,167.3,157.9,99.7,15,SUCCESS,0
2026-01-29 23:40:00,2026-01-29 23:55:00,170.3,170.8,99.6,15,SUCCESS,0
2026-01-29 23:45:00,2026-01-30 00:00:00,163.6,156.7,99.2,15,SUCCESS,0
2026-01-29 23:50:00,2026-01-30 00:05:00,165.8,161.9,99.9,15,SUCCESS,0
2026-01-29 23:55:00,2026-01-30 00:10:00,164.0,183.3,99.9,15,SUCCESS,0
2026-01-30 00:00:00,2026-01-30 00:15:00,152.4,164.7,99.9,15,SUCCESS,0
2026-01-30 00:05:00,2026-01-30 00:20:00,153.3,149.6,99.9,15,SUCCESS,0
2026-01-30 00:10:00,2026-01-30 00:25:00,154.8,137.1,99.9,15,SUCCESS,0
2026-01-30 00:15:00,2026-01-30 00:30:00,153.6,142.0,99.9,15,SUCCESS,0
2026-01-30 00:20:00,2026-01-30 00:35:00,152.9,141.6,100.0,15,SUCCESS,0
2026-01-30 00:25:00,2026-01-30 00:40:00,153.3,160.4,99.9,15,SUCCESS,0
2026-01-30 00:30:00,2026-01-30 00:45:00,154.0,154.5,100.0,15,SUCCESS,0
2026-01-30 00:35:00,2026-01-30 00:50:00,154.3,130.8,100.0,15,SUCCESS,0
2026-01-30 00:40:00,2026-01-30 00:55:00,154.7,144.2,100.0,15,SUCCESS,0
2026-01-30 00:45:00,2026-01-30 01:00:00,154.5,163.9,100.0,15,SUCCESS,0
2026-01-30 00:50:00,2026-01-30 01:05:00,154.3,156.1,100.0,15,SUCCESS,0
2026-01-30 00:55:00,2026-01-30 01:10:00,153.9,159.4,100.0,15,SUCCESS,0
2026-01-30 01:00:00,2026-01-30 01:15:00,154.0,156.7,100.0,15,SUCCESS,0
2026-01-30 01:05:00,2026-01-30 01:20:00,153.5,175.4,100.0,15,SUCCESS,0
2026-01-30 01:10:00,2026-01-30 01:25:00,154.6,154.6,100.0,15,SUCCESS,0
2026-01-30 01:15:00,2026-01-30 01:30:00,154.6,145.4,100.0,15,SUCCESS,0
2026-01-30 01:20:00,2026-01-30 01:35:00,153.9,137.5,100.0,15,SUCCESS,0
2026-01-30 01:25:00,2026-01-30 01:40:00,153.3,155.1,100.0,15,SUCCESS,0
2026-01-30 01:30:00,2026-01-30 01:45:00,153.6,114.8,100.0,15,SUCCESS,0
2026-01-30 01:35:00,2026-01-30 01:50:00,154.1,148.8,100.0,15,SUCCESS,0
2026-01-30 01:40:00,2026-01-30 01:55:00,154.5,148.6,100.0,15,SUCCESS,0
2026-01-30 01:45:00,2026-01-30 02:00:00,153.8,131.3,100.0,15,SUCCESS,0
2026-01-30 01:50:00,2026-01-30 02:05:00,154.4,138.0,100.0,15,SUCCESS,0
2026-01-30 01:55:00,2026-01-30 02:10:00,154.4,164.2,100.0,15,SUCCESS,0
2026-01-30 02:00:00,2026-01-30 02:15:00,154.4,155.6,100.0,15,SUCCESS,0
2026-01-30 02:05:00,2026-01-30 02:20:00,153.6,153.9,100.0,15,SUCCESS,0
2026-01-30 02:10:00,2026-01-30 02:25:00,154.2,157.1,100.0,15,SUCCESS,0
2026-01-30 02:15:00,2026-01-30 02:30:00,157.6,154.0,99.7,15,SUCCESS,0
2026-01-30 02:20:00,2026-01-30 02:35:00,154.5,171.5,100.0,15,SUCCESS,0
2026-01-30 02:25:00,2026-01-30 02:40:00,154.6,154.9,100.0,15,SUCCESS,0
2026-01-30 02:30:00,2026-01-30 02:45:00,154.0,131.3,100.0,15,SUCCESS,0
2026-01-30 02:35:00,2026-01-30 02:50:00,154.3,177.9,100.0,15,SUCCESS,0
2026-01-30 02:40:00,2026-01-30 02:55:00,153.2,159.2,100.0,15,SUCCESS,0
2026-01-30 02:45:00,2026-01-30 03:00:00,153.9,145.0,100.0,15,SUCCESS,0
2026-01-30 02:50:00,2026-01-30 03:05:00,158.0,135.3,99.6,15,SUCCESS,0
2026-01-30 02:55:00,2026-01-30 03:10:00,153.2,160.3,100.0,15,SUCCESS,0
2026-01-30 03:00:00,2026-01-30 03:15:00,155.4,152.9,100.0,15,SUCCESS,0
2026-01-30 03:05:00,2026-01-30 03:20:00,156.0,178.6,100.0,15,SUCCESS,0
2026-01-30 03:10:00,2026-01-30 03:25:00,155.8,150.1,100.0,15,SUCCESS,0
2026-01-30 03:15:00,2026-01-30 03:30:00,155.2,143.1,100.0,15,SUCCESS,0
2026-01-30 03:20:00,2026-01-30 03:35:00,159.6,169.4,99.5,15,SUCCESS,0
2026-01-30 03:25:00,2026-01-30 03:40:00,155.5,170.2,100.0,15,SUCCESS,0
2026-01-30 03:30:00,2026-01-30 03:45:00,155.5,159.2,100.0,15,SUCCESS,0
2026-01-30 03:35:00,2026-01-30 03:50:00,155.5,167.3,100.0,15,SUCCESS,0
2026-01-30 03:40:00,2026-01-30 03:55:00,155.5,157.0,100.0,15,SUCCESS,0
2026-01-30 03:45:00,2026-01-30 04:00:00,155.2,161.5,100.0,15,SUCCESS,0
2026-01-30 03:50:00,2026-01-30 04:05:00,154.8,175.9,100.0,15,SUCCESS,0
2026-01-30 03:55:00,2026-01-30 04:10:00,155.6,168.3,100.0,15,SUCCESS,0
2026-01-30 04:00:00,2026-01-30 04:15:00,176.3,156.9,99.5,15,SUCCESS,0
2026-01-30 04:05:00,2026-01-30 04:20:00,219.8,180.3,98.2,15,SUCCESS,0
2026-01-30 04:10:00,2026-01-30 04:25:00,214.0,125.1,98.3,15,SUCCESS,0
2026-01-30 04:15:00,2026-01-30 04:30:00,200.4,191.9,98.7,15,SUCCESS,0
2026-01-30 04:20:00,2026-01-30 04:35:00,207.2,136.2,98.5,15,SUCCESS,0
2026-01-30 04:25:00,2026-01-30 04:40:00,244.0,153.0,97.7,15,SUCCESS,0
2026-01-30 04:30:00,2026-01-30 04:45:00,189.8,162.5,98.8,15,SUCCESS,0
2026-01-30 04:35:00,2026-01-30 04:50:00,196.5,161.6,98.9,15,SUCCESS,0
2026-01-30 04:40:00,2026-01-30 04:55:00,163.8,179.7,99.9,15,SUCCESS,0
2026-01-30 04:45:00,2026-01-30 05:00:00,164.3,149.5,99.9,15,SUCCESS,0
2026-01-30 04:50:00,2026-01-30 05:05:00,163.6,170.1,99.9,15,SUCCESS,0
2026-01-30 04:55:00,2026-01-30 05:10:00,163.8,158.4,99.9,15,SUCCESS,0
2026-01-30 05:00:00,2026-01-30 05:15:00,176.7,172.4,99.8,15,SUCCESS,0
2026-01-30 05:05:00,2026-01-30 05:20:00,163.8,167.9,100.0,15,SUCCESS,0
2026-01-30 05:10:00,2026-01-30 05:25:00,174.1,171.2,99.9,15,SUCCESS,0
2026-01-30 05:15:00,2026-01-30 05:30:00,172.6,162.6,99.9,15,SUCCESS,0
2026-01-30 05:20:00,2026-01-30 05:35:00,175.8,164.3,99.9,15,SUCCESS,0
2026-01-30 05:25:00,2026-01-30 05:40:00,218.7,177.3,97.8,15,SUCCESS,0
2026-01-30 05:30:00,2026-01-30 05:45:00,176.4,188.3,99.9,15,SUCCESS,0
2026-01-30 05:35:00,2026-01-30 05:50:00,176.7,166.4,99.9,15,SUCCESS,0
2026-01-30 05:40:00,2026-01-30 05:55:00,176.4,163.5,99.9,15,SUCCESS,0
2026-01-30 05:45:00,2026-01-30 06:00:00,178.6,187.0,99.9,15,SUCCESS,0
2026-01-30 05:50:00,2026-01-30 06:05:00,186.3,178.7,99.8,15,SUCCESS,0
2026-01-30 05:55:00,2026-01-30 06:10:00,183.5,193.0,99.9,15,SUCCESS,0
2026-01-30 06:00:00,2026-01-30 06:15:00,188.5,168.4,99.6,15,SUCCESS,0
2026-01-30 06:05:00,2026-01-30 06:20:00,188.1,156.8,99.8,15,SUCCESS,0
2026-01-30 06:10:00,2026-01-30 06:25:00,182.3,177.0,99.9,15,SUCCESS,0
2026-01-30 06:15:00,2026-01-30 06:30:00,188.7,175.1,99.9,15,SUCCESS,0
2026-01-30 06:20:00,2026-01-30 06:35:00,183.7,187.1,99.9,15,SUCCESS,0
2026-01-30 06:25:00,2026-01-30 06:40:00,186.5,180.4,99.9,15,SUCCESS,0
2026-01-30 06:30:00,2026-01-30 06:45:00,185.6,202.8,99.9,15,SUCCESS,0
2026-01-30 06:35:00,2026-01-30 06:50:00,188.9,189.2,99.9,15,SUCCESS,0
2026-01-30 06:40:00,2026-01-30 06:55:00,188.4,197.7,99.9,15,SUCCESS,0
2026-01-30 06:45:00,2026-01-30 07:00:00,197.9,199.7,99.3,15,SUCCESS,0
2026-01-30 06:50:00,2026-01-30 07:05:00,213.8,202.3,98.9,15,SUCCESS,0
2026-01-30 06:55:00,2026-01-30 07:10:00,220.6,201.1,98.9,15,SUCCESS,0
2026-01-30 07:00:00,2026-01-30 07:15:00,214.4,211.2,99.1,15,SUCCESS,0
2026-01-30 07:05:00,2026-01-30 07:20:00,217.8,193.8,99.0,15,SUCCESS,0
2026-01-30 07:10:00,2026-01-30 07:25:00,213.5,229.0,99.9,15,SUCCESS,0
2026-01-30 07:15:00,2026-01-30 07:30:00,218.3,206.8,99.9,15,SUCCESS,0
2026-01-30 07:20:00,2026-01-30 07:35:00,215.3,193.1,99.8,15,SUCCESS,0
2026-01-30 07:25:00,2026-01-30 07:40:00,218.0,218.0,99.9,15,SUCCESS,0
2026-01-30 07:30:00,2026-01-30 07:45:00,229.6,205.0,99.7,15,SUCCESS,0
2026-01-30 07:35:00,2026-01-30 07:50:00,227.5,230.3,99.6,15,SUCCESS,0
2026-01-30 07:40:00,2026-01-30 07:55:00,239.3,256.1,98.9,15,SUCCESS,0
2026-01-30 07:45:00,2026-01-30 08:00:00,225.6,213.9,99.9,15,SUCCESS,0
2026-01-30 07:50:00,2026-01-30 08:05:00,224.3,233.5,99.9,15,SUCCESS,0
2026-01-30 07:55:00,2026-01-30 08:10:00,241.2,205.0,99.8,15,SUCCESS,0
2026-01-30 08:00:00,2026-01-30 08:15:00,234.3,241.1,99.9,15,SUCCESS,0
2026-01-30 08:05:00,2026-01-30 08:20:00,231.5,224.0,99.9,15,SUCCESS,0
2026-01-30 08:10:00,2026-01-30 08:25:00,232.7,231.0,99.9,15,SUCCESS,0
2026-01-30 08:15:00,2026-01-30 08:30:00,241.0,226.9,99.9,15,SUCCESS,0
2026-01-30 08:20:00,2026-01-30 08:35:00,237.3,257.6,99.9,15,SUCCESS,0
2026-01-30 08:25:00,2026-01-30 08:40:00,232.0,265.0,99.8,15,SUCCESS,0
2026-01-30 08:30:00,2026-01-30 08:45:00,235.0,253.6,99.9,15,SUCCESS,0
2026-01-30 08:35:00,2026-01-30 08:50:00,252.6,243.7,99.9,15,SUCCESS,0
2026-01-30 08:40:00,2026-01-30 08:55:00,262.8,284.0,99.9,15,SUCCESS,0
2026-01-30 08:45:00,2026-01-30 09:00:00,262.8,252.4,99.9,15,SUCCESS,0
2026-01-30 08:50:00,2026-01-30 09:05:00,258.4,234.8,99.9,15,SUCCESS,0
2026-01-30 08:55:00,2026-01-30 09:10:00,270.9,277.7,99.9,15,SUCCESS,0
2026-01-30 09:00:00,2026-01-30 09:15:00,268.9,258.0,99.9,15,SUCCESS,0
2026-01-30 09:05:00,2026-01-30 09:20:00,247.1,293.1,99.8,15,SUCCESS,0
2026-01-30 09:10:00,2026-01-30 09:25:00,273.6,276.4,99.9,15,SUCCESS,0
2026-01-30 09:15:00,2026-01-30 09:30:00,273.4,295.1,99.9,15,SUCCESS,0
2026-01-30 09:20:00,2026-01-30 09:35:00,279.3,310.9,99.9,15,SUCCESS,0
2026-01-30 09:25:00,2026-01-30 09:40:00,290.8,275.8,99.9,15,SUCCESS,0
2026-01-30 09:30:00,2026-01-30 09:45:00,310.8,289.4,98.4,15,SUCCESS,0
2026-01-30 09:35:00,2026-01-30 09:50:00,305.3,300.8,99.9,15,SUCCESS,0
2026-01-30 09:40:00,2026-01-30 09:55:00,303.8,329.2,99.9,15,SUCCESS,0
2026-01-30 09:45:00,2026-01-30 10:00:00,301.1,300.4,99.9,15,SUCCESS,0
2026-01-30 09:50:00,2026-01-30 10:05:00,317.2,305.5,99.4,15,SUCCESS,0
2026-01-30 09:55:00,2026-01-30 10:10:00,322.1,325.8,99.9,15,SUCCESS,0
2026-01-30 10:00:00,2026-01-30 10:15:00,330.4,314.3,99.5,15,SUCCESS,0
2026-01-30 10:05:00,2026-01-30 10:20:00,330.9,329.5,99.4,15,SUCCESS,0
2026-01-30 10:10:00,2026-01-30 10:25:00,333.0,308.3,99.9,15,SUCCESS,0
2026-01-30 10:15:00,2026-01-30 10:30:00,349.2,369.1,98.9,15,SUCCESS,0
2026-01-30 10:20:00,2026-01-30 10:35:00,337.7,320.0,99.9,15,SUCCESS,0
2026-01-30 10:25:00,2026-01-30 10:40:00,332.5,339.8,99.9,15,SUCCESS,0
2026-01-30 10:30:00,2026-01-30 10:45:00,356.8,348.5,99.0,15,SUCCESS,0
2026-01-30 10:35:00,2026-01-30 10:50:00,343.5,382.1,99.9,15,SUCCESS,0
2026-01-30 10:40:00,2026-01-30 10:55:00,347.9,338.0,99.9,15,SUCCESS,0
2026-01-30 10:45:00,2026-01-30 11:00:00,359.8,392.0,99.9,15,SUCCESS,0
2026-01-30 10:50:00,2026-01-30 11:05:00,382.1,378.1,99.9,15,SUCCESS,0
2026-01-30 10:55:00,2026-01-30 11:10:00,360.1,377.4,99.8,15,SUCCESS,0
2026-01-30 11:00:00,2026-01-30 11:15:00,385.9,360.8,99.9,15,SUCCESS,0
2026-01-30 11:05:00,2026-01-30 11:20:00,388.5,388.5,99.9,15,SUCCESS,0
2026-01-30 11:10:00,2026-01-30 11:25:00,385.1,373.5,99.9,15,SUCCESS,0
2026-01-30 11:15:00,2026-01-30 11:30:00,387.0,407.7,99.9,15,SUCCESS,0
2026-01-30 11:20:00,2026-01-30 11:35:00,400.4,378.5,99.9,15,SUCCESS,0
2026-01-30 11:25:00,2026-01-30 11:40:00,396.8,395.6,99.9,15,SUCCESS,0
2026-01-30 11:30:00,2026-01-30 11:45:00,413.6,393.3,99.9,15,SUCCESS,0
2026-01-30 11:35:00,2026-01-30 11:50:00,405.4,391.0,99.9,15,SUCCESS,0
2026-01-30 11:40:00,2026-01-30 11:55:00,405.3,421.2,99.9,15,SUCCESS,0
2026-01-30 11:45:00,2026-01-30 12:00:00,413.0,422.2,99.9,15,SUCCESS,0
2026-01-30 11:50:00,2026-01-30 12:05:00,414.8,436.4,99.9,15,SUCCESS,0
2026-01-30 11:55:00,2026-01-30 12:10:00,427.2,395.6,99.7,15,SUCCESS,0
2026-01-30 12:00:00,2026-01-30 12:15:00,431.1,442.3,99.9,15,SUCCESS,0
2026-01-30 12:05:00,2026-01-30 12:20:00,434.1,467.8,99.9,15,SUCCESS,0
2026-01-30 12:10:00,2026-01-30 12:25:00,423.6,427.3,99.7,15,SUCCESS,0
2026-01-30 12:15:00,2026-01-30 12:30:00,438.0,466.3,99.8,15,SUCCESS,0
2026-01-30 12:20:00,2026-01-30 12:35:00,474.1,437.7,99.2,15,SUCCESS,0
2026-01-30 12:25:00,2026-01-30 12:40:00,558.4,424.7,96.8,15,SUCCESS,0
2026-01-30 12:30:00,2026-01-30 12:45:00,469.3,444.2,99.8,15,SUCCESS,0
2026-01-30 12:35:00,2026-01-30 12:50:00,462.7,468.0,99.7,15,SUCCESS,0
2026-01-30 12:40:00,2026-01-30 12:55:00,475.6,443.0,98.8,15,SUCCESS,0
2026-01-30 12:45:00,2026-01-30 13:00:00,456.1,449.9,99.3,15,SUCCESS,0
2026-01-30 12:50:00,2026-01-30 13:05:00,470.4,470.9,99.8,15,SUCCESS,0
2026-01-30 12:55:00,2026-01-30 13:10:00,463.2,465.1,99.8,15,SUCCESS,0
2026-01-30 13:00:00,2026-01-30 13:15:00,449.8,476.8,99.8,15,SUCCESS,0
2026-01-30 13:05:00,2026-01-30 13:20:00,473.8,474.5,99.9,15,SUCCESS,0
2026-01-30 13:10:00,2026-01-30 13:25:00,479.3,480.8,99.9,15,SUCCESS,0
2026-01-30 13:15:00,2026-01-30 13:30:00,480.3,469.8,99.9,15,SUCCESS,0
2026-01-30 13:20:00,2026-01-30 13:35:00,480.6,482.2,99.9,15,SUCCESS,0
2026-01-30 13:25:00,2026-01-30 13:40:00,481.5,467.2,99.9,15,SUCCESS,0
2026-01-30 13:30:00,2026-01-30 13:45:00,481.2,502.6,99.9,15,SUCCESS,0
2026-01-30 13:35:00,2026-01-30 13:50:00,482.5,475.9,99.9,15,SUCCESS,0
2026-01-30 13:40:00,2026-01-30 13:55:00,481.5,504.3,99.9,15,SUCCESS,0
2026-01-30 13:45:00,2026-01-30 14:00:00,483.6,485.7,99.9,15,SUCCESS,0
2026-01-30 13:50:00,2026-01-30 14:05:00,483.3,494.0,99.9,15,SUCCESS,0
2026-01-30 13:55:00,2026-01-30 14:10:00,484.3,485.1,99.9,15,SUCCESS,1
2026-01-30 14:00:00,2026-01-30 14:15:00,485.7,2224.3,99.9,15,SUCCESS,1
2026-01-30 14:05:00,2026-01-30 14:20:00,485.8,3431.5,99.9,15,SUCCESS,1
2026-01-30 14:10:00,2026-01-30 14:25:00,487.3,3984.9,99.9,15,SUCCESS,1
2026-01-30 14:15:00,2026-01-30 14:30:00,2289.3,3602.8,95.0,15,SUCCESS,1
2026-01-30 14:20:00,2026-01-30 14:35:00,1340.4,10828.6,95.0,15,SUCCESS,1
2026-01-30 14:25:00,2026-01-30 14:40:00,984.6,3548.1,94.7,15,SUCCESS,1
2026-01-30 14:30:00,2026-01-30 14:45:00,520.3,3400.9,98.1,15,SUCCESS,1
2026-01-30 14:35:00,2026-01-30 14:50:00,520.3,2261.4,98.1,15,SUCCESS,1
2026-01-30 14:40:00,2026-01-30 14:55:00,520.9,478.3,98.1,15,SUCCESS,0
2026-01-30 14:45:00,2026-01-30 15:00:00,552.2,507.2,98.1,15,SUCCESS,0
2026-01-30 14:50:00,2026-01-30 15:05:00,536.0,520.7,98.5,15,SUCCESS,0
2026-01-30 14:55:00,2026-01-30 15:10:00,455.4,518.7,98.6,15,SUCCESS,0
2026-01-30 15:00:00,2026-01-30 15:15:00,567.1,510.0,97.0,15,SUCCESS,0
2026-01-30 15:05:00,2026-01-30 15:20:00,513.5,508.4,98.0,15,SUCCESS,0
2026-01-30 15:10:00,2026-01-30 15:25:00,559.1,523.6,97.7,15,SUCCESS,0
2026-01-30 15:15:00,2026-01-30 15:30:00,572.8,502.3,97.4,15,SUCCESS,0
2026-01-30 15:20:00,2026-01-30 15:35:00,576.7,506.0,97.4,15,SUCCESS,0
2026-01-30 15:25:00,2026-01-30 15:40:00,524.8,490.4,98.1,15,SUCCESS,0
2026-01-30 15:30:00,2026-01-30 15:45:00,743.2,473.5,95.8,15,SUCCESS,0
2026-01-30 15:35:00,2026-01-30 15:50:00,712.2,482.2,96.4,15,SUCCESS,0
2026-01-30 15:40:00,2026-01-30 15:55:00,510.7,490.8,99.0,15,SUCCESS,0
2026-01-30 15:45:00,2026-01-30 16:00:00,506.4,490.1,99.1,15,SUCCESS,0
2026-01-30 15:50:00,2026-01-30 16:05:00,493.2,516.3,99.6,15,SUCCESS,0
2026-01-30 15:55:00,2026-01-30 16:10:00,500.9,486.6,99.6,15,SUCCESS,0
2026-01-30 16:00:00,2026-01-30 16:15:00,481.7,501.0,99.9,15,SUCCESS,0
2026-01-30 16:05:00,2026-01-30 16:20:00,512.2,474.6,97.6,15,SUCCESS,0
2026-01-30 16:10:00,2026-01-30 16:25:00,482.5,474.0,99.9,15,SUCCESS,0
2026-01-30 16:15:00,2026-01-30 16:30:00,493.6,456.3,98.8,15,SUCCESS,0
2026-01-30 16:20:00,2026-01-30 16:35:00,483.6,462.5,99.9,15,SUCCESS,0
2026-01-30 16:25:00,2026-01-30 16:40:00,480.7,478.8,99.9,15,SUCCESS,0
2026-01-30 16:30:00,2026-01-30 16:45:00,477.2,468.2,99.9,15,SUCCESS,0
2026-01-30 16:35:00,2026-01-30 16:50:00,476.2,479.2,99.9,15,SUCCESS,0
2026-01-30 16:40:00,2026-01-30 16:55:00,475.2,464.8,99.9,15,SUCCESS,0
2026-01-30 16:45:00,2026-01-30 17:00:00,473.9,453.6,99.9,15,SUCCESS,0
2026-01-30 16:50:00,2026-01-30 17:05:00,473.9,487.8,99.9,15,SUCCESS,0
2026-01-30 16:55:00,2026-01-30 17:10:00,473.3,450.8,99.9,15,SUCCESS,0
2026-01-30 17:00:00,2026-01-30 17:15:00,460.3,466.2,99.8,15,SUCCESS,0
2026-01-30 17:05:00,2026-01-30 17:20:00,468.0,439.2,99.8,15,SUCCESS,0
2026-01-30 17:10:00,2026-01-30 17:25:00,449.6,452.3,99.8,15,SUCCESS,0
2026-01-30 17:15:00,2026-01-30 17:30:00,462.2,451.8,99.8,15,SUCCESS,0
2026-01-30 17:20:00,2026-01-30 17:35:00,446.2,437.2,99.9,15,SUCCESS,0
2026-01-30 17:25:00,2026-01-30 17:40:00,453.4,394.9,99.8,15,SUCCESS,0
2026-01-30 17:30:00,2026-01-30 17:45:00,457.1,426.6,99.8,15,SUCCESS,0
2026-01-30 17:35:00,2026-01-30 17:50:00,441.4,440.8,99.8,15,SUCCESS,0
2026-01-30 17:40:00,2026-01-30 17:55:00,416.3,426.2,99.9,15,SUCCESS,0
2026-01-30 17:45:00,2026-01-30 18:00:00,517.2,420.9,97.9,15,SUCCESS,0
2026-01-30 17:50:00,2026-01-30 18:05:00,428.3,384.2,99.9,15,SUCCESS,0
2026-01-30 17:55:00,2026-01-30 18:10:00,446.1,395.0,98.5,15,SUCCESS,0
2026-01-30 18:00:00,2026-01-30 18:15:00,446.5,407.8,98.1,15,SUCCESS,0
2026-01-30 18:05:00,2026-01-30 18:20:00,388.4,403.5,99.9,15,SUCCESS,0
2026-01-30 18:10:00,2026-01-30 18:25:00,402.9,411.2,99.1,15,SUCCESS,0
2026-01-30 18:15:00,2026-01-30 18:30:00,398.4,386.5,99.2,15,SUCCESS,0
2026-01-30 18:20:00,2026-01-30 18:35:00,404.7,390.4,98.8,15,SUCCESS,0
2026-01-30 18:25:00,2026-01-30 18:40:00,484.8,380.2,97.6,15,SUCCESS,0
2026-01-30 18:30:00,2026-01-30 18:45:00,456.2,360.7,97.3,15,SUCCESS,0
2026-01-30 18:35:00,2026-01-30 18:50:00,376.0,337.3,99.7,15,SUCCESS,0
2026-01-30 18:40:00,2026-01-30 18:55:00,372.7,373.2,99.9,15,SUCCESS,0
2026-01-30 18:45:00,2026-01-30 19:00:00,369.8,364.9,99.9,15,SUCCESS,0
2026-01-30 18:50:00,2026-01-30 19:05:00,331.1,348.6,99.8,15,SUCCESS,0
2026-01-30 18:55:00,2026-01-30 19:10:00,361.1,329.2,99.9,15,SUCCESS,0
2026-01-30 19:00:00,2026-01-30 19:15:00,343.8,358.5,99.9,15,SUCCESS,0
2026-01-30 19:05:00,2026-01-30 19:20:00,333.4,340.6,99.9,15,SUCCESS,0
2026-01-30 19:10:00,2026-01-30 19:25:00,325.5,348.6,99.9,15,SUCCESS,0
2026-01-30 19:15:00,2026-01-30 19:30:00,328.9,363.8,99.9,15,SUCCESS,0
2026-01-30 19:20:00,2026-01-30 19:35:00,319.9,299.4,99.9,15,SUCCESS,0
2026-01-30 19:25:00,2026-01-30 19:40:00,318.7,316.7,99.9,15,SUCCESS,0
2026-01-30 19:30:00,2026-01-30 19:45:00,325.0,319.8,99.9,15,SUCCESS,0
2026-01-30 19:35:00,2026-01-30 19:50:00,313.9,340.5,99.9,15,SUCCESS,0
2026-01-30 19:40:00,2026-01-30 19:55:00,310.1,289.9,99.9,15,SUCCESS,0
2026-01-30 19:45:00,2026-01-30 20:00:00,316.5,339.3,99.9,15,SUCCESS,0
2026-01-30 19:50:00,2026-01-30 20:05:00,366.6,308.1,97.8,15,SUCCESS,0
2026-01-30 19:55:00,2026-01-30 20:10:00,298.8,300.5,99.8,15,SUCCESS,0
2026-01-30 20:00:00,2026-01-30 20:15:00,309.2,294.9,99.8,15,SUCCESS,0
2026-01-30 20:05:00,2026-01-30 20:20:00,296.5,287.3,99.9,15,SUCCESS,0
2026-01-30 20:10:00,2026-01-30 20:25:00,365.5,305.6,97.2,15,SUCCESS,0
2026-01-30 20:15:00,2026-01-30 20:30:00,289.9,270.0,99.9,15,SUCCESS,0
2026-01-30 20:20:00,2026-01-30 20:35:00,304.3,287.3,98.3,15,SUCCESS,0
2026-01-30 20:25:00,2026-01-30 20:40:00,290.8,272.5,99.5,15,SUCCESS,0
2026-01-30 20:30:00,2026-01-30 20:45:00,282.3,263.1,99.9,15,SUCCESS,0
2026-01-30 20:35:00,2026-01-30 20:50:00,273.5,309.6,99.9,15,SUCCESS,0
2026-01-30 20:40:00,2026-01-30 20:55:00,269.3,273.5,99.9,15,SUCCESS,0
2026-01-30 20:45:00,2026-01-30 21:00:00,262.8,272.8,99.9,15,SUCCESS,0
2026-01-30 20:50:00,2026-01-30 21:05:00,270.7,277.2,99.9,15,SUCCESS,0
2026-01-30 20:55:00,2026-01-30 21:10:00,269.1,235.3,99.8,15,SUCCESS,0
2026-01-30 21:00:00,2026-01-30 21:15:00,252.7,279.5,99.9,15,SUCCESS,0
2026-01-30 21:05:00,2026-01-30 21:20:00,258.7,212.3,99.9,15,SUCCESS,0
2026-01-30 21:10:00,2026-01-30 21:25:00,235.4,235.1,99.9,15,SUCCESS,0
2026-01-30 21:15:00,2026-01-30 21:30:00,253.6,236.6,99.9,15,SUCCESS,0
2026-01-30 21:20:00,2026-01-30 21:35:00,235.2,249.1,99.9,15,SUCCESS,0
2026-01-30 21:25:00,2026-01-30 21:40:00,226.5,240.6,99.9,15,SUCCESS,0
2026-01-30 21:30:00,2026-01-30 21:45:00,229.6,231.8,99.9,15,SUCCESS,0
2026-01-30 21:35:00,2026-01-30 21:50:00,230.9,231.2,99.9,15,SUCCESS,0
2026-01-30 21:40:00,2026-01-30 21:55:00,231.9,213.8,99.9,15,SUCCESS,0
2026-01-30 21:45:00,2026-01-30 22:00:00,228.6,203.2,99.9,15,SUCCESS,0
2026-01-30 21:50:00,2026-01-30 22:05:00,225.4,233.9,99.9,15,SUCCESS,0
2026-01-30 21:55:00,2026-01-30 22:10:00,224.0,230.7,99.9,15,SUCCESS,0
2026-01-30 22:00:00,2026-01-30 22:15:00,208.8,241.5,99.9,15,SUCCESS,0
2026-01-30 22:05:00,2026-01-30 22:20:00,207.1,203.3,99.9,15,SUCCESS,0
2026-01-30 22:10:00,2026-01-30 22:25:00,207.7,223.1,99.9,15,SUCCESS,0
2026-01-30 22:15:00,2026-01-30 22:30:00,211.9,206.1,99.9,15,SUCCESS,0
2026-01-30 22:20:00,2026-01-30 22:35:00,208.5,225.9,99.9,15,SUCCESS,0
2026-01-30 22:25:00,2026-01-30 22:40:00,203.7,221.1,99.9,15,SUCCESS,0
2026-01-30 22:30:00,2026-01-30 22:45:00,203.7,206.7,99.9,15,SUCCESS,0
2026-01-30 22:35:00,2026-01-30 22:50:00,205.8,196.3,99.9,15,SUCCESS,0
2026-01-30 22:40:00,2026-01-30 22:55:00,205.6,213.8,99.9,15,SUCCESS,0
2026-01-30 22:45:00,2026-01-30 23:00:00,205.9,207.1,99.9,15,SUCCESS,0
2026-01-30 22:50:00,2026-01-30 23:05:00,208.5,185.2,99.1,15,SUCCESS,0
2026-01-30 22:55:00,2026-01-30 23:10:00,201.5,173.6,99.9,15,SUCCESS,0
2026-01-30 23:00:00,2026-01-30 23:15:00,199.2,187.4,99.9,15,SUCCESS,0
2026-01-30 23:05:00,2026-01-30 23:20:00,186.0,212.7,99.9,15,SUCCESS,0
2026-01-30 23:10:00,2026-01-30 23:25:00,181.5,205.4,99.9,15,SUCCESS,0
2026-01-30 23:15:00,2026-01-30 23:30:00,192.3,169.9,99.8,15,SUCCESS,0
2026-01-30 23:20:00,2026-01-30 23:35:00,184.9,167.5,99.9,15,SUCCESS,0
2026-01-30 23:25:00,2026-01-30 23:40:00,257.7,202.6,97.8,15,SUCCESS,0
2026-01-30 23:30:00,2026-01-30 23:45:00,182.4,165.0,99.9,15,SUCCESS,0
2026-01-30 23:35:00,2026-01-30 23:50:00,171.2,188.2,99.8,15,SUCCESS,0
2026-01-30 23:40:00,2026-01-30 23:55:00,167.6,169.9,99.7,15,SUCCESS,0
